"X:/Unreal Projects/Momentum/Momentum/Content/UI/SkyePortrait.uasset" 0
"X:/Unreal Projects/Momentum/Momentum/Content/UI/SkyePortrait.uexp" 1
"../../../Engine/Content/EngineResources/Black_Low.uasset" 2
"../../../Engine/Content/EngineResources/Black_Low.uexp" 3
"../../../Engine/Content/EditorBlueprintResources/StandardMacros.uasset" 4
"../../../Engine/Content/EditorBlueprintResources/StandardMacros.uexp" 5
"X:/Unreal Projects/Momentum/Momentum/Content/UI/Levels/ScreenFadeOut.uasset" 6
"X:/Unreal Projects/Momentum/Momentum/Content/UI/Levels/ScreenFadeOut.uexp" 7
"X:/Unreal Projects/Momentum/Momentum/Content/SkaterArt/Experimental/SkyeSkeletalMesh2_PhysicsAsset.uasset" 8
"X:/Unreal Projects/Momentum/Momentum/Content/SkaterArt/Experimental/SkyeSkeletalMesh2_PhysicsAsset.uexp" 9
"X:/Unreal Projects/Momentum/Momentum/Content/StylizedRenderingSystem/Textures/Patterns/T_SRS_P_NoPattern.uasset" 10
"X:/Unreal Projects/Momentum/Momentum/Content/StylizedRenderingSystem/Textures/Patterns/T_SRS_P_NoPattern.uexp" 11
"../../../Engine/Content/Functions/Engine_MaterialFunctions02/ExampleContent/DebugNumberStrip.uasset" 12
"../../../Engine/Content/Functions/Engine_MaterialFunctions02/ExampleContent/DebugNumberStrip.uexp" 13
"../../../Engine/Content/EngineMaterials/FlatNormal.uasset" 14
"../../../Engine/Content/EngineMaterials/FlatNormal.uexp" 15
"../../../Engine/Content/EngineDebugMaterials/T_1x1_Grid.uasset" 16
"../../../Engine/Content/EngineDebugMaterials/T_1x1_Grid.uexp" 17
"../../../Engine/Content/EngineDebugMaterials/T_1x1_Grid.ubulk" 18
"X:/Unreal Projects/Momentum/Momentum/Content/StylizedRenderingSystem/MaterialFunctions/Utility/SRS_NormalStrength.uasset" 19
"X:/Unreal Projects/Momentum/Momentum/Content/StylizedRenderingSystem/MaterialFunctions/Utility/SRS_NormalStrength.uexp" 20
"../../../Engine/Content/Functions/Engine_MaterialFunctions01/Shading/MetallicShading.uasset" 21
"../../../Engine/Content/Functions/Engine_MaterialFunctions01/Shading/MetallicShading.uexp" 22
"X:/Unreal Projects/Momentum/Momentum/Content/StylizedRenderingSystem/MaterialFunctions/Utility/SRS_MetallicShading.uasset" 23
"X:/Unreal Projects/Momentum/Momentum/Content/StylizedRenderingSystem/MaterialFunctions/Utility/SRS_MetallicShading.uexp" 24
"X:/Unreal Projects/Momentum/Momentum/Content/StylizedRenderingSystem/MaterialFunctions/SRS_AttributeConverter.uasset" 25
"X:/Unreal Projects/Momentum/Momentum/Content/StylizedRenderingSystem/MaterialFunctions/SRS_AttributeConverter.uexp" 26
"../../../Engine/Content/Functions/Engine_MaterialFunctions02/Utility/BreakOutFloat2Components.uasset" 27
"../../../Engine/Content/Functions/Engine_MaterialFunctions02/Utility/BreakOutFloat2Components.uexp" 28
"X:/Unreal Projects/Momentum/Momentum/Content/StylizedRenderingSystem/MaterialFunctions/Utility/SRS_CameraAlignedTexture.uasset" 29
"X:/Unreal Projects/Momentum/Momentum/Content/StylizedRenderingSystem/MaterialFunctions/Utility/SRS_CameraAlignedTexture.uexp" 30
"X:/Unreal Projects/Momentum/Momentum/Content/StylizedRenderingSystem/MaterialFunctions/Utility/SRS_GetBinaryDigit.uasset" 31
"X:/Unreal Projects/Momentum/Momentum/Content/StylizedRenderingSystem/MaterialFunctions/Utility/SRS_GetBinaryDigit.uexp" 32
"../../../Engine/Content/EngineMaterials/DefaultDiffuse.uasset" 33
"../../../Engine/Content/EngineMaterials/DefaultDiffuse.uexp" 34
"../../../Engine/Content/EngineMaterials/DefaultDiffuse.ubulk" 35
"../../../Engine/Content/Functions/Engine_MaterialFunctions01/Texturing/TextureCropping.uasset" 36
"../../../Engine/Content/Functions/Engine_MaterialFunctions01/Texturing/TextureCropping.uexp" 37
"../../../Engine/Content/Functions/Engine_MaterialFunctions01/Debug/DebugIntValues.uasset" 38
"../../../Engine/Content/Functions/Engine_MaterialFunctions01/Debug/DebugIntValues.uexp" 39
"../../../Engine/Content/Functions/Engine_MaterialFunctions01/Opacity/AlphaOffset.uasset" 40
"../../../Engine/Content/Functions/Engine_MaterialFunctions01/Opacity/AlphaOffset.uexp" 41
"../../../Engine/Content/Functions/Engine_MaterialFunctions01/Debug/DebugBinaryValues-Int.uasset" 42
"../../../Engine/Content/Functions/Engine_MaterialFunctions01/Debug/DebugBinaryValues-Int.uexp" 43
"X:/Unreal Projects/Momentum/Momentum/Content/StylizedRenderingSystem/MaterialFunctions/SRS_MaterialAttributes.uasset" 44
"X:/Unreal Projects/Momentum/Momentum/Content/StylizedRenderingSystem/MaterialFunctions/SRS_MaterialAttributes.uexp" 45
"X:/Unreal Projects/Momentum/Momentum/Content/StylizedRenderingSystem/Textures/Gradients/T_SRS_G_NoGradient.uasset" 46
"X:/Unreal Projects/Momentum/Momentum/Content/StylizedRenderingSystem/Textures/Gradients/T_SRS_G_NoGradient.uexp" 47
"X:/Unreal Projects/Momentum/Momentum/Content/StylizedRenderingSystem/Textures/Gradients/T_SRS_G_NoGradient.ubulk" 48
"../../../Engine/Content/Functions/Engine_MaterialFunctions02/Texturing/CustomRotator.uasset" 49
"../../../Engine/Content/Functions/Engine_MaterialFunctions02/Texturing/CustomRotator.uexp" 50
"X:/Unreal Projects/Momentum/Momentum/Content/StylizedRenderingSystem/Materials/MaterialLayers/ML_SRS_Master.uasset" 51
"X:/Unreal Projects/Momentum/Momentum/Content/StylizedRenderingSystem/Materials/MaterialLayers/ML_SRS_Master.uexp" 52
"../../../Engine/Content/EngineResources/DefaultTexture.uasset" 53
"../../../Engine/Content/EngineResources/DefaultTexture.uexp" 54
"../../../Engine/Content/EngineResources/DefaultTexture.ubulk" 55
"X:/Unreal Projects/Momentum/Momentum/Content/StylizedRenderingSystem/Materials/Master/M_SRS_MASTER.uasset" 56
"X:/Unreal Projects/Momentum/Momentum/Content/StylizedRenderingSystem/Materials/Master/M_SRS_MASTER.uexp" 57
"X:/Unreal Projects/Momentum/Momentum/Content/StylizedRenderingSystem/Materials/Master/M_SkaterGlovesSRS.uasset" 58
"X:/Unreal Projects/Momentum/Momentum/Content/StylizedRenderingSystem/Materials/Master/M_SkaterGlovesSRS.uexp" 59
"X:/Unreal Projects/Momentum/Momentum/Content/StylizedRenderingSystem/SkaterHairSRS.uasset" 60
"X:/Unreal Projects/Momentum/Momentum/Content/StylizedRenderingSystem/SkaterHairSRS.uexp" 61
"X:/Unreal Projects/Momentum/Momentum/Content/StylizedRenderingSystem/Materials/Master/M_SkaterTanktop.uasset" 62
"X:/Unreal Projects/Momentum/Momentum/Content/StylizedRenderingSystem/Materials/Master/M_SkaterTanktop.uexp" 63
"X:/Unreal Projects/Momentum/Momentum/Content/SkaterArt/Materials/SkinTexture2.uasset" 64
"X:/Unreal Projects/Momentum/Momentum/Content/SkaterArt/Materials/SkinTexture2.uexp" 65
"X:/Unreal Projects/Momentum/Momentum/Content/SkaterArt/Materials/SkinTexture2.ubulk" 66
"X:/Unreal Projects/Momentum/Momentum/Content/StylizedRenderingSystem/Materials/Master/M_SkaterSkin.uasset" 67
"X:/Unreal Projects/Momentum/Momentum/Content/StylizedRenderingSystem/Materials/Master/M_SkaterSkin.uexp" 68
"X:/Unreal Projects/Momentum/Momentum/Content/SkaterArt/Materials/SkatesMat.uasset" 69
"X:/Unreal Projects/Momentum/Momentum/Content/SkaterArt/Materials/SkatesMat.uexp" 70
"X:/Unreal Projects/Momentum/Momentum/Content/SkaterArt/Materials/SkatesMat.ubulk" 71
"X:/Unreal Projects/Momentum/Momentum/Content/StylizedRenderingSystem/Materials/Master/M_SkaterSkatesSRS.uasset" 72
"X:/Unreal Projects/Momentum/Momentum/Content/StylizedRenderingSystem/Materials/Master/M_SkaterSkatesSRS.uexp" 73
"X:/Unreal Projects/Momentum/Momentum/Content/StylizedRenderingSystem/Materials/Master/M_SkaterSkates2SRS.uasset" 74
"X:/Unreal Projects/Momentum/Momentum/Content/StylizedRenderingSystem/Materials/Master/M_SkaterSkates2SRS.uexp" 75
"X:/Unreal Projects/Momentum/Momentum/Content/StylizedRenderingSystem/Materials/Master/M_SkaterPantsSRS.uasset" 76
"X:/Unreal Projects/Momentum/Momentum/Content/StylizedRenderingSystem/Materials/Master/M_SkaterPantsSRS.uexp" 77
"X:/Unreal Projects/Momentum/Momentum/Content/SkaterArt/Materials/JacketTexture.uasset" 78
"X:/Unreal Projects/Momentum/Momentum/Content/SkaterArt/Materials/JacketTexture.uexp" 79
"X:/Unreal Projects/Momentum/Momentum/Content/SkaterArt/Materials/JacketTexture.ubulk" 80
"X:/Unreal Projects/Momentum/Momentum/Content/StylizedRenderingSystem/Materials/Master/M_SkaterJacket.uasset" 81
"X:/Unreal Projects/Momentum/Momentum/Content/StylizedRenderingSystem/Materials/Master/M_SkaterJacket.uexp" 82
"X:/Unreal Projects/Momentum/Momentum/Content/SkaterArt/Materials/MaskEmissive.uasset" 83
"X:/Unreal Projects/Momentum/Momentum/Content/SkaterArt/Materials/MaskEmissive.uexp" 84
"X:/Unreal Projects/Momentum/Momentum/Content/SkaterArt/Materials/MaskEmissive.ubulk" 85
"X:/Unreal Projects/Momentum/Momentum/Content/StylizedRenderingSystem/M_SkaterMaskSRSOG.uasset" 86
"X:/Unreal Projects/Momentum/Momentum/Content/StylizedRenderingSystem/M_SkaterMaskSRSOG.uexp" 87
"X:/Unreal Projects/Momentum/Momentum/Content/Rig/Material_004.uasset" 88
"X:/Unreal Projects/Momentum/Momentum/Content/Rig/Material_004.uexp" 89
"X:/Unreal Projects/Momentum/Momentum/Content/Rig/Material_002.uasset" 90
"X:/Unreal Projects/Momentum/Momentum/Content/Rig/Material_002.uexp" 91
"X:/Unreal Projects/Momentum/Momentum/Content/Rig/EyeTexture.uasset" 92
"X:/Unreal Projects/Momentum/Momentum/Content/Rig/EyeTexture.uexp" 93
"X:/Unreal Projects/Momentum/Momentum/Content/Rig/EyeTexture.ubulk" 94
"X:/Unreal Projects/Momentum/Momentum/Content/EyeTextureColor.uasset" 95
"X:/Unreal Projects/Momentum/Momentum/Content/EyeTextureColor.uexp" 96
"X:/Unreal Projects/Momentum/Momentum/Content/EyeTextureColor.ubulk" 97
"X:/Unreal Projects/Momentum/Momentum/Content/EyeTextureBlank.uasset" 98
"X:/Unreal Projects/Momentum/Momentum/Content/EyeTextureBlank.uexp" 99
"X:/Unreal Projects/Momentum/Momentum/Content/EyeTextureBlank.ubulk" 100
"X:/Unreal Projects/Momentum/Momentum/Content/EyeTexture.uasset" 101
"X:/Unreal Projects/Momentum/Momentum/Content/EyeTexture.uexp" 102
"X:/Unreal Projects/Momentum/Momentum/Content/EyeTexture.ubulk" 103
"X:/Unreal Projects/Momentum/Momentum/Content/Rig/Material_001.uasset" 104
"X:/Unreal Projects/Momentum/Momentum/Content/Rig/Material_001.uexp" 105
"X:/Unreal Projects/Momentum/Momentum/Content/Models/Character/GogglesTexture.uasset" 106
"X:/Unreal Projects/Momentum/Momentum/Content/Models/Character/GogglesTexture.uexp" 107
"X:/Unreal Projects/Momentum/Momentum/Content/Models/Character/GogglesTexture.ubulk" 108
"X:/Unreal Projects/Momentum/Momentum/Content/Models/Character/GogglesMaterial.uasset" 109
"X:/Unreal Projects/Momentum/Momentum/Content/Models/Character/GogglesMaterial.uexp" 110
"X:/Unreal Projects/Momentum/Momentum/Content/SkaterArt/CartoonModelUpdateNewSkates_Skeleton.uasset" 111
"X:/Unreal Projects/Momentum/Momentum/Content/SkaterArt/CartoonModelUpdateNewSkates_Skeleton.uexp" 112
"X:/Unreal Projects/Momentum/Momentum/Content/SkaterArt/Experimental/SkyeSkeletalMesh2.uasset" 113
"X:/Unreal Projects/Momentum/Momentum/Content/SkaterArt/Experimental/SkyeSkeletalMesh2.uexp" 114
"X:/Unreal Projects/Momentum/Momentum/Content/Levels/StartingPoint/StartType.uasset" 115
"X:/Unreal Projects/Momentum/Momentum/Content/Levels/StartingPoint/StartType.uexp" 116
"X:/Unreal Projects/Momentum/Momentum/Content/Levels/StartingPoint/Countdown.uasset" 117
"X:/Unreal Projects/Momentum/Momentum/Content/Levels/StartingPoint/Countdown.uexp" 118
"X:/Unreal Projects/Momentum/Momentum/Content/UI/Border.uasset" 119
"X:/Unreal Projects/Momentum/Momentum/Content/UI/Border.uexp" 120
"X:/Unreal Projects/Momentum/Momentum/Content/BoostTexture.uasset" 121
"X:/Unreal Projects/Momentum/Momentum/Content/BoostTexture.uexp" 122
"X:/Unreal Projects/Momentum/Momentum/Content/BoostTexture.ubulk" 123
"X:/Unreal Projects/Momentum/Momentum/Content/Dialog/DialogBox.uasset" 124
"X:/Unreal Projects/Momentum/Momentum/Content/Dialog/DialogBox.uexp" 125
"X:/Unreal Projects/Momentum/Momentum/Content/Experimental/SavableInterface.uasset" 126
"X:/Unreal Projects/Momentum/Momentum/Content/Experimental/SavableInterface.uexp" 127
"X:/Unreal Projects/Momentum/Momentum/Content/Experimental/LevelResultInfo.uasset" 128
"X:/Unreal Projects/Momentum/Momentum/Content/Experimental/LevelResultInfo.uexp" 129
"X:/Unreal Projects/Momentum/Momentum/Content/Experimental/LevelProgression.uasset" 130
"X:/Unreal Projects/Momentum/Momentum/Content/Experimental/LevelProgression.uexp" 131
"X:/Unreal Projects/Momentum/Momentum/Content/UI/Levels/LevelStart.uasset" 132
"X:/Unreal Projects/Momentum/Momentum/Content/UI/Levels/LevelStart.uexp" 133
"X:/Unreal Projects/Momentum/Momentum/Content/PlayerLevelSignalsComponent.uasset" 134
"X:/Unreal Projects/Momentum/Momentum/Content/PlayerLevelSignalsComponent.uexp" 135
"X:/Unreal Projects/Momentum/Momentum/Content/FadeScreen.uasset" 136
"X:/Unreal Projects/Momentum/Momentum/Content/FadeScreen.uexp" 137
"X:/Unreal Projects/Momentum/Momentum/Content/UI/Levels/UIManager.uasset" 138
"X:/Unreal Projects/Momentum/Momentum/Content/UI/Levels/UIManager.uexp" 139
"X:/Unreal Projects/Momentum/Momentum/Content/Experimental/LevelResultsSave.uasset" 140
"X:/Unreal Projects/Momentum/Momentum/Content/Experimental/LevelResultsSave.uexp" 141
"X:/Unreal Projects/Momentum/Momentum/Content/MomentumGameInstance.uasset" 142
"X:/Unreal Projects/Momentum/Momentum/Content/MomentumGameInstance.uexp" 143
"X:/Unreal Projects/Momentum/Momentum/Content/DialogLineInfo.uasset" 144
"X:/Unreal Projects/Momentum/Momentum/Content/DialogLineInfo.uexp" 145
"X:/Unreal Projects/Momentum/Momentum/Content/Dialog/DialogActor.uasset" 146
"X:/Unreal Projects/Momentum/Momentum/Content/Dialog/DialogActor.uexp" 147
"../../../Engine/Plugins/Marketplace/NinjaCharacter/Content/Mannequin/Character/Mesh/SK_Mannequin_PhysicsAsset.uasset" 148
"../../../Engine/Plugins/Marketplace/NinjaCharacter/Content/Mannequin/Character/Mesh/SK_Mannequin_PhysicsAsset.uexp" 149
"../../../Engine/Plugins/Marketplace/NinjaCharacter/Content/Mannequin/Character/Textures/UE4Man_Logo_N.uasset" 150
"../../../Engine/Plugins/Marketplace/NinjaCharacter/Content/Mannequin/Character/Textures/UE4Man_Logo_N.uexp" 151
"../../../Engine/Plugins/Marketplace/NinjaCharacter/Content/Mannequin/Character/Textures/UE4Man_Logo_N.ubulk" 152
"../../../Engine/Content/Functions/MaterialLayerFunctions/MatLayerBlend_Simple.uasset" 153
"../../../Engine/Content/Functions/MaterialLayerFunctions/MatLayerBlend_Simple.uexp" 154
"../../../Engine/Content/Functions/Engine_MaterialFunctions02/Utility/BlendAngleCorrectedNormals.uasset" 155
"../../../Engine/Content/Functions/Engine_MaterialFunctions02/Utility/BlendAngleCorrectedNormals.uexp" 156
"../../../Engine/Content/Functions/MaterialLayerFunctions/MatLayerBlend_NormalBlend.uasset" 157
"../../../Engine/Content/Functions/MaterialLayerFunctions/MatLayerBlend_NormalBlend.uexp" 158
"../../../Engine/Plugins/Marketplace/NinjaCharacter/Content/Mannequin/Character/Textures/UE4_Mannequin_MAT_MASKA.uasset" 159
"../../../Engine/Plugins/Marketplace/NinjaCharacter/Content/Mannequin/Character/Textures/UE4_Mannequin_MAT_MASKA.uexp" 160
"../../../Engine/Plugins/Marketplace/NinjaCharacter/Content/Mannequin/Character/Textures/UE4_Mannequin_MAT_MASKA.ubulk" 161
"../../../Engine/Plugins/Marketplace/NinjaCharacter/Content/Mannequin/Character/Textures/UE4_Mannequin__normals.uasset" 162
"../../../Engine/Plugins/Marketplace/NinjaCharacter/Content/Mannequin/Character/Textures/UE4_Mannequin__normals.uexp" 163
"../../../Engine/Plugins/Marketplace/NinjaCharacter/Content/Mannequin/Character/Textures/UE4_Mannequin__normals.ubulk" 164
"../../../Engine/Plugins/Marketplace/NinjaCharacter/Content/Mannequin/Character/Materials/MaterialLayers/T_ML_Aluminum01_N.uasset" 165
"../../../Engine/Plugins/Marketplace/NinjaCharacter/Content/Mannequin/Character/Materials/MaterialLayers/T_ML_Aluminum01_N.uexp" 166
"../../../Engine/Plugins/Marketplace/NinjaCharacter/Content/Mannequin/Character/Materials/MaterialLayers/T_ML_Aluminum01_N.ubulk" 167
"../../../Engine/Plugins/Marketplace/NinjaCharacter/Content/Mannequin/Character/Materials/MaterialLayers/T_ML_Aluminum01.uasset" 168
"../../../Engine/Plugins/Marketplace/NinjaCharacter/Content/Mannequin/Character/Materials/MaterialLayers/T_ML_Aluminum01.uexp" 169
"../../../Engine/Plugins/Marketplace/NinjaCharacter/Content/Mannequin/Character/Materials/MaterialLayers/T_ML_Aluminum01.ubulk" 170
"../../../Engine/Plugins/Marketplace/NinjaCharacter/Content/Mannequin/Character/Materials/MaterialLayers/ML_SoftMetal_UE4.uasset" 171
"../../../Engine/Plugins/Marketplace/NinjaCharacter/Content/Mannequin/Character/Materials/MaterialLayers/ML_SoftMetal_UE4.uexp" 172
"../../../Engine/Plugins/Marketplace/NinjaCharacter/Content/Mannequin/Character/Textures/UE4_LOGO_CARD.uasset" 173
"../../../Engine/Plugins/Marketplace/NinjaCharacter/Content/Mannequin/Character/Textures/UE4_LOGO_CARD.uexp" 174
"../../../Engine/Plugins/Marketplace/NinjaCharacter/Content/Mannequin/Character/Textures/UE4_LOGO_CARD.ubulk" 175
"../../../Engine/Plugins/Marketplace/NinjaCharacter/Content/Mannequin/Character/Materials/MaterialLayers/ML_Plastic_Shiny_Beige_LOGO.uasset" 176
"../../../Engine/Plugins/Marketplace/NinjaCharacter/Content/Mannequin/Character/Materials/MaterialLayers/ML_Plastic_Shiny_Beige_LOGO.uexp" 177
"../../../Engine/Plugins/Marketplace/NinjaCharacter/Content/Mannequin/Character/Materials/MaterialLayers/ML_Plastic_Shiny_Beige.uasset" 178
"../../../Engine/Plugins/Marketplace/NinjaCharacter/Content/Mannequin/Character/Materials/MaterialLayers/ML_Plastic_Shiny_Beige.uexp" 179
"../../../Engine/Plugins/Marketplace/NinjaCharacter/Content/Mannequin/Character/Materials/MaterialLayers/T_ML_Rubber_Blue_01_N.uasset" 180
"../../../Engine/Plugins/Marketplace/NinjaCharacter/Content/Mannequin/Character/Materials/MaterialLayers/T_ML_Rubber_Blue_01_N.uexp" 181
"../../../Engine/Plugins/Marketplace/NinjaCharacter/Content/Mannequin/Character/Materials/MaterialLayers/T_ML_Rubber_Blue_01_N.ubulk" 182
"../../../Engine/Plugins/Marketplace/NinjaCharacter/Content/Mannequin/Character/Materials/MaterialLayers/T_ML_Rubber_Blue_01_D.uasset" 183
"../../../Engine/Plugins/Marketplace/NinjaCharacter/Content/Mannequin/Character/Materials/MaterialLayers/T_ML_Rubber_Blue_01_D.uexp" 184
"../../../Engine/Plugins/Marketplace/NinjaCharacter/Content/Mannequin/Character/Materials/MaterialLayers/T_ML_Rubber_Blue_01_D.ubulk" 185
"../../../Engine/Plugins/Marketplace/NinjaCharacter/Content/Mannequin/Character/Materials/MaterialLayers/ML_GlossyBlack_Latex_UE4.uasset" 186
"../../../Engine/Plugins/Marketplace/NinjaCharacter/Content/Mannequin/Character/Materials/MaterialLayers/ML_GlossyBlack_Latex_UE4.uexp" 187
"../../../Engine/Plugins/Marketplace/NinjaCharacter/Content/Mannequin/Character/Materials/M_UE4Man_Body.uasset" 188
"../../../Engine/Plugins/Marketplace/NinjaCharacter/Content/Mannequin/Character/Materials/M_UE4Man_Body.uexp" 189
"../../../Engine/Plugins/Marketplace/NinjaCharacter/Content/Mannequin/Character/Materials/M_UE4Man_ChestLogo.uasset" 190
"../../../Engine/Plugins/Marketplace/NinjaCharacter/Content/Mannequin/Character/Materials/M_UE4Man_ChestLogo.uexp" 191
"../../../Engine/Plugins/Marketplace/NinjaCharacter/Content/Mannequin/Character/Mesh/UE4_Mannequin_Skeleton.uasset" 192
"../../../Engine/Plugins/Marketplace/NinjaCharacter/Content/Mannequin/Character/Mesh/UE4_Mannequin_Skeleton.uexp" 193
"../../../Engine/Plugins/Marketplace/NinjaCharacter/Content/Mannequin/Character/Mesh/SK_Mannequin.uasset" 194
"../../../Engine/Plugins/Marketplace/NinjaCharacter/Content/Mannequin/Character/Mesh/SK_Mannequin.uexp" 195
"../../../Engine/Plugins/Marketplace/NinjaCharacter/Content/Mannequin/Animations/ThirdPersonWalk.uasset" 196
"../../../Engine/Plugins/Marketplace/NinjaCharacter/Content/Mannequin/Animations/ThirdPersonWalk.uexp" 197
"../../../Engine/Plugins/Marketplace/NinjaCharacter/Content/Mannequin/Animations/ThirdPersonRun.uasset" 198
"../../../Engine/Plugins/Marketplace/NinjaCharacter/Content/Mannequin/Animations/ThirdPersonRun.uexp" 199
"../../../Engine/Plugins/Marketplace/NinjaCharacter/Content/Mannequin/Animations/ThirdPersonIdle.uasset" 200
"../../../Engine/Plugins/Marketplace/NinjaCharacter/Content/Mannequin/Animations/ThirdPersonIdle.uexp" 201
"../../../Engine/Plugins/Marketplace/NinjaCharacter/Content/Mannequin/Animations/ThirdPerson_IdleRun_2D.uasset" 202
"../../../Engine/Plugins/Marketplace/NinjaCharacter/Content/Mannequin/Animations/ThirdPerson_IdleRun_2D.uexp" 203
"../../../Engine/Plugins/Marketplace/NinjaCharacter/Content/Mannequin/Animations/ThirdPerson_Jump.uasset" 204
"../../../Engine/Plugins/Marketplace/NinjaCharacter/Content/Mannequin/Animations/ThirdPerson_Jump.uexp" 205
"../../../Engine/Plugins/Marketplace/NinjaCharacter/Content/Mannequin/Animations/ThirdPersonJump_Start.uasset" 206
"../../../Engine/Plugins/Marketplace/NinjaCharacter/Content/Mannequin/Animations/ThirdPersonJump_Start.uexp" 207
"../../../Engine/Plugins/Marketplace/NinjaCharacter/Content/Mannequin/Animations/ThirdPersonJump_Loop.uasset" 208
"../../../Engine/Plugins/Marketplace/NinjaCharacter/Content/Mannequin/Animations/ThirdPersonJump_Loop.uexp" 209
"../../../Engine/Plugins/Marketplace/NinjaCharacter/Content/Mannequin/Animations/ThirdPerson_AnimBP.uasset" 210
"../../../Engine/Plugins/Marketplace/NinjaCharacter/Content/Mannequin/Animations/ThirdPerson_AnimBP.uexp" 211
"../../../Engine/Plugins/Marketplace/NinjaCharacter/Content/NinjaCharacter/Blueprints/NinjaPlayerCharacter_BP.uasset" 212
"../../../Engine/Plugins/Marketplace/NinjaCharacter/Content/NinjaCharacter/Blueprints/NinjaPlayerCharacter_BP.uexp" 213
"X:/Unreal Projects/Momentum/Momentum/Content/UI/Levels/TimeFunctions.uasset" 214
"X:/Unreal Projects/Momentum/Momentum/Content/UI/Levels/TimeFunctions.uexp" 215
"X:/Unreal Projects/Momentum/Momentum/Content/UI/Levels/LevelStartBreakdown.uasset" 216
"X:/Unreal Projects/Momentum/Momentum/Content/UI/Levels/LevelStartBreakdown.uexp" 217
"X:/Unreal Projects/Momentum/Momentum/Content/Experimental/LevelDataTable.uasset" 218
"X:/Unreal Projects/Momentum/Momentum/Content/Experimental/LevelDataTable.uexp" 219
"X:/Unreal Projects/Momentum/Momentum/Content/UI/Levels/LevelInformationActor.uasset" 220
"X:/Unreal Projects/Momentum/Momentum/Content/UI/Levels/LevelInformationActor.uexp" 221
"X:/Unreal Projects/Momentum/Momentum/Content/Levels/StartingPoint/LevelStart.uasset" 222
"X:/Unreal Projects/Momentum/Momentum/Content/Levels/StartingPoint/LevelStart.uexp" 223
"X:/Unreal Projects/Momentum/Momentum/Content/Experimental/SavableObject.uasset" 224
"X:/Unreal Projects/Momentum/Momentum/Content/Experimental/SavableObject.uexp" 225
"X:/Unreal Projects/Momentum/Momentum/Content/Experimental/PersistentVars.uasset" 226
"X:/Unreal Projects/Momentum/Momentum/Content/Experimental/PersistentVars.uexp" 227
"X:/Unreal Projects/Momentum/Momentum/Content/Experimental/SavableObjectManager.uasset" 228
"X:/Unreal Projects/Momentum/Momentum/Content/Experimental/SavableObjectManager.uexp" 229
"X:/Unreal Projects/Momentum/Momentum/Content/Dialog/DialogInputHandler.uasset" 230
"X:/Unreal Projects/Momentum/Momentum/Content/Dialog/DialogInputHandler.uexp" 231
"X:/Unreal Projects/Momentum/Momentum/Content/Sounds/FX/Character/grindSound.uasset" 232
"X:/Unreal Projects/Momentum/Momentum/Content/Sounds/FX/Character/grindSound.uexp" 233
"X:/Unreal Projects/Momentum/Momentum/Content/Interfaces/SaveStateInterface.uasset" 234
"X:/Unreal Projects/Momentum/Momentum/Content/Interfaces/SaveStateInterface.uexp" 235
"X:/Unreal Projects/Momentum/Momentum/Content/Blueprints/SaveStateComponent.uasset" 236
"X:/Unreal Projects/Momentum/Momentum/Content/Blueprints/SaveStateComponent.uexp" 237
"X:/Unreal Projects/Momentum/Momentum/Content/Data/PlayerSaveState.uasset" 238
"X:/Unreal Projects/Momentum/Momentum/Content/Data/PlayerSaveState.uexp" 239
"X:/Unreal Projects/Momentum/Momentum/Content/Blueprints/CharacterAbilities/StickyGravityComponent.uasset" 240
"X:/Unreal Projects/Momentum/Momentum/Content/Blueprints/CharacterAbilities/StickyGravityComponent.uexp" 241
"X:/Unreal Projects/Momentum/Momentum/Content/Blueprints/CharacterAbilities/StateInformation.uasset" 242
"X:/Unreal Projects/Momentum/Momentum/Content/Blueprints/CharacterAbilities/StateInformation.uexp" 243
"X:/Unreal Projects/Momentum/Momentum/Content/MovementSpeed.uasset" 244
"X:/Unreal Projects/Momentum/Momentum/Content/MovementSpeed.uexp" 245
"X:/Unreal Projects/Momentum/Momentum/Content/FastAccelerationHill.uasset" 246
"X:/Unreal Projects/Momentum/Momentum/Content/FastAccelerationHill.uexp" 247
"X:/Unreal Projects/Momentum/Momentum/Content/Blueprints/CharacterAbilities/RunComponent.uasset" 248
"X:/Unreal Projects/Momentum/Momentum/Content/Blueprints/CharacterAbilities/RunComponent.uexp" 249
"X:/Unreal Projects/Momentum/Momentum/Content/Sounds/FX/Character/FA_Whoosh_1_2.uasset" 250
"X:/Unreal Projects/Momentum/Momentum/Content/Sounds/FX/Character/FA_Whoosh_1_2.uexp" 251
"X:/Unreal Projects/Momentum/Momentum/Content/Blueprints/CanJump.uasset" 252
"X:/Unreal Projects/Momentum/Momentum/Content/Blueprints/CanJump.uexp" 253
"X:/Unreal Projects/Momentum/Momentum/Content/Blueprints/CharacterAbilities/JumpQoLComponent.uasset" 254
"X:/Unreal Projects/Momentum/Momentum/Content/Blueprints/CharacterAbilities/JumpQoLComponent.uexp" 255
"../../../Engine/Content/Animation/DefaultAnimCurveCompressionSettings.uasset" 256
"../../../Engine/Content/Animation/DefaultAnimCurveCompressionSettings.uexp" 257
"../../../Engine/Content/Animation/DefaultAnimBoneCompressionSettings.uasset" 258
"../../../Engine/Content/Animation/DefaultAnimBoneCompressionSettings.uexp" 259
"X:/Unreal Projects/Momentum/Momentum/Content/SkaterArt/Experimental/SkyeSkeletalAnim.uasset" 260
"X:/Unreal Projects/Momentum/Momentum/Content/SkaterArt/Experimental/SkyeSkeletalAnim.uexp" 261
"X:/Unreal Projects/Momentum/Momentum/Content/SkaterArt/CartoonModelUpdateNewSkatesIdle.uasset" 262
"X:/Unreal Projects/Momentum/Momentum/Content/SkaterArt/CartoonModelUpdateNewSkatesIdle.uexp" 263
"X:/Unreal Projects/Momentum/Momentum/Content/Skater_Skye/SkyeLocomotionBS.uasset" 264
"X:/Unreal Projects/Momentum/Momentum/Content/Skater_Skye/SkyeLocomotionBS.uexp" 265
"X:/Unreal Projects/Momentum/Momentum/Content/Skater_Skye/Instant.uasset" 266
"X:/Unreal Projects/Momentum/Momentum/Content/Skater_Skye/Instant.uexp" 267
"X:/Unreal Projects/Momentum/Momentum/Content/SkaterArt/Experimental/CelebrationAnimation.uasset" 268
"X:/Unreal Projects/Momentum/Momentum/Content/SkaterArt/Experimental/CelebrationAnimation.uexp" 269
"X:/Unreal Projects/Momentum/Momentum/Content/SkaterArt/CartoonModelUpdateNewSkatesJump.uasset" 270
"X:/Unreal Projects/Momentum/Momentum/Content/SkaterArt/CartoonModelUpdateNewSkatesJump.uexp" 271
"X:/Unreal Projects/Momentum/Momentum/Content/SkaterArt/CartoonModelUpdateNewSkatesGrind.uasset" 272
"X:/Unreal Projects/Momentum/Momentum/Content/SkaterArt/CartoonModelUpdateNewSkatesGrind.uexp" 273
"X:/Unreal Projects/Momentum/Momentum/Content/SkaterArt/CartoonModelUpdateNewSkatesAnim_Anim.uasset" 274
"X:/Unreal Projects/Momentum/Momentum/Content/SkaterArt/CartoonModelUpdateNewSkatesAnim_Anim.uexp" 275
"X:/Unreal Projects/Momentum/Momentum/Content/LandingScreenShake.uasset" 276
"X:/Unreal Projects/Momentum/Momentum/Content/LandingScreenShake.uexp" 277
"X:/Unreal Projects/Momentum/Momentum/Content/Blueprints/CharacterAbilities/CatchWallComponent.uasset" 278
"X:/Unreal Projects/Momentum/Momentum/Content/Blueprints/CharacterAbilities/CatchWallComponent.uexp" 279
"X:/Unreal Projects/Momentum/Momentum/Content/SkaterArt/CrouchAnim.uasset" 280
"X:/Unreal Projects/Momentum/Momentum/Content/SkaterArt/CrouchAnim.uexp" 281
"X:/Unreal Projects/Momentum/Momentum/Content/SkaterArt/CrouchAnimTiltRightTiltLeft.uasset" 282
"X:/Unreal Projects/Momentum/Momentum/Content/SkaterArt/CrouchAnimTiltRightTiltLeft.uexp" 283
"X:/Unreal Projects/Momentum/Momentum/Content/SkaterArt/CrouchAnimTiltRight.uasset" 284
"X:/Unreal Projects/Momentum/Momentum/Content/SkaterArt/CrouchAnimTiltRight.uexp" 285
"X:/Unreal Projects/Momentum/Momentum/Content/TiltAnim.uasset" 286
"X:/Unreal Projects/Momentum/Momentum/Content/TiltAnim.uexp" 287
"X:/Unreal Projects/Momentum/Momentum/Content/PlayerInterface.uasset" 288
"X:/Unreal Projects/Momentum/Momentum/Content/PlayerInterface.uexp" 289
"X:/Unreal Projects/Momentum/Momentum/Content/Crouch.uasset" 290
"X:/Unreal Projects/Momentum/Momentum/Content/Crouch.uexp" 291
"X:/Unreal Projects/Momentum/Momentum/Content/Skater_Skye/SkaterSkye_ABP.uasset" 292
"X:/Unreal Projects/Momentum/Momentum/Content/Skater_Skye/SkaterSkye_ABP.uexp" 293
"X:/Unreal Projects/Momentum/Momentum/Content/Sounds/FX/Character/MetalBracketHit_FSHOF_629.uasset" 294
"X:/Unreal Projects/Momentum/Momentum/Content/Sounds/FX/Character/MetalBracketHit_FSHOF_629.uexp" 295
"../../../Engine/Plugins/FX/Niagara/Content/Functions/Localspace/SimulationPosition.uasset" 296
"../../../Engine/Plugins/FX/Niagara/Content/Functions/Localspace/SimulationPosition.uexp" 297
"../../../Engine/Plugins/FX/Niagara/Content/Enums/ENiagaraRandomnessMode.uasset" 298
"../../../Engine/Plugins/FX/Niagara/Content/Enums/ENiagaraRandomnessMode.uexp" 299
"../../../Engine/Plugins/FX/Niagara/Content/Functions/GetRandomInfo.uasset" 300
"../../../Engine/Plugins/FX/Niagara/Content/Functions/GetRandomInfo.uexp" 301
"../../../Engine/Plugins/FX/Niagara/Content/Functions/RandomRangeInteger.uasset" 302
"../../../Engine/Plugins/FX/Niagara/Content/Functions/RandomRangeInteger.uexp" 303
"../../../Engine/Plugins/FX/Niagara/Content/DynamicInputs/UniformRange/UniformRangedInt.uasset" 304
"../../../Engine/Plugins/FX/Niagara/Content/DynamicInputs/UniformRange/UniformRangedInt.uexp" 305
"../../../Engine/Plugins/FX/Niagara/Content/Functions/RandomRangeFloat.uasset" 306
"../../../Engine/Plugins/FX/Niagara/Content/Functions/RandomRangeFloat.uexp" 307
"../../../Engine/Plugins/FX/Niagara/Content/DynamicInputs/UniformRange/UniformRangedFloat.uasset" 308
"../../../Engine/Plugins/FX/Niagara/Content/DynamicInputs/UniformRange/UniformRangedFloat.uexp" 309
"../../../Engine/Plugins/FX/Niagara/Content/Functions/DirectionAndLengthSafe.uasset" 310
"../../../Engine/Plugins/FX/Niagara/Content/Functions/DirectionAndLengthSafe.uexp" 311
"../../../Engine/Plugins/FX/Niagara/Content/Modules/Update/Size/ScaleSpriteSizeBySpeed.uasset" 312
"../../../Engine/Plugins/FX/Niagara/Content/Modules/Update/Size/ScaleSpriteSizeBySpeed.uexp" 313
"../../../Engine/Plugins/FX/Niagara/Content/Enums/ENiagaraCoordinateSpace.uasset" 314
"../../../Engine/Plugins/FX/Niagara/Content/Enums/ENiagaraCoordinateSpace.uexp" 315
"../../../Engine/Plugins/FX/Niagara/Content/Modules/Spawn/Initialization/InitializeParticle.uasset" 316
"../../../Engine/Plugins/FX/Niagara/Content/Modules/Spawn/Initialization/InitializeParticle.uexp" 317
"../../../Engine/Plugins/FX/Niagara/Content/DynamicInputs/TypeConversions/Vector2DFromFloat.uasset" 318
"../../../Engine/Plugins/FX/Niagara/Content/DynamicInputs/TypeConversions/Vector2DFromFloat.uexp" 319
"../../../Engine/Plugins/FX/Niagara/Content/Functions/Localspace/TransformBase.uasset" 320
"../../../Engine/Plugins/FX/Niagara/Content/Functions/Localspace/TransformBase.uexp" 321
"../../../Engine/Plugins/FX/Niagara/Content/Functions/Localspace/TransformVector.uasset" 322
"../../../Engine/Plugins/FX/Niagara/Content/Functions/Localspace/TransformVector.uexp" 323
"../../../Engine/Plugins/FX/Niagara/Content/Modules/Update/Forces/GravityForce.uasset" 324
"../../../Engine/Plugins/FX/Niagara/Content/Modules/Update/Forces/GravityForce.uexp" 325
"../../../Engine/Plugins/FX/Niagara/Content/Functions/PolarToCartesianCoordinates.uasset" 326
"../../../Engine/Plugins/FX/Niagara/Content/Functions/PolarToCartesianCoordinates.uexp" 327
"../../../Engine/Plugins/FX/Niagara/Content/Functions/RandomVectorInCone.uasset" 328
"../../../Engine/Plugins/FX/Niagara/Content/Functions/RandomVectorInCone.uexp" 329
"../../../Engine/Plugins/FX/Niagara/Content/Functions/Math/RemapValueRange.uasset" 330
"../../../Engine/Plugins/FX/Niagara/Content/Functions/Math/RemapValueRange.uexp" 331
"../../../Engine/Plugins/FX/Niagara/Content/Functions/Rotation/MultiplyVectorWithQuaternion.uasset" 332
"../../../Engine/Plugins/FX/Niagara/Content/Functions/Rotation/MultiplyVectorWithQuaternion.uexp" 333
"../../../Engine/Plugins/FX/Niagara/Content/Functions/Rotation/FindQuatBetween.uasset" 334
"../../../Engine/Plugins/FX/Niagara/Content/Functions/Rotation/FindQuatBetween.uexp" 335
"../../../Engine/Plugins/FX/Niagara/Content/Modules/Spawn/Velocity/AddVelocityInCone.uasset" 336
"../../../Engine/Plugins/FX/Niagara/Content/Modules/Spawn/Velocity/AddVelocityInCone.uexp" 337
"../../../Engine/Plugins/FX/Niagara/Content/Enums/ENiagaraScaleColorMode.uasset" 338
"../../../Engine/Plugins/FX/Niagara/Content/Enums/ENiagaraScaleColorMode.uexp" 339
"../../../Engine/Plugins/FX/Niagara/Content/Enums/ENiagaraInactiveMode.uasset" 340
"../../../Engine/Plugins/FX/Niagara/Content/Enums/ENiagaraInactiveMode.uexp" 341
"../../../Engine/Plugins/FX/Niagara/Content/Enums/ENiagaraEmitterScalabilityMode_Limited.uasset" 342
"../../../Engine/Plugins/FX/Niagara/Content/Enums/ENiagaraEmitterScalabilityMode_Limited.uexp" 343
"../../../Engine/Plugins/FX/Niagara/Content/DefaultAssets/DefaultSpriteMaterial.uasset" 344
"../../../Engine/Plugins/FX/Niagara/Content/DefaultAssets/DefaultSpriteMaterial.uexp" 345
"../../../Engine/Plugins/FX/Niagara/Content/Enums/ENiagaraEmitterLifeCycleMode.uasset" 346
"../../../Engine/Plugins/FX/Niagara/Content/Enums/ENiagaraEmitterLifeCycleMode.uexp" 347
"../../../Engine/Plugins/FX/Niagara/Content/Enums/ENiagara_EmitterStateOptions.uasset" 348
"../../../Engine/Plugins/FX/Niagara/Content/Enums/ENiagara_EmitterStateOptions.uexp" 349
"../../../Engine/Plugins/FX/Niagara/Content/Enums/ENiagara_InfiniteLoopDuration.uasset" 350
"../../../Engine/Plugins/FX/Niagara/Content/Enums/ENiagara_InfiniteLoopDuration.uexp" 351
"../../../Engine/Plugins/FX/Niagara/Content/Functions/Emitter/EmitterChangeState.uasset" 352
"../../../Engine/Plugins/FX/Niagara/Content/Functions/Emitter/EmitterChangeState.uexp" 353
"../../../Engine/Plugins/FX/Niagara/Content/Enums/ENiagaraExecutionStateManagement.uasset" 354
"../../../Engine/Plugins/FX/Niagara/Content/Enums/ENiagaraExecutionStateManagement.uexp" 355
"../../../Engine/Plugins/FX/Niagara/Content/Modules/Emitter/EmitterState.uasset" 356
"../../../Engine/Plugins/FX/Niagara/Content/Modules/Emitter/EmitterState.uexp" 357
"../../../Engine/Plugins/FX/Niagara/Content/Modules/Update/Lifetime/ParticleState.uasset" 358
"../../../Engine/Plugins/FX/Niagara/Content/Modules/Update/Lifetime/ParticleState.uexp" 359
"../../../Engine/Plugins/FX/Niagara/Content/Modules/Solvers/SolveForcesAndVelocity.uasset" 360
"../../../Engine/Plugins/FX/Niagara/Content/Modules/Solvers/SolveForcesAndVelocity.uexp" 361
"../../../Engine/Plugins/FX/Niagara/Content/DynamicInputs/ValueFromCurve/FloatFromCurve.uasset" 362
"../../../Engine/Plugins/FX/Niagara/Content/DynamicInputs/ValueFromCurve/FloatFromCurve.uexp" 363
"../../../Engine/Plugins/FX/Niagara/Content/Modules/Update/Color/ScaleColor.uasset" 364
"../../../Engine/Plugins/FX/Niagara/Content/Modules/Update/Color/ScaleColor.uexp" 365
"../../../Engine/Plugins/FX/Niagara/Content/Enums/ENiagaraRandomnessEvaluation.uasset" 366
"../../../Engine/Plugins/FX/Niagara/Content/Enums/ENiagaraRandomnessEvaluation.uexp" 367
"../../../Engine/Plugins/FX/Niagara/Content/Functions/V2/CalculateRandomRangeFloat.uasset" 368
"../../../Engine/Plugins/FX/Niagara/Content/Functions/V2/CalculateRandomRangeFloat.uexp" 369
"../../../Engine/Plugins/FX/Niagara/Content/Modules/Emitter/SpawnBurst_Instantaneous.uasset" 370
"../../../Engine/Plugins/FX/Niagara/Content/Modules/Emitter/SpawnBurst_Instantaneous.uexp" 371
"../../../Engine/Plugins/FX/Niagara/Content/Enums/ENiagaraSystemInactiveMode.uasset" 372
"../../../Engine/Plugins/FX/Niagara/Content/Enums/ENiagaraSystemInactiveMode.uexp" 373
"../../../Engine/Plugins/FX/Niagara/Content/Functions/System/SystemChangeState.uasset" 374
"../../../Engine/Plugins/FX/Niagara/Content/Functions/System/SystemChangeState.uexp" 375
"../../../Engine/Plugins/FX/Niagara/Content/Modules/System/SystemState.uasset" 376
"../../../Engine/Plugins/FX/Niagara/Content/Modules/System/SystemState.uexp" 377
"X:/Unreal Projects/Momentum/Momentum/Content/ParticlesFX/GrindSparksSystem.uasset" 378
"X:/Unreal Projects/Momentum/Momentum/Content/ParticlesFX/GrindSparksSystem.uexp" 379
"X:/Unreal Projects/Momentum/Momentum/Content/Rig/TestImportRig_PhysicsAsset.uasset" 380
"X:/Unreal Projects/Momentum/Momentum/Content/Rig/TestImportRig_PhysicsAsset.uexp" 381
"X:/Unreal Projects/Momentum/Momentum/Content/Rig/Material_003.uasset" 382
"X:/Unreal Projects/Momentum/Momentum/Content/Rig/Material_003.uexp" 383
"X:/Unreal Projects/Momentum/Momentum/Content/StarterContent/Audio/Explosion01.uasset" 384
"X:/Unreal Projects/Momentum/Momentum/Content/StarterContent/Audio/Explosion01.uexp" 385
"../../../Engine/Plugins/FX/Niagara/Content/Functions/RandomUnitVector.uasset" 386
"../../../Engine/Plugins/FX/Niagara/Content/Functions/RandomUnitVector.uexp" 387
"../../../Engine/Plugins/FX/Niagara/Content/Functions/RandomVector.uasset" 388
"../../../Engine/Plugins/FX/Niagara/Content/Functions/RandomVector.uexp" 389
"../../../Engine/Plugins/FX/Niagara/Content/Functions/NormalizeDistanceRange.uasset" 390
"../../../Engine/Plugins/FX/Niagara/Content/Functions/NormalizeDistanceRange.uexp" 391
"../../../Engine/Plugins/FX/Niagara/Content/Functions/DistanceBasedFalloff.uasset" 392
"../../../Engine/Plugins/FX/Niagara/Content/Functions/DistanceBasedFalloff.uexp" 393
"../../../Engine/Plugins/FX/Niagara/Content/Modules/Spawn/Velocity/AddVelocityFromPoint.uasset" 394
"../../../Engine/Plugins/FX/Niagara/Content/Modules/Spawn/Velocity/AddVelocityFromPoint.uexp" 395
"../../../Engine/Plugins/FX/Niagara/Content/Enums/ENiagaraSphereDistributionMode.uasset" 396
"../../../Engine/Plugins/FX/Niagara/Content/Enums/ENiagaraSphereDistributionMode.uexp" 397
"../../../Engine/Plugins/FX/Niagara/Content/Enums/ENiagaraExpansionMode.uasset" 398
"../../../Engine/Plugins/FX/Niagara/Content/Enums/ENiagaraExpansionMode.uexp" 399
"../../../Engine/Plugins/FX/Niagara/Content/Functions/V2/CalculateRandomRange.uasset" 400
"../../../Engine/Plugins/FX/Niagara/Content/Functions/V2/CalculateRandomRange.uexp" 401
"../../../Engine/Plugins/FX/Niagara/Content/Functions/V2/CalculateRandomPointInSphere.uasset" 402
"../../../Engine/Plugins/FX/Niagara/Content/Functions/V2/CalculateRandomPointInSphere.uexp" 403
"../../../Engine/Plugins/FX/Niagara/Content/Functions/SphericalToCartesianCoordinates.uasset" 404
"../../../Engine/Plugins/FX/Niagara/Content/Functions/SphericalToCartesianCoordinates.uexp" 405
"../../../Engine/Plugins/FX/Niagara/Content/Modules/Spawn/Location/V2/SphereLocation.uasset" 406
"../../../Engine/Plugins/FX/Niagara/Content/Modules/Spawn/Location/V2/SphereLocation.uexp" 407
"X:/Unreal Projects/Momentum/Momentum/Content/ParticlesFX/EnergyChargingSystem.uasset" 408
"X:/Unreal Projects/Momentum/Momentum/Content/ParticlesFX/EnergyChargingSystem.uexp" 409
"X:/Unreal Projects/Momentum/Momentum/Content/Models/Character/HeadphonesMaterial.uasset" 410
"X:/Unreal Projects/Momentum/Momentum/Content/Models/Character/HeadphonesMaterial.uexp" 411
"X:/Unreal Projects/Momentum/Momentum/Content/CharacterParts.uasset" 412
"X:/Unreal Projects/Momentum/Momentum/Content/CharacterParts.uexp" 413
"X:/Unreal Projects/Momentum/Momentum/Content/CharacterPartData.uasset" 414
"X:/Unreal Projects/Momentum/Momentum/Content/CharacterPartData.uexp" 415
"X:/Unreal Projects/Momentum/Momentum/Content/CharacterSave.uasset" 416
"X:/Unreal Projects/Momentum/Momentum/Content/CharacterSave.uexp" 417
"X:/Unreal Projects/Momentum/Momentum/Content/Blueprints/CharacterData/SkinManager.uasset" 418
"X:/Unreal Projects/Momentum/Momentum/Content/Blueprints/CharacterData/SkinManager.uexp" 419
"X:/Unreal Projects/Momentum/Momentum/Content/Rig/TestImportRig_Skeleton.uasset" 420
"X:/Unreal Projects/Momentum/Momentum/Content/Rig/TestImportRig_Skeleton.uexp" 421
"X:/Unreal Projects/Momentum/Momentum/Content/Models/Character/CartoonHeadphones.uasset" 422
"X:/Unreal Projects/Momentum/Momentum/Content/Models/Character/CartoonHeadphones.uexp" 423
"X:/Unreal Projects/Momentum/Momentum/Content/Models/Character/CartoonGoggles.uasset" 424
"X:/Unreal Projects/Momentum/Momentum/Content/Models/Character/CartoonGoggles.uexp" 425
"X:/Unreal Projects/Momentum/Momentum/Content/Sounds/FX/Character/Snow_Slide_Medium_.uasset" 426
"X:/Unreal Projects/Momentum/Momentum/Content/Sounds/FX/Character/Snow_Slide_Medium_.uexp" 427
"X:/Unreal Projects/Momentum/Momentum/Content/Sounds/FX/Character/ConcreteSoundCue.uasset" 428
"X:/Unreal Projects/Momentum/Momentum/Content/Sounds/FX/Character/ConcreteSoundCue.uexp" 429
"X:/Unreal Projects/Momentum/Momentum/Content/Rig/KinzieAccelerate2.uasset" 430
"X:/Unreal Projects/Momentum/Momentum/Content/Rig/KinzieAccelerate2.uexp" 431
"X:/Unreal Projects/Momentum/Momentum/Content/Rig/KinzieIdle.uasset" 432
"X:/Unreal Projects/Momentum/Momentum/Content/Rig/KinzieIdle.uexp" 433
"X:/Unreal Projects/Momentum/Momentum/Content/Rig/KinzieLocomotionBS.uasset" 434
"X:/Unreal Projects/Momentum/Momentum/Content/Rig/KinzieLocomotionBS.uexp" 435
"X:/Unreal Projects/Momentum/Momentum/Content/Rig/KinzieJump.uasset" 436
"X:/Unreal Projects/Momentum/Momentum/Content/Rig/KinzieJump.uexp" 437
"X:/Unreal Projects/Momentum/Momentum/Content/Rig/CartoonRedirectBurst_MyCharacter_MyCharacterAction_001.uasset" 438
"X:/Unreal Projects/Momentum/Momentum/Content/Rig/CartoonRedirectBurst_MyCharacter_MyCharacterAction_001.uexp" 439
"X:/Unreal Projects/Momentum/Momentum/Content/Rig/CartoonJump2_MyCharacter_Idle.uasset" 440
"X:/Unreal Projects/Momentum/Momentum/Content/Rig/CartoonJump2_MyCharacter_Idle.uexp" 441
"X:/Unreal Projects/Momentum/Momentum/Content/Rig/CartoonDriftSharp_MyCharacter_MyCharacterAction.uasset" 442
"X:/Unreal Projects/Momentum/Momentum/Content/Rig/CartoonDriftSharp_MyCharacter_MyCharacterAction.uexp" 443
"X:/Unreal Projects/Momentum/Momentum/Content/Rig/CartoonDriftSharpRight_MyCharacter_MyCharacterAction.uasset" 444
"X:/Unreal Projects/Momentum/Momentum/Content/Rig/CartoonDriftSharpRight_MyCharacter_MyCharacterAction.uexp" 445
"X:/Unreal Projects/Momentum/Momentum/Content/ParticlesFX/PushSparks.uasset" 446
"X:/Unreal Projects/Momentum/Momentum/Content/ParticlesFX/PushSparks.uexp" 447
"X:/Unreal Projects/Momentum/Momentum/Content/Blueprints/CharacterAbilities/DriftComponent.uasset" 448
"X:/Unreal Projects/Momentum/Momentum/Content/Blueprints/CharacterAbilities/DriftComponent.uexp" 449
"X:/Unreal Projects/Momentum/Momentum/Content/Rig/KinzieGrind.uasset" 450
"X:/Unreal Projects/Momentum/Momentum/Content/Rig/KinzieGrind.uexp" 451
"X:/Unreal Projects/Momentum/Momentum/Content/Rig/CartoonSkate_MyCharacter_Idle.uasset" 452
"X:/Unreal Projects/Momentum/Momentum/Content/Rig/CartoonSkate_MyCharacter_Idle.uexp" 453
"X:/Unreal Projects/Momentum/Momentum/Content/Rig/KinzieAnimBP.uasset" 454
"X:/Unreal Projects/Momentum/Momentum/Content/Rig/KinzieAnimBP.uexp" 455
"X:/Unreal Projects/Momentum/Momentum/Content/Blueprints/CharacterAbilities/RedirectBurstComponent.uasset" 456
"X:/Unreal Projects/Momentum/Momentum/Content/Blueprints/CharacterAbilities/RedirectBurstComponent.uexp" 457
"X:/Unreal Projects/Momentum/Momentum/Content/Blueprints/CharacterAbilities/BrakeComponent.uasset" 458
"X:/Unreal Projects/Momentum/Momentum/Content/Blueprints/CharacterAbilities/BrakeComponent.uexp" 459
"X:/Unreal Projects/Momentum/Momentum/Content/UphillMovementComponent.uasset" 460
"X:/Unreal Projects/Momentum/Momentum/Content/UphillMovementComponent.uexp" 461
"X:/Unreal Projects/Momentum/Momentum/Content/StartingPointHandler.uasset" 462
"X:/Unreal Projects/Momentum/Momentum/Content/StartingPointHandler.uexp" 463
"X:/Unreal Projects/Momentum/Momentum/Content/TestComponentInput.uasset" 464
"X:/Unreal Projects/Momentum/Momentum/Content/TestComponentInput.uexp" 465
"X:/Unreal Projects/Momentum/Momentum/Content/TestChildInput.uasset" 466
"X:/Unreal Projects/Momentum/Momentum/Content/TestChildInput.uexp" 467
"X:/Unreal Projects/Momentum/Momentum/Content/Rig/TestImportRigSkates_PhysicsAsset.uasset" 468
"X:/Unreal Projects/Momentum/Momentum/Content/Rig/TestImportRigSkates_PhysicsAsset.uexp" 469
"X:/Unreal Projects/Momentum/Momentum/Content/Rig/TestImportRigSkates.uasset" 470
"X:/Unreal Projects/Momentum/Momentum/Content/Rig/TestImportRigSkates.uexp" 471
"X:/Unreal Projects/Momentum/Momentum/Content/Material_001.uasset" 472
"X:/Unreal Projects/Momentum/Momentum/Content/Material_001.uexp" 473
"X:/Unreal Projects/Momentum/Momentum/Content/Rig/KinzieAccelerate.uasset" 474
"X:/Unreal Projects/Momentum/Momentum/Content/Rig/KinzieAccelerate.uexp" 475
"X:/Unreal Projects/Momentum/Momentum/Content/Rig/NewAnimMontage.uasset" 476
"X:/Unreal Projects/Momentum/Momentum/Content/Rig/NewAnimMontage.uexp" 477
"X:/Unreal Projects/Momentum/Momentum/Content/AdvancedMagicFX12/Textures/T_ky_noise6.uasset" 478
"X:/Unreal Projects/Momentum/Momentum/Content/AdvancedMagicFX12/Textures/T_ky_noise6.uexp" 479
"X:/Unreal Projects/Momentum/Momentum/Content/AdvancedMagicFX12/Textures/T_ky_noise6.ubulk" 480
"X:/Unreal Projects/Momentum/Momentum/Content/AdvancedMagicFX12/Textures/T_ky_noise4.uasset" 481
"X:/Unreal Projects/Momentum/Momentum/Content/AdvancedMagicFX12/Textures/T_ky_noise4.uexp" 482
"X:/Unreal Projects/Momentum/Momentum/Content/AdvancedMagicFX12/Textures/T_ky_noise4.ubulk" 483
"X:/Unreal Projects/Momentum/Momentum/Content/AdvancedMagicFX12/Textures/T_ky_noise16.uasset" 484
"X:/Unreal Projects/Momentum/Momentum/Content/AdvancedMagicFX12/Textures/T_ky_noise16.uexp" 485
"X:/Unreal Projects/Momentum/Momentum/Content/AdvancedMagicFX12/Textures/T_ky_noise16.ubulk" 486
"X:/Unreal Projects/Momentum/Momentum/Content/AdvancedMagicFX12/Textures/T_ky_maskRGB3.uasset" 487
"X:/Unreal Projects/Momentum/Momentum/Content/AdvancedMagicFX12/Textures/T_ky_maskRGB3.uexp" 488
"X:/Unreal Projects/Momentum/Momentum/Content/AdvancedMagicFX12/Textures/T_ky_maskRGB3.ubulk" 489
"X:/Unreal Projects/Momentum/Momentum/Content/AdvancedMagicFX12/Materials/Mfunction/MF_ky_AddHilight.uasset" 490
"X:/Unreal Projects/Momentum/Momentum/Content/AdvancedMagicFX12/Materials/Mfunction/MF_ky_AddHilight.uexp" 491
"../../../Engine/Content/Functions/Engine_MaterialFunctions01/Gradient/LinearGradient.uasset" 492
"../../../Engine/Content/Functions/Engine_MaterialFunctions01/Gradient/LinearGradient.uexp" 493
"X:/Unreal Projects/Momentum/Momentum/Content/AdvancedMagicFX12/Materials/M_ky_aura14.uasset" 494
"X:/Unreal Projects/Momentum/Momentum/Content/AdvancedMagicFX12/Materials/M_ky_aura14.uexp" 495
"X:/Unreal Projects/Momentum/Momentum/Content/MI_ky_aura14_dark.uasset" 496
"X:/Unreal Projects/Momentum/Momentum/Content/MI_ky_aura14_dark.uexp" 497
"../../../Engine/Content/EngineMaterials/T_Default_Material_Grid_N.uasset" 498
"../../../Engine/Content/EngineMaterials/T_Default_Material_Grid_N.uexp" 499
"../../../Engine/Content/EngineMaterials/T_Default_Material_Grid_N.ubulk" 500
"../../../Engine/Content/EngineMaterials/T_Default_Material_Grid_M.uasset" 501
"../../../Engine/Content/EngineMaterials/T_Default_Material_Grid_M.uexp" 502
"../../../Engine/Content/EngineMaterials/T_Default_Material_Grid_M.ubulk" 503
"../../../Engine/Content/Functions/Engine_MaterialFunctions01/Opacity/CameraDepthFade.uasset" 504
"../../../Engine/Content/Functions/Engine_MaterialFunctions01/Opacity/CameraDepthFade.uexp" 505
"../../../Engine/Content/EngineMaterials/WorldGridMaterial.uasset" 506
"../../../Engine/Content/EngineMaterials/WorldGridMaterial.uexp" 507
"X:/Unreal Projects/Momentum/Momentum/Content/AdvancedMagicFX12/Meshes/SM_ky_sphereHarf03.uasset" 508
"X:/Unreal Projects/Momentum/Momentum/Content/AdvancedMagicFX12/Meshes/SM_ky_sphereHarf03.uexp" 509
"X:/Unreal Projects/Momentum/Momentum/Content/P_ky_shot_dark.uasset" 510
"X:/Unreal Projects/Momentum/Momentum/Content/P_ky_shot_dark.uexp" 511
"../../../Engine/Content/EngineMaterials/Good64x64TilingNoiseHighFreq.uasset" 512
"../../../Engine/Content/EngineMaterials/Good64x64TilingNoiseHighFreq.uexp" 513
"../../../Engine/Content/Functions/Engine_MaterialFunctions02/Texturing/ScreenAlignedPixelToPixelUVs.uasset" 514
"../../../Engine/Content/Functions/Engine_MaterialFunctions02/Texturing/ScreenAlignedPixelToPixelUVs.uexp" 515
"../../../Engine/Content/Functions/Engine_MaterialFunctions02/Utility/DitherTemporalAA.uasset" 516
"../../../Engine/Content/Functions/Engine_MaterialFunctions02/Utility/DitherTemporalAA.uexp" 517
"X:/Unreal Projects/Momentum/Momentum/Content/Practice.uasset" 518
"X:/Unreal Projects/Momentum/Momentum/Content/Practice.uexp" 519
"X:/Unreal Projects/Momentum/Momentum/Content/ColorTypes.uasset" 520
"X:/Unreal Projects/Momentum/Momentum/Content/ColorTypes.uexp" 521
"X:/Unreal Projects/Momentum/Momentum/Content/Rig/TestImportRigShirt_PhysicsAsset.uasset" 522
"X:/Unreal Projects/Momentum/Momentum/Content/Rig/TestImportRigShirt_PhysicsAsset.uexp" 523
"X:/Unreal Projects/Momentum/Momentum/Content/Rig/Material.uasset" 524
"X:/Unreal Projects/Momentum/Momentum/Content/Rig/Material.uexp" 525
"X:/Unreal Projects/Momentum/Momentum/Content/Rig/TestImportRigShirt.uasset" 526
"X:/Unreal Projects/Momentum/Momentum/Content/Rig/TestImportRigShirt.uexp" 527
"X:/Unreal Projects/Momentum/Momentum/Content/Rig/Material_005.uasset" 528
"X:/Unreal Projects/Momentum/Momentum/Content/Rig/Material_005.uexp" 529
"X:/Unreal Projects/Momentum/Momentum/Content/Rig/TestImportRigShorts.uasset" 530
"X:/Unreal Projects/Momentum/Momentum/Content/Rig/TestImportRigShorts.uexp" 531
"X:/Unreal Projects/Momentum/Momentum/Content/Material_005.uasset" 532
"X:/Unreal Projects/Momentum/Momentum/Content/Material_005.uexp" 533
"X:/Unreal Projects/Momentum/Momentum/Content/Models/Character/Female/CartoonPants.uasset" 534
"X:/Unreal Projects/Momentum/Momentum/Content/Models/Character/Female/CartoonPants.uexp" 535
"X:/Unreal Projects/Momentum/Momentum/Content/Models/Character/Female/CartoonLongSleeve_PhysicsAsset.uasset" 536
"X:/Unreal Projects/Momentum/Momentum/Content/Models/Character/Female/CartoonLongSleeve_PhysicsAsset.uexp" 537
"X:/Unreal Projects/Momentum/Momentum/Content/Material.uasset" 538
"X:/Unreal Projects/Momentum/Momentum/Content/Material.uexp" 539
"X:/Unreal Projects/Momentum/Momentum/Content/Models/Character/Female/CartoonLongSleeve.uasset" 540
"X:/Unreal Projects/Momentum/Momentum/Content/Models/Character/Female/CartoonLongSleeve.uexp" 541
"X:/Unreal Projects/Momentum/Momentum/Content/Male/Material_005.uasset" 542
"X:/Unreal Projects/Momentum/Momentum/Content/Male/Material_005.uexp" 543
"X:/Unreal Projects/Momentum/Momentum/Content/Male/CartoonMaleShorts.uasset" 544
"X:/Unreal Projects/Momentum/Momentum/Content/Male/CartoonMaleShorts.uexp" 545
"X:/Unreal Projects/Momentum/Momentum/Content/Models/Character/CartoonFemaleShortSleeve.uasset" 546
"X:/Unreal Projects/Momentum/Momentum/Content/Models/Character/CartoonFemaleShortSleeve.uexp" 547
"X:/Unreal Projects/Momentum/Momentum/Content/Models/Character/CartoonCapris.uasset" 548
"X:/Unreal Projects/Momentum/Momentum/Content/Models/Character/CartoonCapris.uexp" 549
"X:/Unreal Projects/Momentum/Momentum/Content/Models/Character/CartoonBaggyShorts.uasset" 550
"X:/Unreal Projects/Momentum/Momentum/Content/Models/Character/CartoonBaggyShorts.uexp" 551
"X:/Unreal Projects/Momentum/Momentum/Content/Male/Material.uasset" 552
"X:/Unreal Projects/Momentum/Momentum/Content/Male/Material.uexp" 553
"X:/Unreal Projects/Momentum/Momentum/Content/Male/CartoonMaleShirt.uasset" 554
"X:/Unreal Projects/Momentum/Momentum/Content/Male/CartoonMaleShirt.uexp" 555
"X:/Unreal Projects/Momentum/Momentum/Content/ColorPicker.uasset" 556
"X:/Unreal Projects/Momentum/Momentum/Content/ColorPicker.uexp" 557
"X:/Unreal Projects/Momentum/Momentum/Content/SkaterFemaleHair_Skeleton.uasset" 558
"X:/Unreal Projects/Momentum/Momentum/Content/SkaterFemaleHair_Skeleton.uexp" 559
"X:/Unreal Projects/Momentum/Momentum/Content/HairRetopoMat.uasset" 560
"X:/Unreal Projects/Momentum/Momentum/Content/HairRetopoMat.uexp" 561
"X:/Unreal Projects/Momentum/Momentum/Content/Material_004.uasset" 562
"X:/Unreal Projects/Momentum/Momentum/Content/Material_004.uexp" 563
"X:/Unreal Projects/Momentum/Momentum/Content/SkaterFemaleHair.uasset" 564
"X:/Unreal Projects/Momentum/Momentum/Content/SkaterFemaleHair.uexp" 565
"X:/Unreal Projects/Momentum/Momentum/Content/Rig/Kinzie_PhysicsAsset.uasset" 566
"X:/Unreal Projects/Momentum/Momentum/Content/Rig/Kinzie_PhysicsAsset.uexp" 567
"X:/Unreal Projects/Momentum/Momentum/Content/Rig/Kinzie.uasset" 568
"X:/Unreal Projects/Momentum/Momentum/Content/Rig/Kinzie.uexp" 569
"X:/Unreal Projects/Momentum/Momentum/Content/Male/Material_004.uasset" 570
"X:/Unreal Projects/Momentum/Momentum/Content/Male/Material_004.uexp" 571
"X:/Unreal Projects/Momentum/Momentum/Content/Male/CartoonMaleHair.uasset" 572
"X:/Unreal Projects/Momentum/Momentum/Content/Male/CartoonMaleHair.uexp" 573
"X:/Unreal Projects/Momentum/Momentum/Content/Male/CartoonMale_PhysicsAsset.uasset" 574
"X:/Unreal Projects/Momentum/Momentum/Content/Male/CartoonMale_PhysicsAsset.uexp" 575
"X:/Unreal Projects/Momentum/Momentum/Content/Male/Material_003.uasset" 576
"X:/Unreal Projects/Momentum/Momentum/Content/Male/Material_003.uexp" 577
"X:/Unreal Projects/Momentum/Momentum/Content/Male/Material_002.uasset" 578
"X:/Unreal Projects/Momentum/Momentum/Content/Male/Material_002.uexp" 579
"X:/Unreal Projects/Momentum/Momentum/Content/Male/EyeTexture.uasset" 580
"X:/Unreal Projects/Momentum/Momentum/Content/Male/EyeTexture.uexp" 581
"X:/Unreal Projects/Momentum/Momentum/Content/Male/EyeTexture.ubulk" 582
"X:/Unreal Projects/Momentum/Momentum/Content/Male/Material_001.uasset" 583
"X:/Unreal Projects/Momentum/Momentum/Content/Male/Material_001.uexp" 584
"X:/Unreal Projects/Momentum/Momentum/Content/Male/CartoonMale.uasset" 585
"X:/Unreal Projects/Momentum/Momentum/Content/Male/CartoonMale.uexp" 586
"X:/Unreal Projects/Momentum/Momentum/Content/CharacterCustomizerRandom.uasset" 587
"X:/Unreal Projects/Momentum/Momentum/Content/CharacterCustomizerRandom.uexp" 588
"../../../Engine/Plugins/FX/Niagara/Content/Enums/ENiagaraVertexSamplingMode.uasset" 589
"../../../Engine/Plugins/FX/Niagara/Content/Enums/ENiagaraVertexSamplingMode.uexp" 590
"../../../Engine/Plugins/FX/Niagara/Content/Enums/ENiagaraTriangleSamplingMode.uasset" 591
"../../../Engine/Plugins/FX/Niagara/Content/Enums/ENiagaraTriangleSamplingMode.uexp" 592
"../../../Engine/Plugins/FX/Niagara/Content/Enums/ENiagaraSocketSamplingMode.uasset" 593
"../../../Engine/Plugins/FX/Niagara/Content/Enums/ENiagaraSocketSamplingMode.uexp" 594
"../../../Engine/Plugins/FX/Niagara/Content/Enums/ENiagaraSkelSamplingModeFull.uasset" 595
"../../../Engine/Plugins/FX/Niagara/Content/Enums/ENiagaraSkelSamplingModeFull.uexp" 596
"../../../Engine/Plugins/FX/Niagara/Content/Enums/ENiagaraSkelMeshTransforms.uasset" 597
"../../../Engine/Plugins/FX/Niagara/Content/Enums/ENiagaraSkelMeshTransforms.uexp" 598
"../../../Engine/Plugins/FX/Niagara/Content/Enums/ENiagaraSkelMeshPositionSamplingMode.uasset" 599
"../../../Engine/Plugins/FX/Niagara/Content/Enums/ENiagaraSkelMeshPositionSamplingMode.uexp" 600
"../../../Engine/Plugins/FX/Niagara/Content/Enums/ENiagaraBoneSocketSamplingMode.uasset" 601
"../../../Engine/Plugins/FX/Niagara/Content/Enums/ENiagaraBoneSocketSamplingMode.uexp" 602
"../../../Engine/Plugins/FX/Niagara/Content/Enums/ENiagaraBoneSamplingMode.uasset" 603
"../../../Engine/Plugins/FX/Niagara/Content/Enums/ENiagaraBoneSamplingMode.uexp" 604
"../../../Engine/Plugins/FX/Niagara/Content/Enums/ENiagaraMeshTransforms.uasset" 605
"../../../Engine/Plugins/FX/Niagara/Content/Enums/ENiagaraMeshTransforms.uexp" 606
"../../../Engine/Plugins/FX/Niagara/Content/Enums/ENiagara_AttributeSamplingApplyOutput.uasset" 607
"../../../Engine/Plugins/FX/Niagara/Content/Enums/ENiagara_AttributeSamplingApplyOutput.uexp" 608
"../../../Engine/Plugins/FX/Niagara/Content/Functions/Rotation/MatrixToQuaternion.uasset" 609
"../../../Engine/Plugins/FX/Niagara/Content/Functions/Rotation/MatrixToQuaternion.uexp" 610
"../../../Engine/Plugins/FX/Niagara/Content/Functions/Rotation/MakeQuaternionFrom3BasisVectors.uasset" 611
"../../../Engine/Plugins/FX/Niagara/Content/Functions/Rotation/MakeQuaternionFrom3BasisVectors.uexp" 612
"../../../Engine/Plugins/FX/Niagara/Content/Functions/Rotation/MultiplyQuaternion.uasset" 613
"../../../Engine/Plugins/FX/Niagara/Content/Functions/Rotation/MultiplyQuaternion.uexp" 614
"../../../Engine/Plugins/FX/Niagara/Content/Functions/Rotation/InvertQuaternion.uasset" 615
"../../../Engine/Plugins/FX/Niagara/Content/Functions/Rotation/InvertQuaternion.uexp" 616
"../../../Engine/Plugins/FX/Niagara/Content/Functions/Localspace/TransformPosition.uasset" 617
"../../../Engine/Plugins/FX/Niagara/Content/Functions/Localspace/TransformPosition.uexp" 618
"../../../Engine/Plugins/FX/Niagara/Content/Functions/V2/CalculateRandomRangeInteger.uasset" 619
"../../../Engine/Plugins/FX/Niagara/Content/Functions/V2/CalculateRandomRangeInteger.uexp" 620
"../../../Engine/Plugins/FX/Niagara/Content/Modules/Spawn/Location/V2/SkeletalMeshLocation.uasset" 621
"../../../Engine/Plugins/FX/Niagara/Content/Modules/Spawn/Location/V2/SkeletalMeshLocation.uexp" 622
"../../../Engine/Plugins/FX/Niagara/Content/Modules/Emitter/SpawnRate.uasset" 623
"../../../Engine/Plugins/FX/Niagara/Content/Modules/Emitter/SpawnRate.uexp" 624
"../../../Engine/Plugins/FX/Niagara/Content/DynamicInputs/UniformRange/V2/RandomRangeFloat.uasset" 625
"../../../Engine/Plugins/FX/Niagara/Content/DynamicInputs/UniformRange/V2/RandomRangeFloat.uexp" 626
"../../../Engine/Plugins/FX/Niagara/Content/DefaultAssets/DefaultRIbbonMaterial.uasset" 627
"../../../Engine/Plugins/FX/Niagara/Content/DefaultAssets/DefaultRIbbonMaterial.uexp" 628
"../../../Engine/Plugins/FX/Niagara/Content/Enums/Ribbons/ENiagara_UnsetDirectSetRandom.uasset" 629
"../../../Engine/Plugins/FX/Niagara/Content/Enums/Ribbons/ENiagara_UnsetDirectSetRandom.uexp" 630
"../../../Engine/Plugins/FX/Niagara/Content/Enums/ENiagara_LifetimeMode.uasset" 631
"../../../Engine/Plugins/FX/Niagara/Content/Enums/ENiagara_LifetimeMode.uexp" 632
"../../../Engine/Plugins/FX/Niagara/Content/Enums/ENiagaraChannelCorrelation.uasset" 633
"../../../Engine/Plugins/FX/Niagara/Content/Enums/ENiagaraChannelCorrelation.uexp" 634
"../../../Engine/Plugins/FX/Niagara/Content/Enums/ENiagara_SizeScaleMode.uasset" 635
"../../../Engine/Plugins/FX/Niagara/Content/Enums/ENiagara_SizeScaleMode.uexp" 636
"../../../Engine/Plugins/FX/Niagara/Content/Enums/ENiagara_ColorInitializationMode.uasset" 637
"../../../Engine/Plugins/FX/Niagara/Content/Enums/ENiagara_ColorInitializationMode.uexp" 638
"../../../Engine/Plugins/FX/Niagara/Content/Enums/ENiagara_MassInitializationMode.uasset" 639
"../../../Engine/Plugins/FX/Niagara/Content/Enums/ENiagara_MassInitializationMode.uexp" 640
"../../../Engine/Plugins/FX/Niagara/Content/Enums/ENiagara_PositionInitializationMode.uasset" 641
"../../../Engine/Plugins/FX/Niagara/Content/Enums/ENiagara_PositionInitializationMode.uexp" 642
"../../../Engine/Plugins/FX/Niagara/Content/Enums/ENiagara_UVFlippingMode.uasset" 643
"../../../Engine/Plugins/FX/Niagara/Content/Enums/ENiagara_UVFlippingMode.uexp" 644
"../../../Engine/Plugins/FX/Niagara/Content/Enums/ENiagara_SpriteRotationMode.uasset" 645
"../../../Engine/Plugins/FX/Niagara/Content/Enums/ENiagara_SpriteRotationMode.uexp" 646
"../../../Engine/Plugins/FX/Niagara/Content/Functions/V2/CalculateRandomBool.uasset" 647
"../../../Engine/Plugins/FX/Niagara/Content/Functions/V2/CalculateRandomBool.uexp" 648
"../../../Engine/Plugins/FX/Niagara/Content/Functions/LinearColor/HueShiftLinearColor.uasset" 649
"../../../Engine/Plugins/FX/Niagara/Content/Functions/LinearColor/HueShiftLinearColor.uexp" 650
"../../../Engine/Plugins/FX/Niagara/Content/Modules/Spawn/Initialization/V2/InitializeParticle.uasset" 651
"../../../Engine/Plugins/FX/Niagara/Content/Modules/Spawn/Initialization/V2/InitializeParticle.uexp" 652
"../../../Engine/Plugins/FX/Niagara/Content/Modules/Update/Forces/Drag.uasset" 653
"../../../Engine/Plugins/FX/Niagara/Content/Modules/Update/Forces/Drag.uexp" 654
"../../../Engine/Plugins/FX/Niagara/Content/DynamicInputs/TypeConversions/VectorFromFloat.uasset" 655
"../../../Engine/Plugins/FX/Niagara/Content/DynamicInputs/TypeConversions/VectorFromFloat.uexp" 656
"../../../Engine/Plugins/FX/Niagara/Content/DynamicInputs/ValueFromCurve/VectorFromCurve.uasset" 657
"../../../Engine/Plugins/FX/Niagara/Content/DynamicInputs/ValueFromCurve/VectorFromCurve.uexp" 658
"../../../Engine/Plugins/FX/Niagara/Content/Functions/CalculateTriangleArea.uasset" 659
"../../../Engine/Plugins/FX/Niagara/Content/Functions/CalculateTriangleArea.uexp" 660
"../../../Engine/Plugins/FX/Niagara/Content/Modules/Spawn/MeshInterface/Initialize_MeshReproductionSprite.uasset" 661
"../../../Engine/Plugins/FX/Niagara/Content/Modules/Spawn/MeshInterface/Initialize_MeshReproductionSprite.uexp" 662
"X:/Unreal Projects/Momentum/Momentum/Content/AfterImageSystem.uasset" 663
"X:/Unreal Projects/Momentum/Momentum/Content/AfterImageSystem.uexp" 664
"X:/Unreal Projects/Momentum/Momentum/Content/Rig/TestImportRig.uasset" 665
"X:/Unreal Projects/Momentum/Momentum/Content/Rig/TestImportRig.uexp" 666
"X:/Unreal Projects/Momentum/Momentum/Content/JumpForceCurve.uasset" 667
"X:/Unreal Projects/Momentum/Momentum/Content/JumpForceCurve.uexp" 668
"X:/Unreal Projects/Momentum/Momentum/Content/HealthComponent.uasset" 669
"X:/Unreal Projects/Momentum/Momentum/Content/HealthComponent.uexp" 670
"X:/Unreal Projects/Momentum/Momentum/Content/Geometry/Rail.uasset" 671
"X:/Unreal Projects/Momentum/Momentum/Content/Geometry/Rail.uexp" 672
"X:/Unreal Projects/Momentum/Momentum/Content/RailMat.uasset" 673
"X:/Unreal Projects/Momentum/Momentum/Content/RailMat.uexp" 674
"X:/Unreal Projects/Momentum/Momentum/Content/ThirdPersonCPP/GrindRail.uasset" 675
"X:/Unreal Projects/Momentum/Momentum/Content/ThirdPersonCPP/GrindRail.uexp" 676
"X:/Unreal Projects/Momentum/Momentum/Content/DropShadow.uasset" 677
"X:/Unreal Projects/Momentum/Momentum/Content/DropShadow.uexp" 678
"X:/Unreal Projects/Momentum/Momentum/Content/DropShadow.ubulk" 679
"X:/Unreal Projects/Momentum/Momentum/Content/DropShadow_Mat.uasset" 680
"X:/Unreal Projects/Momentum/Momentum/Content/DropShadow_Mat.uexp" 681
"X:/Unreal Projects/Momentum/Momentum/Content/DamageComponent.uasset" 682
"X:/Unreal Projects/Momentum/Momentum/Content/DamageComponent.uexp" 683
"X:/Unreal Projects/Momentum/Momentum/Content/CinePlayer.uasset" 684
"X:/Unreal Projects/Momentum/Momentum/Content/CinePlayer.uexp" 685
"X:/Unreal Projects/Momentum/Momentum/Content/ActivateIntroCinematic.uasset" 686
"X:/Unreal Projects/Momentum/Momentum/Content/ActivateIntroCinematic.uexp" 687
"X:/Unreal Projects/Momentum/Momentum/Content/TestImport_LowPoly_Skeleton.uasset" 688
"X:/Unreal Projects/Momentum/Momentum/Content/TestImport_LowPoly_Skeleton.uexp" 689
"X:/Unreal Projects/Momentum/Momentum/Content/AccelerateAnim.uasset" 690
"X:/Unreal Projects/Momentum/Momentum/Content/AccelerateAnim.uexp" 691
"X:/Unreal Projects/Momentum/Momentum/Content/AccelerationCurve.uasset" 692
"X:/Unreal Projects/Momentum/Momentum/Content/AccelerationCurve.uexp" 693
"X:/Unreal Projects/Momentum/Momentum/Content/ThirdPersonCPP/Blueprints/ThirdPersonCharacter.uasset" 694
"X:/Unreal Projects/Momentum/Momentum/Content/ThirdPersonCPP/Blueprints/ThirdPersonCharacter.uexp" 695
"X:/Unreal Projects/Momentum/Momentum/Content/ThirdPersonCPP/Balance.uasset" 696
"X:/Unreal Projects/Momentum/Momentum/Content/ThirdPersonCPP/Balance.uexp" 697
"X:/Unreal Projects/Momentum/Momentum/Content/Blueprints/CharacterAbilities/GrindComponent.uasset" 698
"X:/Unreal Projects/Momentum/Momentum/Content/Blueprints/CharacterAbilities/GrindComponent.uexp" 699
"X:/Unreal Projects/Momentum/Momentum/Content/Blueprints/CharacterAbilities/CorrectRotationComponent.uasset" 700
"X:/Unreal Projects/Momentum/Momentum/Content/Blueprints/CharacterAbilities/CorrectRotationComponent.uexp" 701
"X:/Unreal Projects/Momentum/Momentum/Content/Blueprints/CharacterAbilities/BlobShadow.uasset" 702
"X:/Unreal Projects/Momentum/Momentum/Content/Blueprints/CharacterAbilities/BlobShadow.uexp" 703
"X:/Unreal Projects/Momentum/Momentum/Content/HillSpeedCurve_2.uasset" 704
"X:/Unreal Projects/Momentum/Momentum/Content/HillSpeedCurve_2.uexp" 705
"X:/Unreal Projects/Momentum/Momentum/Content/HillAccelerationCurve.uasset" 706
"X:/Unreal Projects/Momentum/Momentum/Content/HillAccelerationCurve.uexp" 707
"X:/Unreal Projects/Momentum/Momentum/Content/Blueprints/UphillComponent.uasset" 708
"X:/Unreal Projects/Momentum/Momentum/Content/Blueprints/UphillComponent.uexp" 709
"X:/Unreal Projects/Momentum/Momentum/Content/Audio/SFX/SkatesJump.uasset" 710
"X:/Unreal Projects/Momentum/Momentum/Content/Audio/SFX/SkatesJump.uexp" 711
"X:/Unreal Projects/Momentum/Momentum/Content/Audio/SFX/SkatesJump_Cue.uasset" 712
"X:/Unreal Projects/Momentum/Momentum/Content/Audio/SFX/SkatesJump_Cue.uexp" 713
"../../../Engine/Content/Functions/Engine_MaterialFunctions02/Utility/VectorToRadialValue.uasset" 714
"../../../Engine/Content/Functions/Engine_MaterialFunctions02/Utility/VectorToRadialValue.uexp" 715
"X:/Unreal Projects/Momentum/Momentum/Content/SpeedLines.uasset" 716
"X:/Unreal Projects/Momentum/Momentum/Content/SpeedLines.uexp" 717
"X:/Unreal Projects/Momentum/Momentum/Content/SpeedLinesInstance.uasset" 718
"X:/Unreal Projects/Momentum/Momentum/Content/SpeedLinesInstance.uexp" 719
"X:/Unreal Projects/Momentum/Momentum/Content/Audio/SFX/FA_Win_Stinger_2.uasset" 720
"X:/Unreal Projects/Momentum/Momentum/Content/Audio/SFX/FA_Win_Stinger_2.uexp" 721
"X:/Unreal Projects/Momentum/Momentum/Content/CollectibleManager.uasset" 722
"X:/Unreal Projects/Momentum/Momentum/Content/CollectibleManager.uexp" 723
"X:/Unreal Projects/Momentum/Momentum/Content/LevelTimer.uasset" 724
"X:/Unreal Projects/Momentum/Momentum/Content/LevelTimer.uexp" 725
"X:/Unreal Projects/Momentum/Momentum/Content/UI/Levels/GameOver.uasset" 726
"X:/Unreal Projects/Momentum/Momentum/Content/UI/Levels/GameOver.uexp" 727
"../../../Engine/Plugins/FX/Niagara/Content/Modules/Update/Color/Color.uasset" 728
"../../../Engine/Plugins/FX/Niagara/Content/Modules/Update/Color/Color.uexp" 729
"../../../Engine/Plugins/FX/Niagara/Content/Modules/Emitter/SpawnPerFrame.uasset" 730
"../../../Engine/Plugins/FX/Niagara/Content/Modules/Emitter/SpawnPerFrame.uexp" 731
"../../../Engine/Plugins/FX/Niagara/Content/Functions/Spline/FindPositionOnBezierSpline.uasset" 732
"../../../Engine/Plugins/FX/Niagara/Content/Functions/Spline/FindPositionOnBezierSpline.uexp" 733
"../../../Engine/Plugins/FX/Niagara/Content/Modules/Beams/UpdateBeam.uasset" 734
"../../../Engine/Plugins/FX/Niagara/Content/Modules/Beams/UpdateBeam.uexp" 735
"../../../Engine/Plugins/FX/Niagara/Content/Functions/NormalizedExecutionIndex.uasset" 736
"../../../Engine/Plugins/FX/Niagara/Content/Functions/NormalizedExecutionIndex.uexp" 737
"../../../Engine/Plugins/FX/Niagara/Content/Modules/Beams/SpawnBeam.uasset" 738
"../../../Engine/Plugins/FX/Niagara/Content/Modules/Beams/SpawnBeam.uexp" 739
"../../../Engine/Plugins/FX/Niagara/Content/Modules/Beams/BeamWidth.uasset" 740
"../../../Engine/Plugins/FX/Niagara/Content/Modules/Beams/BeamWidth.uexp" 741
"../../../Engine/Plugins/FX/Niagara/Content/DynamicInputs/Helpers/SimulationPosition.uasset" 742
"../../../Engine/Plugins/FX/Niagara/Content/DynamicInputs/Helpers/SimulationPosition.uexp" 743
"../../../Engine/Plugins/FX/Niagara/Content/DynamicInputs/Multiply/Multiply_VectorByFloat.uasset" 744
"../../../Engine/Plugins/FX/Niagara/Content/DynamicInputs/Multiply/Multiply_VectorByFloat.uexp" 745
"../../../Engine/Plugins/FX/Niagara/Content/Modules/Beams/BeamEmitterSetup.uasset" 746
"../../../Engine/Plugins/FX/Niagara/Content/Modules/Beams/BeamEmitterSetup.uexp" 747
"../../../Engine/Plugins/FX/Niagara/Content/DynamicInputs/ValueFromCurve/ColorFromCurve.uasset" 748
"../../../Engine/Plugins/FX/Niagara/Content/DynamicInputs/ValueFromCurve/ColorFromCurve.uexp" 749
"../../../Engine/Plugins/FX/Niagara/Content/Modules/Update/Material/DynamicMaterialParameters.uasset" 750
"../../../Engine/Plugins/FX/Niagara/Content/Modules/Update/Material/DynamicMaterialParameters.uexp" 751
"../../../Engine/Plugins/FX/Niagara/Content/DynamicInputs/LinearColor/LerpLinearColors.uasset" 752
"../../../Engine/Plugins/FX/Niagara/Content/DynamicInputs/LinearColor/LerpLinearColors.uexp" 753
"X:/Unreal Projects/Momentum/Momentum/Content/SkatesTrailMat.uasset" 754
"X:/Unreal Projects/Momentum/Momentum/Content/SkatesTrailMat.uexp" 755
"../../../Engine/Plugins/FX/Niagara/Content/Enums/Ribbons/ENiagara_UnsetDirectSet.uasset" 756
"../../../Engine/Plugins/FX/Niagara/Content/Enums/Ribbons/ENiagara_UnsetDirectSet.uexp" 757
"../../../Engine/Plugins/FX/Niagara/Content/Enums/ENiagaraTorusMode.uasset" 758
"../../../Engine/Plugins/FX/Niagara/Content/Enums/ENiagaraTorusMode.uexp" 759
"../../../Engine/Plugins/FX/Niagara/Content/Enums/ENiagaraTorusDistributionMode.uasset" 760
"../../../Engine/Plugins/FX/Niagara/Content/Enums/ENiagaraTorusDistributionMode.uexp" 761
"../../../Engine/Plugins/FX/Niagara/Content/Functions/RandomRange.uasset" 762
"../../../Engine/Plugins/FX/Niagara/Content/Functions/RandomRange.uexp" 763
"../../../Engine/Plugins/FX/Niagara/Content/Functions/ParametricTorusKnot.uasset" 764
"../../../Engine/Plugins/FX/Niagara/Content/Functions/ParametricTorusKnot.uexp" 765
"../../../Engine/Plugins/FX/Niagara/Content/Functions/ParametricTorus.uasset" 766
"../../../Engine/Plugins/FX/Niagara/Content/Functions/ParametricTorus.uexp" 767
"../../../Engine/Plugins/FX/Niagara/Content/Functions/Rotation/AxisAngleToQuaternion.uasset" 768
"../../../Engine/Plugins/FX/Niagara/Content/Functions/Rotation/AxisAngleToQuaternion.uexp" 769
"../../../Engine/Plugins/FX/Niagara/Content/Modules/Spawn/Location/TorusLocation.uasset" 770
"../../../Engine/Plugins/FX/Niagara/Content/Modules/Spawn/Location/TorusLocation.uexp" 771
"../../../Engine/Plugins/FX/Niagara/Content/Modules/Spawn/Initialization/InitializeRibbon.uasset" 772
"../../../Engine/Plugins/FX/Niagara/Content/Modules/Spawn/Initialization/InitializeRibbon.uexp" 773
"X:/Unreal Projects/Momentum/Momentum/Content/SkatesTrails.uasset" 774
"X:/Unreal Projects/Momentum/Momentum/Content/SkatesTrails.uexp" 775
"X:/Unreal Projects/Momentum/Momentum/Content/SpeedCameraShake.uasset" 776
"X:/Unreal Projects/Momentum/Momentum/Content/SpeedCameraShake.uexp" 777
"X:/Unreal Projects/Momentum/Momentum/Content/SenseOfSpeedComponent.uasset" 778
"X:/Unreal Projects/Momentum/Momentum/Content/SenseOfSpeedComponent.uexp" 779
"X:/Unreal Projects/Momentum/Momentum/Content/Collector.uasset" 780
"X:/Unreal Projects/Momentum/Momentum/Content/Collector.uexp" 781
"../../../Engine/Content/BasicShapes/Cube.uasset" 782
"../../../Engine/Content/BasicShapes/Cube.uexp" 783
"X:/Unreal Projects/Momentum/Momentum/Content/Blob.uasset" 784
"X:/Unreal Projects/Momentum/Momentum/Content/Blob.uexp" 785
"X:/Unreal Projects/Momentum/Momentum/Content/Blob_Mat.uasset" 786
"X:/Unreal Projects/Momentum/Momentum/Content/Blob_Mat.uexp" 787
"X:/Unreal Projects/Momentum/Momentum/Content/BlobRed.uasset" 788
"X:/Unreal Projects/Momentum/Momentum/Content/BlobRed.uexp" 789
"X:/Unreal Projects/Momentum/Momentum/Content/BlobRed_Mat.uasset" 790
"X:/Unreal Projects/Momentum/Momentum/Content/BlobRed_Mat.uexp" 791
"X:/Unreal Projects/Momentum/Momentum/Content/HandleAutoManualCamera.uasset" 792
"X:/Unreal Projects/Momentum/Momentum/Content/HandleAutoManualCamera.uexp" 793
"X:/Unreal Projects/Momentum/Momentum/Content/FastAcceleration.uasset" 794
"X:/Unreal Projects/Momentum/Momentum/Content/FastAcceleration.uexp" 795
"X:/Unreal Projects/Momentum/Momentum/Content/EndLevelComponent.uasset" 796
"X:/Unreal Projects/Momentum/Momentum/Content/EndLevelComponent.uexp" 797
"X:/Unreal Projects/Momentum/Momentum/Content/Skater_Skye/SkaterSkyeCharacter_BP.uasset" 798
"X:/Unreal Projects/Momentum/Momentum/Content/Skater_Skye/SkaterSkyeCharacter_BP.uexp" 799
"X:/Unreal Projects/Momentum/Momentum/Content/UI/Levels/LevelEndActor.uasset" 800
"X:/Unreal Projects/Momentum/Momentum/Content/UI/Levels/LevelEndActor.uexp" 801
"X:/Unreal Projects/Momentum/Momentum/Content/UI/Menus/CharacterCreatorSubWidget.uasset" 802
"X:/Unreal Projects/Momentum/Momentum/Content/UI/Menus/CharacterCreatorSubWidget.uexp" 803
"X:/Unreal Projects/Momentum/Momentum/Content/UI/Menus/FemaleShirtPicker.uasset" 804
"X:/Unreal Projects/Momentum/Momentum/Content/UI/Menus/FemaleShirtPicker.uexp" 805
"X:/Unreal Projects/Momentum/Momentum/Content/UI/Menus/CreateCharacterPrompt.uasset" 806
"X:/Unreal Projects/Momentum/Momentum/Content/UI/Menus/CreateCharacterPrompt.uexp" 807
"X:/Unreal Projects/Momentum/Momentum/Content/SkaterGameStateBase.uasset" 808
"X:/Unreal Projects/Momentum/Momentum/Content/SkaterGameStateBase.uexp" 809
"X:/Unreal Projects/Momentum/Momentum/Content/SaveList.uasset" 810
"X:/Unreal Projects/Momentum/Momentum/Content/SaveList.uexp" 811
"X:/Unreal Projects/Momentum/Momentum/Content/MenuOption.uasset" 812
"X:/Unreal Projects/Momentum/Momentum/Content/MenuOption.uexp" 813
"../../../Engine/Plugins/Marketplace/NinjaCharacter/Content/Geometry/Meshes/CubeMaterial.uasset" 814
"../../../Engine/Plugins/Marketplace/NinjaCharacter/Content/Geometry/Meshes/CubeMaterial.uexp" 815
"../../../Engine/Plugins/Marketplace/NinjaCharacter/Content/Geometry/Meshes/1M_Cube.uasset" 816
"../../../Engine/Plugins/Marketplace/NinjaCharacter/Content/Geometry/Meshes/1M_Cube.uexp" 817
"X:/Unreal Projects/Momentum/Momentum/Content/Experimental/DeleteAllLevels.uasset" 818
"X:/Unreal Projects/Momentum/Momentum/Content/Experimental/DeleteAllLevels.uexp" 819
"X:/Unreal Projects/Momentum/Momentum/Content/PanningCamera.uasset" 820
"X:/Unreal Projects/Momentum/Momentum/Content/PanningCamera.uexp" 821
"X:/Unreal Projects/Momentum/Momentum/Content/Rig/Skates_PhysicsAsset.uasset" 822
"X:/Unreal Projects/Momentum/Momentum/Content/Rig/Skates_PhysicsAsset.uexp" 823
"X:/Unreal Projects/Momentum/Momentum/Content/Rig/SkatesMat.uasset" 824
"X:/Unreal Projects/Momentum/Momentum/Content/Rig/SkatesMat.uexp" 825
"X:/Unreal Projects/Momentum/Momentum/Content/Rig/SkatesMat.ubulk" 826
"X:/Unreal Projects/Momentum/Momentum/Content/Rig/SkatesMaterial.uasset" 827
"X:/Unreal Projects/Momentum/Momentum/Content/Rig/SkatesMaterial.uexp" 828
"X:/Unreal Projects/Momentum/Momentum/Content/Rig/Skates.uasset" 829
"X:/Unreal Projects/Momentum/Momentum/Content/Rig/Skates.uexp" 830
"X:/Unreal Projects/Momentum/Momentum/Content/StylizedRenderingSystem/Materials/Master/M_SkaterShorts.uasset" 831
"X:/Unreal Projects/Momentum/Momentum/Content/StylizedRenderingSystem/Materials/Master/M_SkaterShorts.uexp" 832
"X:/Unreal Projects/Momentum/Momentum/Content/StylizedRenderingSystem/Materials/Master/M_SkaterShirt.uasset" 833
"X:/Unreal Projects/Momentum/Momentum/Content/StylizedRenderingSystem/Materials/Master/M_SkaterShirt.uexp" 834
"X:/Unreal Projects/Momentum/Momentum/Content/StylizedRenderingSystem/Materials/Master/M_SkaterHeadphones.uasset" 835
"X:/Unreal Projects/Momentum/Momentum/Content/StylizedRenderingSystem/Materials/Master/M_SkaterHeadphones.uexp" 836
"X:/Unreal Projects/Momentum/Momentum/Content/Mannequin/Character/Materials/MaterialLayers/T_ML_Aluminum01_N.uasset" 837
"X:/Unreal Projects/Momentum/Momentum/Content/Mannequin/Character/Materials/MaterialLayers/T_ML_Aluminum01_N.uexp" 838
"X:/Unreal Projects/Momentum/Momentum/Content/Mannequin/Character/Materials/MaterialLayers/T_ML_Aluminum01_N.ubulk" 839
"X:/Unreal Projects/Momentum/Momentum/Content/StylizedRenderingSystem/Materials/Master/Hair.uasset" 840
"X:/Unreal Projects/Momentum/Momentum/Content/StylizedRenderingSystem/Materials/Master/Hair.uexp" 841
"X:/Unreal Projects/Momentum/Momentum/Content/Rig/M_SkatesMaterial.uasset" 842
"X:/Unreal Projects/Momentum/Momentum/Content/Rig/M_SkatesMaterial.uexp" 843
"X:/Unreal Projects/Momentum/Momentum/Content/CharacterCreation/CharacterDataInterface.uasset" 844
"X:/Unreal Projects/Momentum/Momentum/Content/CharacterCreation/CharacterDataInterface.uexp" 845
"X:/Unreal Projects/Momentum/Momentum/Content/Blueprints/CharacterData/SkinData.uasset" 846
"X:/Unreal Projects/Momentum/Momentum/Content/Blueprints/CharacterData/SkinData.uexp" 847
"X:/Unreal Projects/Momentum/Momentum/Content/MainMenuGameMode.uasset" 848
"X:/Unreal Projects/Momentum/Momentum/Content/MainMenuGameMode.uexp" 849
"X:/Unreal Projects/Momentum/Momentum/Content/UI/Menus/MainMenu.uasset" 850
"X:/Unreal Projects/Momentum/Momentum/Content/UI/Menus/MainMenu.uexp" 851
"X:/Unreal Projects/Momentum/Momentum/Content/UI/Menus/MaleShirtPicker.uasset" 852
"X:/Unreal Projects/Momentum/Momentum/Content/UI/Menus/MaleShirtPicker.uexp" 853
"../../../Engine/Content/ArtTools/RenderToTexture/Meshes/S_1_Unit_Plane.uasset" 854
"../../../Engine/Content/ArtTools/RenderToTexture/Meshes/S_1_Unit_Plane.uexp" 855
"../../../Engine/Content/EngineMaterials/DefaultMaterial.uasset" 856
"../../../Engine/Content/EngineMaterials/DefaultMaterial.uexp" 857
"../../../Engine/Content/BasicShapes/Cone.uasset" 858
"../../../Engine/Content/BasicShapes/Cone.uexp" 859
"../../../Engine/Content/BasicShapes/Plane.uasset" 860
"../../../Engine/Content/BasicShapes/Plane.uexp" 861
"../../../Engine/Content/EditorLandscapeResources/DataLayer.uasset" 862
"../../../Engine/Content/EditorLandscapeResources/DataLayer.uexp" 863
"../../../Engine/Content/EditorLandscapeResources/DefaultAlphaTexture.uasset" 864
"../../../Engine/Content/EditorLandscapeResources/DefaultAlphaTexture.uexp" 865
"../../../Engine/Content/EditorMaterials/MAT_Groups_Toggle.uasset" 866
"../../../Engine/Content/EditorMaterials/MAT_Groups_Toggle.uexp" 867
"../../../Engine/Content/EditorMaterials/MAT_Groups_Visibility.uasset" 868
"../../../Engine/Content/EditorMaterials/MAT_Groups_Visibility.uexp" 869
"../../../Engine/Content/EditorMaterials/PreviewShadowIndicator.uasset" 870
"../../../Engine/Content/EditorMaterials/PreviewShadowIndicator.uexp" 871
"../../../Engine/Content/EditorMaterials/PreviewShadowIndicator.ubulk" 872
"../../../Engine/Content/EditorMaterials/PreviewShadowIndicatorMaterial.uasset" 873
"../../../Engine/Content/EditorMaterials/PreviewShadowIndicatorMaterial.uexp" 874
"../../../Engine/Content/EditorMaterials/MatineeGroups/MAT_ColorTrack.uasset" 875
"../../../Engine/Content/EditorMaterials/MatineeGroups/MAT_ColorTrack.uexp" 876
"../../../Engine/Content/EditorMaterials/MatineeGroups/MAT_Groups_Anim.uasset" 877
"../../../Engine/Content/EditorMaterials/MatineeGroups/MAT_Groups_Anim.uexp" 878
"../../../Engine/Content/EditorMaterials/MatineeGroups/MAT_Groups_AudioMaster.uasset" 879
"../../../Engine/Content/EditorMaterials/MatineeGroups/MAT_Groups_AudioMaster.uexp" 880
"../../../Engine/Content/EditorMaterials/MatineeGroups/MAT_Groups_Director.uasset" 881
"../../../Engine/Content/EditorMaterials/MatineeGroups/MAT_Groups_Director.uexp" 882
"../../../Engine/Content/EditorMaterials/MatineeGroups/MAT_Groups_Event.uasset" 883
"../../../Engine/Content/EditorMaterials/MatineeGroups/MAT_Groups_Event.uexp" 884
"../../../Engine/Content/EditorMaterials/MatineeGroups/MAT_Groups_Fade.uasset" 885
"../../../Engine/Content/EditorMaterials/MatineeGroups/MAT_Groups_Fade.uexp" 886
"../../../Engine/Content/EditorMaterials/MatineeGroups/MAT_Groups_Float.uasset" 887
"../../../Engine/Content/EditorMaterials/MatineeGroups/MAT_Groups_Float.uexp" 888
"../../../Engine/Content/EditorMaterials/MatineeGroups/MAT_Groups_Move.uasset" 889
"../../../Engine/Content/EditorMaterials/MatineeGroups/MAT_Groups_Move.uexp" 890
"../../../Engine/Content/EditorMaterials/MatineeGroups/MAT_Groups_Slomo.uasset" 891
"../../../Engine/Content/EditorMaterials/MatineeGroups/MAT_Groups_Slomo.uexp" 892
"../../../Engine/Content/EditorMaterials/MatineeGroups/MAT_Groups_Sound.uasset" 893
"../../../Engine/Content/EditorMaterials/MatineeGroups/MAT_Groups_Sound.uexp" 894
"../../../Engine/Content/EditorMaterials/MatineeGroups/MAT_Groups_Vector.uasset" 895
"../../../Engine/Content/EditorMaterials/MatineeGroups/MAT_Groups_Vector.uexp" 896
"../../../Engine/Content/EditorMaterials/ParticleSystems/PSysThumbnail_NoImage.uasset" 897
"../../../Engine/Content/EditorMaterials/ParticleSystems/PSysThumbnail_NoImage.uexp" 898
"../../../Engine/Content/EditorMaterials/ParticleSystems/PSysThumbnail_NoImage.ubulk" 899
"../../../Engine/Content/EditorMaterials/ParticleSystems/PSysThumbnail_OOD.uasset" 900
"../../../Engine/Content/EditorMaterials/ParticleSystems/PSysThumbnail_OOD.uexp" 901
"../../../Engine/Content/EditorMaterials/ParticleSystems/PSysThumbnail_OOD.ubulk" 902
"../../../Engine/Content/EditorMaterials/Camera/CineMat.uasset" 903
"../../../Engine/Content/EditorMaterials/Camera/CineMat.uexp" 904
"../../../Engine/Content/EditorMaterials/Camera/MI_CineMat_Rig.uasset" 905
"../../../Engine/Content/EditorMaterials/Camera/MI_CineMat_Rig.uexp" 906
"../../../Engine/Content/EditorMeshes/Camera/SM_CraneRig_Arm.uasset" 907
"../../../Engine/Content/EditorMeshes/Camera/SM_CraneRig_Arm.uexp" 908
"../../../Engine/Content/EditorMeshes/Camera/SM_CraneRig_Base.uasset" 909
"../../../Engine/Content/EditorMeshes/Camera/SM_CraneRig_Base.uexp" 910
"../../../Engine/Content/EditorMeshes/Camera/SM_CraneRig_Body.uasset" 911
"../../../Engine/Content/EditorMeshes/Camera/SM_CraneRig_Body.uexp" 912
"../../../Engine/Content/EditorMeshes/Camera/SM_CraneRig_Mount.uasset" 913
"../../../Engine/Content/EditorMeshes/Camera/SM_CraneRig_Mount.uexp" 914
"../../../Engine/Content/EditorMeshes/Camera/SM_RailRig_Mount.uasset" 915
"../../../Engine/Content/EditorMeshes/Camera/SM_RailRig_Mount.uexp" 916
"../../../Engine/Content/EditorMeshes/Camera/SM_RailRig_Track.uasset" 917
"../../../Engine/Content/EditorMeshes/Camera/SM_RailRig_Track.uexp" 918
"../../../Engine/Content/EditorResources/BSPVertex.uasset" 919
"../../../Engine/Content/EditorResources/BSPVertex.uexp" 920
"../../../Engine/Content/EditorResources/EmptyActor.uasset" 921
"../../../Engine/Content/EditorResources/EmptyActor.uexp" 922
"../../../Engine/Content/EditorResources/S_Actor.uasset" 923
"../../../Engine/Content/EditorResources/S_Actor.uexp" 924
"../../../Engine/Content/EditorResources/S_Actor.ubulk" 925
"../../../Engine/Content/EditorResources/S_Note.uasset" 926
"../../../Engine/Content/EditorResources/S_Note.uexp" 927
"../../../Engine/Content/EditorResources/S_Note.ubulk" 928
"../../../Engine/Content/EditorResources/S_Solver.uasset" 929
"../../../Engine/Content/EditorResources/S_Solver.uexp" 930
"../../../Engine/Content/EditorResources/S_Solver.ubulk" 931
"../../../Engine/Content/EditorResources/S_Terrain.uasset" 932
"../../../Engine/Content/EditorResources/S_Terrain.uexp" 933
"../../../Engine/Content/EditorResources/S_Terrain.ubulk" 934
"../../../Engine/Content/EditorResources/S_Trigger.uasset" 935
"../../../Engine/Content/EditorResources/S_Trigger.uexp" 936
"../../../Engine/Content/EditorResources/S_Trigger.ubulk" 937
"../../../Engine/Content/EditorResources/AudioIcons/S_AudioComponent.uasset" 938
"../../../Engine/Content/EditorResources/AudioIcons/S_AudioComponent.uexp" 939
"../../../Engine/Content/EditorResources/AudioIcons/S_AudioComponent.ubulk" 940
"../../../Engine/Content/EditorResources/AudioIcons/S_AudioComponent_AutoActivate.uasset" 941
"../../../Engine/Content/EditorResources/AudioIcons/S_AudioComponent_AutoActivate.uexp" 942
"../../../Engine/Content/EditorResources/AudioIcons/S_AudioComponent_AutoActivate.ubulk" 943
"../../../Engine/Content/EditorResources/LightIcons/S_LightError.uasset" 944
"../../../Engine/Content/EditorResources/LightIcons/S_LightError.uexp" 945
"../../../Engine/Content/EditorResources/SequenceRecorder/Countdown.uasset" 946
"../../../Engine/Content/EditorResources/SequenceRecorder/Countdown.uexp" 947
"../../../Engine/Content/EditorResources/SequenceRecorder/RecordingIndicator.uasset" 948
"../../../Engine/Content/EditorResources/SequenceRecorder/RecordingIndicator.uexp" 949
"../../../Engine/Content/EngineDamageTypes/DmgTypeBP_Environmental.uasset" 950
"../../../Engine/Content/EngineDamageTypes/DmgTypeBP_Environmental.uexp" 951
"../../../Engine/Content/EngineDebugMaterials/DebugEditorMaterial.uasset" 952
"../../../Engine/Content/EngineDebugMaterials/DebugEditorMaterial.uexp" 953
"../../../Engine/Content/EngineDebugMaterials/DebugMeshMaterial.uasset" 954
"../../../Engine/Content/EngineDebugMaterials/DebugMeshMaterial.uexp" 955
"../../../Engine/Content/EngineDebugMaterials/M_SimpleUnlitTranslucent.uasset" 956
"../../../Engine/Content/EngineDebugMaterials/M_SimpleUnlitTranslucent.uexp" 957
"../../../Engine/Content/Functions/Engine_MaterialFunctions02/Utility/CameraDirectionVector.uasset" 958
"../../../Engine/Content/Functions/Engine_MaterialFunctions02/Utility/CameraDirectionVector.uexp" 959
"../../../Engine/Content/EngineDebugMaterials/VolumeToRender.uasset" 960
"../../../Engine/Content/EngineDebugMaterials/VolumeToRender.uexp" 961
"../../../Engine/Content/EngineDebugMaterials/M_VolumeRenderSphereTracePP.uasset" 962
"../../../Engine/Content/EngineDebugMaterials/M_VolumeRenderSphereTracePP.uexp" 963
"../../../Engine/Content/Functions/Engine_MaterialFunctions01/Shading/ConvertFromDiffSpec.uasset" 964
"../../../Engine/Content/Functions/Engine_MaterialFunctions01/Shading/ConvertFromDiffSpec.uexp" 965
"../../../Engine/Content/EngineDebugMaterials/VertexColorMaterial.uasset" 966
"../../../Engine/Content/EngineDebugMaterials/VertexColorMaterial.uexp" 967
"../../../Engine/Content/EngineDebugMaterials/WireframeMaterial.uasset" 968
"../../../Engine/Content/EngineDebugMaterials/WireframeMaterial.uexp" 969
"../../../Engine/Content/EngineFonts/Faces/RobotoRegular.uasset" 970
"../../../Engine/Content/EngineFonts/Faces/RobotoRegular.uexp" 971
"../../../Engine/Content/EngineFonts/Faces/RobotoRegular.ufont" 972
"../../../Engine/Content/EngineFonts/Faces/RobotoLight.uasset" 973
"../../../Engine/Content/EngineFonts/Faces/RobotoLight.uexp" 974
"../../../Engine/Content/EngineFonts/Faces/RobotoLight.ufont" 975
"../../../Engine/Content/EngineFonts/Faces/RobotoItalic.uasset" 976
"../../../Engine/Content/EngineFonts/Faces/RobotoItalic.uexp" 977
"../../../Engine/Content/EngineFonts/Faces/RobotoItalic.ufont" 978
"../../../Engine/Content/EngineFonts/Faces/RobotoBoldItalic.uasset" 979
"../../../Engine/Content/EngineFonts/Faces/RobotoBoldItalic.uexp" 980
"../../../Engine/Content/EngineFonts/Faces/RobotoBoldItalic.ufont" 981
"../../../Engine/Content/EngineFonts/Faces/RobotoBold.uasset" 982
"../../../Engine/Content/EngineFonts/Faces/RobotoBold.uexp" 983
"../../../Engine/Content/EngineFonts/Faces/RobotoBold.ufont" 984
"../../../Engine/Content/EngineFonts/Faces/DroidSansFallback.uasset" 985
"../../../Engine/Content/EngineFonts/Faces/DroidSansFallback.uexp" 986
"../../../Engine/Content/EngineFonts/Faces/DroidSansFallback.ufont" 987
"../../../Engine/Content/EngineFonts/Roboto.uasset" 988
"../../../Engine/Content/EngineFonts/Roboto.uexp" 989
"../../../Engine/Content/EngineMaterials/BaseFlattenNormalMap.uasset" 990
"../../../Engine/Content/EngineMaterials/BaseFlattenNormalMap.uexp" 991
"../../../Engine/Content/EngineMaterials/BaseFlattenGrayscaleMap.uasset" 992
"../../../Engine/Content/EngineMaterials/BaseFlattenGrayscaleMap.uexp" 993
"../../../Engine/Content/EngineMaterials/BaseFlattenEmissiveMap.uasset" 994
"../../../Engine/Content/EngineMaterials/BaseFlattenEmissiveMap.uexp" 995
"../../../Engine/Content/EngineMaterials/BaseFlattenDiffuseMap.uasset" 996
"../../../Engine/Content/EngineMaterials/BaseFlattenDiffuseMap.uexp" 997
"../../../Engine/Content/EngineMaterials/BaseFlattenMaterial.uasset" 998
"../../../Engine/Content/EngineMaterials/BaseFlattenMaterial.uexp" 999
"../../../Engine/Content/EngineMaterials/BlueNoise.uasset" 1000
"../../../Engine/Content/EngineMaterials/BlueNoise.uexp" 1001
"../../../Engine/Content/EngineMaterials/DefaultBloomKernel.uasset" 1002
"../../../Engine/Content/EngineMaterials/DefaultBloomKernel.uexp" 1003
"../../../Engine/Content/EngineMaterials/DefaultBokeh.uasset" 1004
"../../../Engine/Content/EngineMaterials/DefaultBokeh.uexp" 1005
"../../../Engine/Content/EngineMaterials/DefaultDeferredDecalMaterial.uasset" 1006
"../../../Engine/Content/EngineMaterials/DefaultDeferredDecalMaterial.uexp" 1007
"../../../Engine/Content/EngineMaterials/DefaultLightFunctionMaterial.uasset" 1008
"../../../Engine/Content/EngineMaterials/DefaultLightFunctionMaterial.uexp" 1009
"../../../Engine/Content/EngineMaterials/DefaultPhysicalMaterial.uasset" 1010
"../../../Engine/Content/EngineMaterials/DefaultPhysicalMaterial.uexp" 1011
"../../../Engine/Content/EngineMaterials/DefaultPostProcessMaterial.uasset" 1012
"../../../Engine/Content/EngineMaterials/DefaultPostProcessMaterial.uexp" 1013
"../../../Engine/Content/EngineFonts/RobotoDistanceField.uasset" 1014
"../../../Engine/Content/EngineFonts/RobotoDistanceField.uexp" 1015
"../../../Engine/Content/EngineMaterials/DefaultTextMaterialOpaque.uasset" 1016
"../../../Engine/Content/EngineMaterials/DefaultTextMaterialOpaque.uexp" 1017
"../../../Engine/Content/EngineMaterials/DefaultWhiteGrid.uasset" 1018
"../../../Engine/Content/EngineMaterials/DefaultWhiteGrid.uexp" 1019
"../../../Engine/Content/EngineMaterials/DefaultWhiteGrid.ubulk" 1020
"../../../Engine/Content/EngineMaterials/DefaultWhiteGrid_Low.uasset" 1021
"../../../Engine/Content/EngineMaterials/DefaultWhiteGrid_Low.uexp" 1022
"../../../Engine/Content/EngineMaterials/EmissiveMeshMaterial.uasset" 1023
"../../../Engine/Content/EngineMaterials/EmissiveMeshMaterial.uexp" 1024
"../../../Engine/Content/EngineMaterials/GizmoMaterial.uasset" 1025
"../../../Engine/Content/EngineMaterials/GizmoMaterial.uexp" 1026
"../../../Engine/Content/EngineMaterials/MiniFont.uasset" 1027
"../../../Engine/Content/EngineMaterials/MiniFont.uexp" 1028
"../../../Engine/Content/EngineMaterials/InvalidLightmapSettings.uasset" 1029
"../../../Engine/Content/EngineMaterials/InvalidLightmapSettings.uexp" 1030
"../../../Engine/Content/EngineMaterials/InvalidLightmapSettings.ubulk" 1031
"../../../Engine/Content/EngineMaterials/M_InvalidLightmapSettings.uasset" 1032
"../../../Engine/Content/EngineMaterials/M_InvalidLightmapSettings.uexp" 1033
"../../../Engine/Content/Functions/Engine_MaterialFunctions02/WorldPositionOffset/CameraOffset.uasset" 1034
"../../../Engine/Content/Functions/Engine_MaterialFunctions02/WorldPositionOffset/CameraOffset.uexp" 1035
"../../../Engine/Content/EngineMaterials/PhAT_JointLimitMaterial.uasset" 1036
"../../../Engine/Content/EngineMaterials/PhAT_JointLimitMaterial.uexp" 1037
"../../../Engine/Content/EngineMaterials/DefaultCalibrationColor.uasset" 1038
"../../../Engine/Content/EngineMaterials/DefaultCalibrationColor.uexp" 1039
"../../../Engine/Content/EngineMaterials/PPM_DefaultCalibrationColor.uasset" 1040
"../../../Engine/Content/EngineMaterials/PPM_DefaultCalibrationColor.uexp" 1041
"../../../Engine/Content/EngineMaterials/DefaultCalibrationGrayscale.uasset" 1042
"../../../Engine/Content/EngineMaterials/DefaultCalibrationGrayscale.uexp" 1043
"../../../Engine/Content/EngineMaterials/PPM_DefaultCalibrationGrayscale.uasset" 1044
"../../../Engine/Content/EngineMaterials/PPM_DefaultCalibrationGrayscale.uexp" 1045
"../../../Engine/Content/EngineMaterials/PreintegratedSkinBRDF.uasset" 1046
"../../../Engine/Content/EngineMaterials/PreintegratedSkinBRDF.uexp" 1047
"../../../Engine/Content/EngineMaterials/RemoveSurfaceMaterial.uasset" 1048
"../../../Engine/Content/EngineMaterials/RemoveSurfaceMaterial.uexp" 1049
"../../../Engine/Content/EngineMaterials/WeightMapPlaceholderTexture.uasset" 1050
"../../../Engine/Content/EngineMaterials/WeightMapPlaceholderTexture.uexp" 1051
"../../../Engine/Content/EngineResources/WhiteSquareTexture.uasset" 1052
"../../../Engine/Content/EngineResources/WhiteSquareTexture.uexp" 1053
"../../../Engine/Content/EngineMaterials/Widget3DPassThrough.uasset" 1054
"../../../Engine/Content/EngineMaterials/Widget3DPassThrough.uexp" 1055
"../../../Engine/Content/EngineMaterials/Widget3DPassThrough_Masked.uasset" 1056
"../../../Engine/Content/EngineMaterials/Widget3DPassThrough_Masked.uexp" 1057
"../../../Engine/Content/EngineMaterials/Widget3DPassThrough_Opaque.uasset" 1058
"../../../Engine/Content/EngineMaterials/Widget3DPassThrough_Opaque.uexp" 1059
"../../../Engine/Content/EngineMaterials/Widget3DPassThrough_Masked_OneSided.uasset" 1060
"../../../Engine/Content/EngineMaterials/Widget3DPassThrough_Masked_OneSided.uexp" 1061
"../../../Engine/Content/EngineMaterials/Widget3DPassThrough_Opaque_OneSided.uasset" 1062
"../../../Engine/Content/EngineMaterials/Widget3DPassThrough_Opaque_OneSided.uexp" 1063
"../../../Engine/Content/EngineMaterials/Widget3DPassThrough_Translucent.uasset" 1064
"../../../Engine/Content/EngineMaterials/Widget3DPassThrough_Translucent.uexp" 1065
"../../../Engine/Content/EngineMaterials/Widget3DPassThrough_Translucent_OneSided.uasset" 1066
"../../../Engine/Content/EngineMaterials/Widget3DPassThrough_Translucent_OneSided.uexp" 1067
"../../../Engine/Content/EngineMeshes/Cylinder.uasset" 1068
"../../../Engine/Content/EngineMeshes/Cylinder.uexp" 1069
"../../../Engine/Content/EngineMeshes/Sphere.uasset" 1070
"../../../Engine/Content/EngineMeshes/Sphere.uexp" 1071
"../../../Engine/Content/EngineResources/Black.uasset" 1072
"../../../Engine/Content/EngineResources/Black.uexp" 1073
"../../../Engine/Content/EngineResources/DefaultTextureCube.uasset" 1074
"../../../Engine/Content/EngineResources/DefaultTextureCube.uexp" 1075
"../../../Engine/Content/EngineResources/DefaultVolumeTexture2D.uasset" 1076
"../../../Engine/Content/EngineResources/DefaultVolumeTexture2D.uexp" 1077
"../../../Engine/Content/EngineResources/DefaultVolumeTexture.uasset" 1078
"../../../Engine/Content/EngineResources/DefaultVolumeTexture.uexp" 1079
"../../../Engine/Content/EngineResources/GradientTexture0.uasset" 1080
"../../../Engine/Content/EngineResources/GradientTexture0.uexp" 1081
"../../../Engine/Content/EngineSky/VolumetricClouds/T_NoiseShape64.uasset" 1082
"../../../Engine/Content/EngineSky/VolumetricClouds/T_NoiseShape64.uexp" 1083
"../../../Engine/Content/EngineSky/VolumetricClouds/T_NoiseShape64.ubulk" 1084
"../../../Engine/Content/EngineSky/VolumetricClouds/T_VolumeNoiseShape64.uasset" 1085
"../../../Engine/Content/EngineSky/VolumetricClouds/T_VolumeNoiseShape64.uexp" 1086
"../../../Engine/Content/EngineSky/VolumetricClouds/T_NoiseErosion.uasset" 1087
"../../../Engine/Content/EngineSky/VolumetricClouds/T_NoiseErosion.uexp" 1088
"../../../Engine/Content/EngineSky/VolumetricClouds/T_NoiseErosion.ubulk" 1089
"../../../Engine/Content/EngineSky/VolumetricClouds/T_VolumeNoiseErosion32.uasset" 1090
"../../../Engine/Content/EngineSky/VolumetricClouds/T_VolumeNoiseErosion32.uexp" 1091
"../../../Engine/Content/Functions/Engine_MaterialFunctions02/Utility/MakeFloat2.uasset" 1092
"../../../Engine/Content/Functions/Engine_MaterialFunctions02/Utility/MakeFloat2.uexp" 1093
"../../../Engine/Content/EngineSky/VolumetricClouds/CloudWeatherTexture.uasset" 1094
"../../../Engine/Content/EngineSky/VolumetricClouds/CloudWeatherTexture.uexp" 1095
"../../../Engine/Content/EngineSky/VolumetricClouds/CloudGradientTexture.uasset" 1096
"../../../Engine/Content/EngineSky/VolumetricClouds/CloudGradientTexture.uexp" 1097
"../../../Engine/Content/EngineSky/VolumetricClouds/m_SimpleVolumetricCloud.uasset" 1098
"../../../Engine/Content/EngineSky/VolumetricClouds/m_SimpleVolumetricCloud.uexp" 1099
"../../../Engine/Content/EngineSky/VolumetricClouds/m_SimpleVolumetricCloud_Inst.uasset" 1100
"../../../Engine/Content/EngineSky/VolumetricClouds/m_SimpleVolumetricCloud_Inst.uexp" 1101
"../../../Engine/Content/EngineSounds/Master.uasset" 1102
"../../../Engine/Content/EngineSounds/Master.uexp" 1103
"../../../Engine/Content/Functions/Engine_MaterialFunctions01/Shading/PowerToRoughness.uasset" 1104
"../../../Engine/Content/Functions/Engine_MaterialFunctions01/Shading/PowerToRoughness.uexp" 1105
"../../../Engine/Content/Maps/Templates/Thumbnails/Default.uasset" 1106
"../../../Engine/Content/Maps/Templates/Thumbnails/Default.uexp" 1107
"../../../Engine/Content/Maps/Templates/Thumbnails/TimeOfDay.uasset" 1108
"../../../Engine/Content/Maps/Templates/Thumbnails/TimeOfDay.uexp" 1109
"../../../Engine/Content/Maps/Templates/Thumbnails/VR-Basic.uasset" 1110
"../../../Engine/Content/Maps/Templates/Thumbnails/VR-Basic.uexp" 1111
"../../../Engine/Content/MobileResources/T_MobileControls_texture.uasset" 1112
"../../../Engine/Content/MobileResources/T_MobileControls_texture.uexp" 1113
"../../../Engine/Content/MobileResources/T_MobileMenu2.uasset" 1114
"../../../Engine/Content/MobileResources/T_MobileMenu2.uexp" 1115
"../../../Engine/Content/MobileResources/HUD/AnalogHat.uasset" 1116
"../../../Engine/Content/MobileResources/HUD/AnalogHat.uexp" 1117
"../../../Engine/Content/MobileResources/HUD/VirtualJoystick_Thumb.uasset" 1118
"../../../Engine/Content/MobileResources/HUD/VirtualJoystick_Thumb.uexp" 1119
"../../../Engine/Content/MobileResources/HUD/VirtualJoystick_Background.uasset" 1120
"../../../Engine/Content/MobileResources/HUD/VirtualJoystick_Background.uexp" 1121
"../../../Engine/Content/MobileResources/HUD/DefaultVirtualJoysticks.uasset" 1122
"../../../Engine/Content/MobileResources/HUD/DefaultVirtualJoysticks.uexp" 1123
"../../../Engine/Content/MobileResources/HUD/LeftVirtualJoystickOnly.uasset" 1124
"../../../Engine/Content/MobileResources/HUD/LeftVirtualJoystickOnly.uexp" 1125
"../../../Engine/Content/MobileResources/HUD/MobileHUDButton1_off.uasset" 1126
"../../../Engine/Content/MobileResources/HUD/MobileHUDButton1_off.uexp" 1127
"../../../Engine/Content/MobileResources/HUD/MobileHUDButton1_on.uasset" 1128
"../../../Engine/Content/MobileResources/HUD/MobileHUDButton1_on.uexp" 1129
"../../../Engine/Content/MobileResources/HUD/MobileHUDButton2_off.uasset" 1130
"../../../Engine/Content/MobileResources/HUD/MobileHUDButton2_off.uexp" 1131
"../../../Engine/Content/MobileResources/HUD/MobileHUDButton2_on.uasset" 1132
"../../../Engine/Content/MobileResources/HUD/MobileHUDButton2_on.uexp" 1133
"../../../Engine/Content/MobileResources/HUD/MobileHUDButton3.uasset" 1134
"../../../Engine/Content/MobileResources/HUD/MobileHUDButton3.uexp" 1135
"../../../Engine/Content/MobileResources/HUD/MobileHUDButtonFire.uasset" 1136
"../../../Engine/Content/MobileResources/HUD/MobileHUDButtonFire.uexp" 1137
"../../../Engine/Content/MobileResources/HUD/MobileHUDDirectionPad.uasset" 1138
"../../../Engine/Content/MobileResources/HUD/MobileHUDDirectionPad.uexp" 1139
"../../../Engine/Content/MobileResources/HUD/MobileHUDDirectionPad2.uasset" 1140
"../../../Engine/Content/MobileResources/HUD/MobileHUDDirectionPad2.uexp" 1141
"../../../Engine/Content/MobileResources/HUD/MobileHUDDirectionPad3.uasset" 1142
"../../../Engine/Content/MobileResources/HUD/MobileHUDDirectionPad3.uexp" 1143
"../../../Engine/Content/MobileResources/HUD/MobileHUDDirectionStick.uasset" 1144
"../../../Engine/Content/MobileResources/HUD/MobileHUDDirectionStick.uexp" 1145
"../../../Engine/Content/MobileResources/HUD/T_Castle_ThumbstickInner.uasset" 1146
"../../../Engine/Content/MobileResources/HUD/T_Castle_ThumbstickInner.uexp" 1147
"../../../Engine/Content/MobileResources/HUD/T_Castle_ThumbstickOutter.uasset" 1148
"../../../Engine/Content/MobileResources/HUD/T_Castle_ThumbstickOutter.uexp" 1149
"../../../Engine/Content/Tutorial/ContentIntroCurve.uasset" 1150
"../../../Engine/Content/Tutorial/ContentIntroCurve.uexp" 1151
"../../../Engine/Content/Tutorial/Basics/TutorialAssets/icon_tab_Levels_40x.uasset" 1152
"../../../Engine/Content/Tutorial/Basics/TutorialAssets/icon_tab_Levels_40x.uexp" 1153
"../../../Engine/Content/Tutorial/BlueprintTutorials/TutorialAssets/Blueprint_64x.uasset" 1154
"../../../Engine/Content/Tutorial/BlueprintTutorials/TutorialAssets/Blueprint_64x.uexp" 1155
"../../../Engine/Content/VREditor/TransformGizmo/TranslucentTransformGizmoMaterial.uasset" 1156
"../../../Engine/Content/VREditor/TransformGizmo/TranslucentTransformGizmoMaterial.uexp" 1157
"../../../Engine/Content/VREditor/LaserPointer/VR_LaserPower_01.uasset" 1158
"../../../Engine/Content/VREditor/LaserPointer/VR_LaserPower_01.uexp" 1159
"../../../Engine/Content/VREditor/LaserPointer/VR_LaserPower_01.ubulk" 1160
"../../../Engine/Content/VREditor/TransformGizmo/TransformGizmoMaterial.uasset" 1161
"../../../Engine/Content/VREditor/TransformGizmo/TransformGizmoMaterial.uexp" 1162
"../../../Engine/Content/VREditor/TransformGizmo/BoundingBoxCorner.uasset" 1163
"../../../Engine/Content/VREditor/TransformGizmo/BoundingBoxCorner.uexp" 1164
"../../../Engine/Content/VREditor/TransformGizmo/BoundingBoxEdge.uasset" 1165
"../../../Engine/Content/VREditor/TransformGizmo/BoundingBoxEdge.uexp" 1166
"../../../Engine/Content/VREditor/TransformGizmo/PlaneTranslationHandle.uasset" 1167
"../../../Engine/Content/VREditor/TransformGizmo/PlaneTranslationHandle.uexp" 1168
"../../../Engine/Content/VREditor/TransformGizmo/Xray.uasset" 1169
"../../../Engine/Content/VREditor/TransformGizmo/Xray.uexp" 1170
"../../../Engine/Content/VREditor/TransformGizmo/Main.uasset" 1171
"../../../Engine/Content/VREditor/TransformGizmo/Main.uexp" 1172
"../../../Engine/Content/VREditor/TransformGizmo/SM_Sequencer_Key.uasset" 1173
"../../../Engine/Content/VREditor/TransformGizmo/SM_Sequencer_Key.uexp" 1174
"../../../Engine/Content/VREditor/TransformGizmo/SM_Sequencer_Node.uasset" 1175
"../../../Engine/Content/VREditor/TransformGizmo/SM_Sequencer_Node.uexp" 1176
"../../../Engine/Plugins/2D/Paper2D/Content/PlaceholderTextures/DummySpriteTexture.uasset" 1177
"../../../Engine/Plugins/2D/Paper2D/Content/PlaceholderTextures/DummySpriteTexture.uexp" 1178
"../../../Engine/Plugins/2D/Paper2D/Content/PlaceholderTextures/DummySpriteTexture.ubulk" 1179
"../../../Engine/Plugins/2D/Paper2D/Content/DummySprite.uasset" 1180
"../../../Engine/Plugins/2D/Paper2D/Content/DummySprite.uexp" 1181
"../../../Engine/Plugins/2D/Paper2D/Content/DefaultPaperTerrainMaterial.uasset" 1182
"../../../Engine/Plugins/2D/Paper2D/Content/DefaultPaperTerrainMaterial.uexp" 1183
"../../../Engine/Plugins/2D/Paper2D/Content/DefaultSpriteMaterial.uasset" 1184
"../../../Engine/Plugins/2D/Paper2D/Content/DefaultSpriteMaterial.uexp" 1185
"../../../Engine/Plugins/2D/Paper2D/Content/MaskedUnlitSpriteMaterial.uasset" 1186
"../../../Engine/Plugins/2D/Paper2D/Content/MaskedUnlitSpriteMaterial.uexp" 1187
"../../../Engine/Plugins/2D/Paper2D/Content/OpaqueUnlitSpriteMaterial.uasset" 1188
"../../../Engine/Plugins/2D/Paper2D/Content/OpaqueUnlitSpriteMaterial.uexp" 1189
"../../../Engine/Content/Functions/Engine_MaterialFunctions02/Utility/VectorLength.uasset" 1190
"../../../Engine/Content/Functions/Engine_MaterialFunctions02/Utility/VectorLength.uexp" 1191
"../../../Engine/Content/Functions/Engine_MaterialFunctions02/ObjectLocalBounds.uasset" 1192
"../../../Engine/Content/Functions/Engine_MaterialFunctions02/ObjectLocalBounds.uexp" 1193
"../../../Engine/Content/Functions/Engine_MaterialFunctions02/WorldPositionOffset/ObjectScale.uasset" 1194
"../../../Engine/Content/Functions/Engine_MaterialFunctions02/WorldPositionOffset/ObjectScale.uexp" 1195
"../../../Engine/Content/Functions/Engine_MaterialFunctions02/Utility/BreakOutFloat3Components.uasset" 1196
"../../../Engine/Content/Functions/Engine_MaterialFunctions02/Utility/BreakOutFloat3Components.uexp" 1197
"../../../Engine/Plugins/Editor/SpeedTreeImporter/Content/SpeedTree9/UnpackInteger3.uasset" 1198
"../../../Engine/Plugins/Editor/SpeedTreeImporter/Content/SpeedTree9/UnpackInteger3.uexp" 1199
"../../../Engine/Plugins/Editor/SpeedTreeImporter/Content/SpeedTree9/UnpackDirection.uasset" 1200
"../../../Engine/Plugins/Editor/SpeedTreeImporter/Content/SpeedTree9/UnpackDirection.uexp" 1201
"../../../Engine/Plugins/Editor/SpeedTreeImporter/Content/SpeedTree9/game_wind_noise.uasset" 1202
"../../../Engine/Plugins/Editor/SpeedTreeImporter/Content/SpeedTree9/game_wind_noise.uexp" 1203
"../../../Engine/Plugins/Editor/SpeedTreeImporter/Content/SpeedTree9/game_wind_noise.ubulk" 1204
"../../../Engine/Content/Functions/Engine_MaterialFunctions02/SafeNormalize.uasset" 1205
"../../../Engine/Content/Functions/Engine_MaterialFunctions02/SafeNormalize.uexp" 1206
"../../../Engine/Plugins/Editor/SpeedTreeImporter/Content/SpeedTree9/SpeedTreeWindMotion.uasset" 1207
"../../../Engine/Plugins/Editor/SpeedTreeImporter/Content/SpeedTree9/SpeedTreeWindMotion.uexp" 1208
"../../../Engine/Plugins/Editor/SpeedTreeImporter/Content/SpeedTree9/SpeedTreeBranchMotion.uasset" 1209
"../../../Engine/Plugins/Editor/SpeedTreeImporter/Content/SpeedTree9/SpeedTreeBranchMotion.uexp" 1210
"../../../Engine/Content/Functions/Engine_MaterialFunctions02/UVs/BoundingBoxBased_0-1_UVW.uasset" 1211
"../../../Engine/Content/Functions/Engine_MaterialFunctions02/UVs/BoundingBoxBased_0-1_UVW.uexp" 1212
"../../../Engine/Plugins/Editor/SpeedTreeImporter/Content/SpeedTree9/SpeedTreeWind.uasset" 1213
"../../../Engine/Plugins/Editor/SpeedTreeImporter/Content/SpeedTree9/SpeedTreeWind.uexp" 1214
"../../../Engine/Plugins/Editor/SpeedTreeImporter/Content/SpeedTree9/SpeedTreeBillboard.uasset" 1215
"../../../Engine/Plugins/Editor/SpeedTreeImporter/Content/SpeedTree9/SpeedTreeBillboard.uexp" 1216
"../../../Engine/Plugins/Editor/SpeedTreeImporter/Content/SpeedTree9/EmptyNormal.uasset" 1217
"../../../Engine/Plugins/Editor/SpeedTreeImporter/Content/SpeedTree9/EmptyNormal.uexp" 1218
"../../../Engine/Plugins/Editor/SpeedTreeImporter/Content/SpeedTree9/Empty.uasset" 1219
"../../../Engine/Plugins/Editor/SpeedTreeImporter/Content/SpeedTree9/Empty.uexp" 1220
"../../../Engine/Plugins/Editor/SpeedTreeImporter/Content/SpeedTree9/SpeedTreeBillboardMaster.uasset" 1221
"../../../Engine/Plugins/Editor/SpeedTreeImporter/Content/SpeedTree9/SpeedTreeBillboardMaster.uexp" 1222
"../../../Engine/Plugins/Editor/SpeedTreeImporter/Content/SpeedTree9/SpeedTreeCameraFacing.uasset" 1223
"../../../Engine/Plugins/Editor/SpeedTreeImporter/Content/SpeedTree9/SpeedTreeCameraFacing.uexp" 1224
"../../../Engine/Plugins/Editor/SpeedTreeImporter/Content/SpeedTree9/SpeedTreeMaster.uasset" 1225
"../../../Engine/Plugins/Editor/SpeedTreeImporter/Content/SpeedTree9/SpeedTreeMaster.uexp" 1226
"../../../Engine/Content/BasicShapes/Cylinder.uasset" 1227
"../../../Engine/Content/BasicShapes/Cylinder.uexp" 1228
"../../../Engine/Content/ArtTools/RenderToTexture/Materials/Debug/M_Emissive_Color.uasset" 1229
"../../../Engine/Content/ArtTools/RenderToTexture/Materials/Debug/M_Emissive_Color.uexp" 1230
"../../../Engine/Plugins/Lumin/MagicLeapPassableWorld/Content/MagicLeapARPinInfoActor.uasset" 1231
"../../../Engine/Plugins/Lumin/MagicLeapPassableWorld/Content/MagicLeapARPinInfoActor.uexp" 1232
"../../../Engine/Plugins/Experimental/ControlRig/Content/M_Manip.uasset" 1233
"../../../Engine/Plugins/Experimental/ControlRig/Content/M_Manip.uexp" 1234
"../../../Engine/Plugins/Experimental/ControlRig/Content/Controls/ControlRigGizmoMaterial.uasset" 1235
"../../../Engine/Plugins/Experimental/ControlRig/Content/Controls/ControlRigGizmoMaterial.uexp" 1236
"../../../Engine/Plugins/Experimental/ControlRig/Content/Controls/ControlRig_Arrow2_1mm.uasset" 1237
"../../../Engine/Plugins/Experimental/ControlRig/Content/Controls/ControlRig_Arrow2_1mm.uexp" 1238
"../../../Engine/Plugins/Experimental/ControlRig/Content/Controls/ControlRig_Arrow2_3mm.uasset" 1239
"../../../Engine/Plugins/Experimental/ControlRig/Content/Controls/ControlRig_Arrow2_3mm.uexp" 1240
"../../../Engine/Plugins/Experimental/ControlRig/Content/Controls/ControlRig_Arrow2_solid.uasset" 1241
"../../../Engine/Plugins/Experimental/ControlRig/Content/Controls/ControlRig_Arrow2_solid.uexp" 1242
"../../../Engine/Plugins/Experimental/ControlRig/Content/Controls/ControlRig_Arrow4_1mm.uasset" 1243
"../../../Engine/Plugins/Experimental/ControlRig/Content/Controls/ControlRig_Arrow4_1mm.uexp" 1244
"../../../Engine/Plugins/Experimental/ControlRig/Content/Controls/ControlRig_Arrow4_3mm.uasset" 1245
"../../../Engine/Plugins/Experimental/ControlRig/Content/Controls/ControlRig_Arrow4_3mm.uexp" 1246
"../../../Engine/Plugins/Experimental/ControlRig/Content/Controls/ControlRig_Arrow4_solid.uasset" 1247
"../../../Engine/Plugins/Experimental/ControlRig/Content/Controls/ControlRig_Arrow4_solid.uexp" 1248
"../../../Engine/Plugins/Experimental/ControlRig/Content/Controls/ControlRig_Arrow_1mm.uasset" 1249
"../../../Engine/Plugins/Experimental/ControlRig/Content/Controls/ControlRig_Arrow_1mm.uexp" 1250
"../../../Engine/Plugins/Experimental/ControlRig/Content/Controls/ControlRig_Arrow_3mm.uasset" 1251
"../../../Engine/Plugins/Experimental/ControlRig/Content/Controls/ControlRig_Arrow_3mm.uexp" 1252
"../../../Engine/Plugins/Experimental/ControlRig/Content/Controls/ControlRig_Arrow_solid.uasset" 1253
"../../../Engine/Plugins/Experimental/ControlRig/Content/Controls/ControlRig_Arrow_solid.uexp" 1254
"../../../Engine/Plugins/Experimental/ControlRig/Content/Controls/ControlRig_Box_1mm.uasset" 1255
"../../../Engine/Plugins/Experimental/ControlRig/Content/Controls/ControlRig_Box_1mm.uexp" 1256
"../../../Engine/Plugins/Experimental/ControlRig/Content/Controls/ControlRig_Box_3mm.uasset" 1257
"../../../Engine/Plugins/Experimental/ControlRig/Content/Controls/ControlRig_Box_3mm.uexp" 1258
"../../../Engine/Plugins/Experimental/ControlRig/Content/Controls/ControlRig_Box_solid.uasset" 1259
"../../../Engine/Plugins/Experimental/ControlRig/Content/Controls/ControlRig_Box_solid.uexp" 1260
"../../../Engine/Plugins/Experimental/ControlRig/Content/Controls/ControlRig_Circle_1mm.uasset" 1261
"../../../Engine/Plugins/Experimental/ControlRig/Content/Controls/ControlRig_Circle_1mm.uexp" 1262
"../../../Engine/Plugins/Experimental/ControlRig/Content/Controls/ControlRig_Circle_3mm.uasset" 1263
"../../../Engine/Plugins/Experimental/ControlRig/Content/Controls/ControlRig_Circle_3mm.uexp" 1264
"../../../Engine/Plugins/Experimental/ControlRig/Content/Controls/ControlRig_Circle_solid.uasset" 1265
"../../../Engine/Plugins/Experimental/ControlRig/Content/Controls/ControlRig_Circle_solid.uexp" 1266
"../../../Engine/Plugins/Experimental/ControlRig/Content/Controls/ControlRig_Diamond_1mm.uasset" 1267
"../../../Engine/Plugins/Experimental/ControlRig/Content/Controls/ControlRig_Diamond_1mm.uexp" 1268
"../../../Engine/Plugins/Experimental/ControlRig/Content/Controls/ControlRig_Diamond_3mm.uasset" 1269
"../../../Engine/Plugins/Experimental/ControlRig/Content/Controls/ControlRig_Diamond_3mm.uexp" 1270
"../../../Engine/Plugins/Experimental/ControlRig/Content/Controls/ControlRig_Diamond_solid.uasset" 1271
"../../../Engine/Plugins/Experimental/ControlRig/Content/Controls/ControlRig_Diamond_solid.uexp" 1272
"../../../Engine/Plugins/Experimental/ControlRig/Content/Controls/ControlRig_HalfCircle_1mm.uasset" 1273
"../../../Engine/Plugins/Experimental/ControlRig/Content/Controls/ControlRig_HalfCircle_1mm.uexp" 1274
"../../../Engine/Plugins/Experimental/ControlRig/Content/Controls/ControlRig_HalfCircle_3mm.uasset" 1275
"../../../Engine/Plugins/Experimental/ControlRig/Content/Controls/ControlRig_HalfCircle_3mm.uexp" 1276
"../../../Engine/Plugins/Experimental/ControlRig/Content/Controls/ControlRig_HalfCircle_solid.uasset" 1277
"../../../Engine/Plugins/Experimental/ControlRig/Content/Controls/ControlRig_HalfCircle_solid.uexp" 1278
"../../../Engine/Plugins/Experimental/ControlRig/Content/Controls/ControlRig_Hexagon_1mm.uasset" 1279
"../../../Engine/Plugins/Experimental/ControlRig/Content/Controls/ControlRig_Hexagon_1mm.uexp" 1280
"../../../Engine/Plugins/Experimental/ControlRig/Content/Controls/ControlRig_Hexagon_3mm.uasset" 1281
"../../../Engine/Plugins/Experimental/ControlRig/Content/Controls/ControlRig_Hexagon_3mm.uexp" 1282
"../../../Engine/Plugins/Experimental/ControlRig/Content/Controls/ControlRig_Hexagon_solid.uasset" 1283
"../../../Engine/Plugins/Experimental/ControlRig/Content/Controls/ControlRig_Hexagon_solid.uexp" 1284
"../../../Engine/Plugins/Experimental/ControlRig/Content/Controls/ControlRig_Octagon_1mm.uasset" 1285
"../../../Engine/Plugins/Experimental/ControlRig/Content/Controls/ControlRig_Octagon_1mm.uexp" 1286
"../../../Engine/Plugins/Experimental/ControlRig/Content/Controls/ControlRig_Octagon_3mm.uasset" 1287
"../../../Engine/Plugins/Experimental/ControlRig/Content/Controls/ControlRig_Octagon_3mm.uexp" 1288
"../../../Engine/Plugins/Experimental/ControlRig/Content/Controls/ControlRig_Octagon_solid.uasset" 1289
"../../../Engine/Plugins/Experimental/ControlRig/Content/Controls/ControlRig_Octagon_solid.uexp" 1290
"../../../Engine/Plugins/Experimental/ControlRig/Content/Controls/ControlRig_Pyramid_1mm.uasset" 1291
"../../../Engine/Plugins/Experimental/ControlRig/Content/Controls/ControlRig_Pyramid_1mm.uexp" 1292
"../../../Engine/Plugins/Experimental/ControlRig/Content/Controls/ControlRig_Pyramid_3mm.uasset" 1293
"../../../Engine/Plugins/Experimental/ControlRig/Content/Controls/ControlRig_Pyramid_3mm.uexp" 1294
"../../../Engine/Plugins/Experimental/ControlRig/Content/Controls/ControlRig_Pyramid_solid.uasset" 1295
"../../../Engine/Plugins/Experimental/ControlRig/Content/Controls/ControlRig_Pyramid_solid.uexp" 1296
"../../../Engine/Plugins/Experimental/ControlRig/Content/Controls/ControlRig_QuarterCircle_1mm.uasset" 1297
"../../../Engine/Plugins/Experimental/ControlRig/Content/Controls/ControlRig_QuarterCircle_1mm.uexp" 1298
"../../../Engine/Plugins/Experimental/ControlRig/Content/Controls/ControlRig_QuarterCircle_3mm.uasset" 1299
"../../../Engine/Plugins/Experimental/ControlRig/Content/Controls/ControlRig_QuarterCircle_3mm.uexp" 1300
"../../../Engine/Plugins/Experimental/ControlRig/Content/Controls/ControlRig_QuarterCircle_solid.uasset" 1301
"../../../Engine/Plugins/Experimental/ControlRig/Content/Controls/ControlRig_QuarterCircle_solid.uexp" 1302
"../../../Engine/Plugins/Experimental/ControlRig/Content/Controls/ControlRig_RoundedSquare_1mm.uasset" 1303
"../../../Engine/Plugins/Experimental/ControlRig/Content/Controls/ControlRig_RoundedSquare_1mm.uexp" 1304
"../../../Engine/Plugins/Experimental/ControlRig/Content/Controls/ControlRig_RoundedSquare_3mm.uasset" 1305
"../../../Engine/Plugins/Experimental/ControlRig/Content/Controls/ControlRig_RoundedSquare_3mm.uexp" 1306
"../../../Engine/Plugins/Experimental/ControlRig/Content/Controls/ControlRig_RoundedSquare_solid.uasset" 1307
"../../../Engine/Plugins/Experimental/ControlRig/Content/Controls/ControlRig_RoundedSquare_solid.uexp" 1308
"../../../Engine/Plugins/Experimental/ControlRig/Content/Controls/ControlRig_RoundedTriangle_1mm.uasset" 1309
"../../../Engine/Plugins/Experimental/ControlRig/Content/Controls/ControlRig_RoundedTriangle_1mm.uexp" 1310
"../../../Engine/Plugins/Experimental/ControlRig/Content/Controls/ControlRig_RoundedTriangle_3mm.uasset" 1311
"../../../Engine/Plugins/Experimental/ControlRig/Content/Controls/ControlRig_RoundedTriangle_3mm.uexp" 1312
"../../../Engine/Plugins/Experimental/ControlRig/Content/Controls/ControlRig_RoundedTriangle_solid.uasset" 1313
"../../../Engine/Plugins/Experimental/ControlRig/Content/Controls/ControlRig_RoundedTriangle_solid.uexp" 1314
"../../../Engine/Plugins/Experimental/ControlRig/Content/Controls/ControlRig_Sphere_1mm.uasset" 1315
"../../../Engine/Plugins/Experimental/ControlRig/Content/Controls/ControlRig_Sphere_1mm.uexp" 1316
"../../../Engine/Plugins/Experimental/ControlRig/Content/Controls/ControlRig_Sphere_3mm.uasset" 1317
"../../../Engine/Plugins/Experimental/ControlRig/Content/Controls/ControlRig_Sphere_3mm.uexp" 1318
"../../../Engine/Plugins/Experimental/ControlRig/Content/Controls/ControlRig_Sphere_solid.uasset" 1319
"../../../Engine/Plugins/Experimental/ControlRig/Content/Controls/ControlRig_Sphere_solid.uexp" 1320
"../../../Engine/Plugins/Experimental/ControlRig/Content/Controls/ControlRig_Square_1mm.uasset" 1321
"../../../Engine/Plugins/Experimental/ControlRig/Content/Controls/ControlRig_Square_1mm.uexp" 1322
"../../../Engine/Plugins/Experimental/ControlRig/Content/Controls/ControlRig_Square_3mm.uasset" 1323
"../../../Engine/Plugins/Experimental/ControlRig/Content/Controls/ControlRig_Square_3mm.uexp" 1324
"../../../Engine/Plugins/Experimental/ControlRig/Content/Controls/ControlRig_Square_solid.uasset" 1325
"../../../Engine/Plugins/Experimental/ControlRig/Content/Controls/ControlRig_Square_solid.uexp" 1326
"../../../Engine/Plugins/Experimental/ControlRig/Content/Controls/ControlRig_Star4_1mm.uasset" 1327
"../../../Engine/Plugins/Experimental/ControlRig/Content/Controls/ControlRig_Star4_1mm.uexp" 1328
"../../../Engine/Plugins/Experimental/ControlRig/Content/Controls/ControlRig_Star4_3mm.uasset" 1329
"../../../Engine/Plugins/Experimental/ControlRig/Content/Controls/ControlRig_Star4_3mm.uexp" 1330
"../../../Engine/Plugins/Experimental/ControlRig/Content/Controls/ControlRig_Star4_solid.uasset" 1331
"../../../Engine/Plugins/Experimental/ControlRig/Content/Controls/ControlRig_Star4_solid.uexp" 1332
"../../../Engine/Plugins/Experimental/ControlRig/Content/Controls/ControlRig_Triangle_1mm.uasset" 1333
"../../../Engine/Plugins/Experimental/ControlRig/Content/Controls/ControlRig_Triangle_1mm.uexp" 1334
"../../../Engine/Plugins/Experimental/ControlRig/Content/Controls/ControlRig_Triangle_3mm.uasset" 1335
"../../../Engine/Plugins/Experimental/ControlRig/Content/Controls/ControlRig_Triangle_3mm.uexp" 1336
"../../../Engine/Plugins/Experimental/ControlRig/Content/Controls/ControlRig_Triangle_solid.uasset" 1337
"../../../Engine/Plugins/Experimental/ControlRig/Content/Controls/ControlRig_Triangle_solid.uexp" 1338
"../../../Engine/Plugins/Experimental/ControlRig/Content/Controls/ControlRig_Wedge_1mm.uasset" 1339
"../../../Engine/Plugins/Experimental/ControlRig/Content/Controls/ControlRig_Wedge_1mm.uexp" 1340
"../../../Engine/Plugins/Experimental/ControlRig/Content/Controls/ControlRig_Wedge_3mm.uasset" 1341
"../../../Engine/Plugins/Experimental/ControlRig/Content/Controls/ControlRig_Wedge_3mm.uexp" 1342
"../../../Engine/Plugins/Experimental/ControlRig/Content/Controls/ControlRig_Wedge_solid.uasset" 1343
"../../../Engine/Plugins/Experimental/ControlRig/Content/Controls/ControlRig_Wedge_solid.uexp" 1344
"../../../Engine/Plugins/Experimental/ControlRig/Content/Controls/DefaultGizmoLibrary.uasset" 1345
"../../../Engine/Plugins/Experimental/ControlRig/Content/Controls/DefaultGizmoLibrary.uexp" 1346
"X:/Unreal Projects/Momentum/Momentum/Content/UI/Menus/PantsPicker.uasset" 1347
"X:/Unreal Projects/Momentum/Momentum/Content/UI/Menus/PantsPicker.uexp" 1348
"X:/Unreal Projects/Momentum/Momentum/Content/Rig/HairRetopoMat.uasset" 1349
"X:/Unreal Projects/Momentum/Momentum/Content/Rig/HairRetopoMat.uexp" 1350
"X:/Unreal Projects/Momentum/Momentum/Content/Rig/TestImportRigHair.uasset" 1351
"X:/Unreal Projects/Momentum/Momentum/Content/Rig/TestImportRigHair.uexp" 1352
"X:/Unreal Projects/Momentum/Momentum/Content/FemaleOutfitMesh.uasset" 1353
"X:/Unreal Projects/Momentum/Momentum/Content/FemaleOutfitMesh.uexp" 1354
"X:/Unreal Projects/Momentum/Momentum/Content/UI/Menus/CharacterCreatorWidget.uasset" 1355
"X:/Unreal Projects/Momentum/Momentum/Content/UI/Menus/CharacterCreatorWidget.uexp" 1356
"X:/Unreal Projects/Momentum/Momentum/Content/StarterContent/Textures/T_Concrete_Poured_N.uasset" 1357
"X:/Unreal Projects/Momentum/Momentum/Content/StarterContent/Textures/T_Concrete_Poured_N.uexp" 1358
"X:/Unreal Projects/Momentum/Momentum/Content/StarterContent/Textures/T_Concrete_Poured_N.ubulk" 1359
"X:/Unreal Projects/Momentum/Momentum/Content/StarterContent/Textures/T_Concrete_Poured_D.uasset" 1360
"X:/Unreal Projects/Momentum/Momentum/Content/StarterContent/Textures/T_Concrete_Poured_D.uexp" 1361
"X:/Unreal Projects/Momentum/Momentum/Content/StarterContent/Textures/T_Concrete_Poured_D.ubulk" 1362
"X:/Unreal Projects/Momentum/Momentum/Content/StarterContent/Textures/T_MacroVariation.uasset" 1363
"X:/Unreal Projects/Momentum/Momentum/Content/StarterContent/Textures/T_MacroVariation.uexp" 1364
"X:/Unreal Projects/Momentum/Momentum/Content/StarterContent/Textures/T_Perlin_Noise_M.uasset" 1365
"X:/Unreal Projects/Momentum/Momentum/Content/StarterContent/Textures/T_Perlin_Noise_M.uexp" 1366
"X:/Unreal Projects/Momentum/Momentum/Content/StarterContent/Textures/T_Perlin_Noise_M.ubulk" 1367
"X:/Unreal Projects/Momentum/Momentum/Content/StarterContent/Materials/M_Concrete_Poured.uasset" 1368
"X:/Unreal Projects/Momentum/Momentum/Content/StarterContent/Materials/M_Concrete_Poured.uexp" 1369
"X:/Unreal Projects/Momentum/Momentum/Content/UI/ColorPicker/ColorSlider_Value.uasset" 1370
"X:/Unreal Projects/Momentum/Momentum/Content/UI/ColorPicker/ColorSlider_Value.uexp" 1371
"X:/Unreal Projects/Momentum/Momentum/Content/UI/ColorPicker/ColorSlider.uasset" 1372
"X:/Unreal Projects/Momentum/Momentum/Content/UI/ColorPicker/ColorSlider.uexp" 1373
"../../../Engine/Content/Functions/Engine_MaterialFunctions02/Utility/MakeFloat4.uasset" 1374
"../../../Engine/Content/Functions/Engine_MaterialFunctions02/Utility/MakeFloat4.uexp" 1375
"../../../Engine/Content/Functions/Engine_MaterialFunctions02/Utility/MakeFloat3.uasset" 1376
"../../../Engine/Content/Functions/Engine_MaterialFunctions02/Utility/MakeFloat3.uexp" 1377
"../../../Engine/Content/Functions/Engine_MaterialFunctions02/Utility/BreakOutFloat4Components.uasset" 1378
"../../../Engine/Content/Functions/Engine_MaterialFunctions02/Utility/BreakOutFloat4Components.uexp" 1379
"X:/Unreal Projects/Momentum/Momentum/Content/UI/ColorPicker/ColoPickerMat.uasset" 1380
"X:/Unreal Projects/Momentum/Momentum/Content/UI/ColorPicker/ColoPickerMat.uexp" 1381
"X:/Unreal Projects/Momentum/Momentum/Content/UI/ColorPicker/ColorPickerWidget.uasset" 1382
"X:/Unreal Projects/Momentum/Momentum/Content/UI/ColorPicker/ColorPickerWidget.uexp" 1383
"X:/Unreal Projects/Momentum/Momentum/Content/Levels/CharacterCreator.uexp" 1384
"X:/Unreal Projects/Momentum/Momentum/Content/Levels/CharacterCreator.umap" 1385
"X:/Unreal Projects/Momentum/Momentum/Content/UI/Menus/MainMenuMinimal.uasset" 1386
"X:/Unreal Projects/Momentum/Momentum/Content/UI/Menus/MainMenuMinimal.uexp" 1387
"X:/Unreal Projects/Momentum/Momentum/Content/Levels/MainMenu_BuiltData.uasset" 1388
"X:/Unreal Projects/Momentum/Momentum/Content/Levels/MainMenu_BuiltData.uexp" 1389
"X:/Unreal Projects/Momentum/Momentum/Content/Levels/MainMenu_BuiltData.ubulk" 1390
"X:/Unreal Projects/Momentum/Momentum/Content/T_Brick_Clay_New_D.uasset" 1391
"X:/Unreal Projects/Momentum/Momentum/Content/T_Brick_Clay_New_D.uexp" 1392
"X:/Unreal Projects/Momentum/Momentum/Content/T_Brick_Clay_New_D.ubulk" 1393
"X:/Unreal Projects/Momentum/Momentum/Content/T_Brick_Clay_New_Mat.uasset" 1394
"X:/Unreal Projects/Momentum/Momentum/Content/T_Brick_Clay_New_Mat.uexp" 1395
"../../../Engine/Plugins/FX/Niagara/Content/Enums/SpriteRenderer/ENiagara_ScaleSpriteSize.uasset" 1396
"../../../Engine/Plugins/FX/Niagara/Content/Enums/SpriteRenderer/ENiagara_ScaleSpriteSize.uexp" 1397
"../../../Engine/Plugins/FX/Niagara/Content/Enums/ENiagara_LifetimeInheritanceOptions.uasset" 1398
"../../../Engine/Plugins/FX/Niagara/Content/Enums/ENiagara_LifetimeInheritanceOptions.uexp" 1399
"../../../Engine/Plugins/FX/Niagara/Content/Enums/ENiagara_EmitterLocSamplingMode.uasset" 1400
"../../../Engine/Plugins/FX/Niagara/Content/Enums/ENiagara_EmitterLocSamplingMode.uexp" 1401
"../../../Engine/Plugins/FX/Niagara/Content/Enums/ENiagara_DirectReadSamplingMode.uasset" 1402
"../../../Engine/Plugins/FX/Niagara/Content/Enums/ENiagara_DirectReadSamplingMode.uexp" 1403
"../../../Engine/Plugins/FX/Niagara/Content/Enums/ENiagara_DirectReadParticleIDSampling.uasset" 1404
"../../../Engine/Plugins/FX/Niagara/Content/Enums/ENiagara_DirectReadParticleIDSampling.uexp" 1405
"../../../Engine/Plugins/FX/Niagara/Content/Enums/ENiagara_DirectReadApplicationMode.uasset" 1406
"../../../Engine/Plugins/FX/Niagara/Content/Enums/ENiagara_DirectReadApplicationMode.uexp" 1407
"../../../Engine/Plugins/FX/Niagara/Content/Functions/DeriveThirdOrthogonalVector.uasset" 1408
"../../../Engine/Plugins/FX/Niagara/Content/Functions/DeriveThirdOrthogonalVector.uexp" 1409
"../../../Engine/Plugins/FX/Niagara/Content/Modules/Spawn/Location/RotateAroundPoint.uasset" 1410
"../../../Engine/Plugins/FX/Niagara/Content/Modules/Spawn/Location/RotateAroundPoint.uexp" 1411
"../../../Engine/Plugins/FX/Niagara/Content/Modules/Solvers/ApplyInitialForces.uasset" 1412
"../../../Engine/Plugins/FX/Niagara/Content/Modules/Solvers/ApplyInitialForces.uexp" 1413
"../../../Engine/Plugins/FX/Niagara/Content/Modules/AttributeReader/SpawnParticlesFromOtherEmitter.uasset" 1414
"../../../Engine/Plugins/FX/Niagara/Content/Modules/AttributeReader/SpawnParticlesFromOtherEmitter.uexp" 1415
"../../../Engine/Plugins/FX/Niagara/Content/Modules/AttributeReader/SampleParticlesFromOtherEmitter.uasset" 1416
"../../../Engine/Plugins/FX/Niagara/Content/Modules/AttributeReader/SampleParticlesFromOtherEmitter.uexp" 1417
"../../../Engine/Plugins/FX/Niagara/Content/Modules/Update/Velocity/VortexVelocity.uasset" 1418
"../../../Engine/Plugins/FX/Niagara/Content/Modules/Update/Velocity/VortexVelocity.uexp" 1419
"../../../Engine/Plugins/FX/Niagara/Content/DynamicInputs/Multiply/Multiply_Float.uasset" 1420
"../../../Engine/Plugins/FX/Niagara/Content/DynamicInputs/Multiply/Multiply_Float.uexp" 1421
"../../../Engine/Plugins/FX/Niagara/Content/Modules/Update/Size/ScaleSpriteSize.uasset" 1422
"../../../Engine/Plugins/FX/Niagara/Content/Modules/Update/Size/ScaleSpriteSize.uexp" 1423
"X:/Unreal Projects/Momentum/Momentum/Content/SpinningWheels.uasset" 1424
"X:/Unreal Projects/Momentum/Momentum/Content/SpinningWheels.uexp" 1425
"X:/Unreal Projects/Momentum/Momentum/Content/WhiteMat.uasset" 1426
"X:/Unreal Projects/Momentum/Momentum/Content/WhiteMat.uexp" 1427
"X:/Unreal Projects/Momentum/Momentum/Content/Red.uasset" 1428
"X:/Unreal Projects/Momentum/Momentum/Content/Red.uexp" 1429
"X:/Unreal Projects/Momentum/Momentum/Content/ExitSign.uasset" 1430
"X:/Unreal Projects/Momentum/Momentum/Content/ExitSign.uexp" 1431
"X:/Unreal Projects/Momentum/Momentum/Content/Levels/MainMenu.uexp" 1432
"X:/Unreal Projects/Momentum/Momentum/Content/Levels/MainMenu.umap" 1433
"X:/Unreal Projects/Momentum/Momentum/Content/UI/Spedometer.uasset" 1434
"X:/Unreal Projects/Momentum/Momentum/Content/UI/Spedometer.uexp" 1435
"X:/Unreal Projects/Momentum/Momentum/Content/UI/Levels/Timer.uasset" 1436
"X:/Unreal Projects/Momentum/Momentum/Content/UI/Levels/Timer.uexp" 1437
"X:/Unreal Projects/Momentum/Momentum/Content/UI/Levels/CollectiblesUI.uasset" 1438
"X:/Unreal Projects/Momentum/Momentum/Content/UI/Levels/CollectiblesUI.uexp" 1439
"X:/Unreal Projects/Momentum/Momentum/Content/StarterContent/Textures/T_Rock_Marble_Polished_D.uasset" 1440
"X:/Unreal Projects/Momentum/Momentum/Content/StarterContent/Textures/T_Rock_Marble_Polished_D.uexp" 1441
"X:/Unreal Projects/Momentum/Momentum/Content/StarterContent/Textures/T_Rock_Marble_Polished_D.ubulk" 1442
"X:/Unreal Projects/Momentum/Momentum/Content/StarterContent/Textures/T_Metal_Gold_N.uasset" 1443
"X:/Unreal Projects/Momentum/Momentum/Content/StarterContent/Textures/T_Metal_Gold_N.uexp" 1444
"X:/Unreal Projects/Momentum/Momentum/Content/StarterContent/Textures/T_Metal_Gold_N.ubulk" 1445
"X:/Unreal Projects/Momentum/Momentum/Content/StarterContent/Materials/M_Rock_Marble_Polished.uasset" 1446
"X:/Unreal Projects/Momentum/Momentum/Content/StarterContent/Materials/M_Rock_Marble_Polished.uexp" 1447
"X:/Unreal Projects/Momentum/Momentum/Content/Levels/ActionBlocks/ActionBlockCollectibles_BuiltData.uasset" 1448
"X:/Unreal Projects/Momentum/Momentum/Content/Levels/ActionBlocks/ActionBlockCollectibles_BuiltData.uexp" 1449
"X:/Unreal Projects/Momentum/Momentum/Content/Levels/ActionBlocks/ActionBlockCollectibles_BuiltData.ubulk" 1450
"../../../Engine/Content/Functions/Engine_MaterialFunctions02/Math/AddComponents.uasset" 1451
"../../../Engine/Content/Functions/Engine_MaterialFunctions02/Math/AddComponents.uexp" 1452
"X:/Unreal Projects/Momentum/Momentum/Content/ThirdPersonCPP/M_ToonShader.uasset" 1453
"X:/Unreal Projects/Momentum/Momentum/Content/ThirdPersonCPP/M_ToonShader.uexp" 1454
"X:/Unreal Projects/Momentum/Momentum/Content/ThirdPersonCPP/OutlineInst.uasset" 1455
"X:/Unreal Projects/Momentum/Momentum/Content/ThirdPersonCPP/OutlineInst.uexp" 1456
"X:/Unreal Projects/Momentum/Momentum/Content/ThirdPersonCPP/M_CelShading.uasset" 1457
"X:/Unreal Projects/Momentum/Momentum/Content/ThirdPersonCPP/M_CelShading.uexp" 1458
"X:/Unreal Projects/Momentum/Momentum/Content/ThirdPersonCPP/CelShadingInst.uasset" 1459
"X:/Unreal Projects/Momentum/Momentum/Content/ThirdPersonCPP/CelShadingInst.uexp" 1460
"X:/Unreal Projects/Momentum/Momentum/Content/StarterContent/Textures/T_Concrete_Tiles_Variation_M.uasset" 1461
"X:/Unreal Projects/Momentum/Momentum/Content/StarterContent/Textures/T_Concrete_Tiles_Variation_M.uexp" 1462
"X:/Unreal Projects/Momentum/Momentum/Content/StarterContent/Textures/T_Concrete_Tiles_Variation_M.ubulk" 1463
"X:/Unreal Projects/Momentum/Momentum/Content/StarterContent/Textures/T_Concrete_Tiles_N.uasset" 1464
"X:/Unreal Projects/Momentum/Momentum/Content/StarterContent/Textures/T_Concrete_Tiles_N.uexp" 1465
"X:/Unreal Projects/Momentum/Momentum/Content/StarterContent/Textures/T_Concrete_Tiles_N.ubulk" 1466
"X:/Unreal Projects/Momentum/Momentum/Content/StarterContent/Textures/T_Concrete_Tiles_M.uasset" 1467
"X:/Unreal Projects/Momentum/Momentum/Content/StarterContent/Textures/T_Concrete_Tiles_M.uexp" 1468
"X:/Unreal Projects/Momentum/Momentum/Content/StarterContent/Textures/T_Concrete_Tiles_M.ubulk" 1469
"X:/Unreal Projects/Momentum/Momentum/Content/StarterContent/Textures/T_Concrete_Tiles_D.uasset" 1470
"X:/Unreal Projects/Momentum/Momentum/Content/StarterContent/Textures/T_Concrete_Tiles_D.uexp" 1471
"X:/Unreal Projects/Momentum/Momentum/Content/StarterContent/Textures/T_Concrete_Tiles_D.ubulk" 1472
"X:/Unreal Projects/Momentum/Momentum/Content/StarterContent/Materials/M_Concrete_Tiles.uasset" 1473
"X:/Unreal Projects/Momentum/Momentum/Content/StarterContent/Materials/M_Concrete_Tiles.uexp" 1474
"X:/Unreal Projects/Momentum/Momentum/Content/Geometry/Meshes/CubeMaterial.uasset" 1475
"X:/Unreal Projects/Momentum/Momentum/Content/Geometry/Meshes/CubeMaterial.uexp" 1476
"X:/Unreal Projects/Momentum/Momentum/Content/Geometry/Meshes/1M_Cube.uasset" 1477
"X:/Unreal Projects/Momentum/Momentum/Content/Geometry/Meshes/1M_Cube.uexp" 1478
"X:/Unreal Projects/Momentum/Momentum/Content/ThirdPersonCPP/GrindRailMesh.uasset" 1479
"X:/Unreal Projects/Momentum/Momentum/Content/ThirdPersonCPP/GrindRailMesh.uexp" 1480
"X:/Unreal Projects/Momentum/Momentum/Content/Geometry/Meshes/TemplateFloor.uasset" 1481
"X:/Unreal Projects/Momentum/Momentum/Content/Geometry/Meshes/TemplateFloor.uexp" 1482
"../../../Engine/Content/EngineSky/T_Sky_Stars.uasset" 1483
"../../../Engine/Content/EngineSky/T_Sky_Stars.uexp" 1484
"../../../Engine/Content/EngineSky/T_Sky_Stars.ubulk" 1485
"../../../Engine/Content/EngineSky/T_Sky_Clouds_M.uasset" 1486
"../../../Engine/Content/EngineSky/T_Sky_Clouds_M.uexp" 1487
"../../../Engine/Content/EngineSky/T_Sky_Clouds_M.ubulk" 1488
"../../../Engine/Content/EngineSky/T_Sky_Blue.uasset" 1489
"../../../Engine/Content/EngineSky/T_Sky_Blue.uexp" 1490
"../../../Engine/Content/EngineSky/T_Sky_Blue.ubulk" 1491
"../../../Engine/Content/EngineSky/M_Sky_Panning_Clouds2.uasset" 1492
"../../../Engine/Content/EngineSky/M_Sky_Panning_Clouds2.uexp" 1493
"../../../Engine/Content/EngineSky/SM_SkySphere.uasset" 1494
"../../../Engine/Content/EngineSky/SM_SkySphere.uexp" 1495
"../../../Engine/Content/EngineSky/C_Sky_Zenith_Color.uasset" 1496
"../../../Engine/Content/EngineSky/C_Sky_Zenith_Color.uexp" 1497
"../../../Engine/Content/EngineSky/C_Sky_Horizon_Color.uasset" 1498
"../../../Engine/Content/EngineSky/C_Sky_Horizon_Color.uexp" 1499
"../../../Engine/Content/EngineSky/C_Sky_Cloud_Color.uasset" 1500
"../../../Engine/Content/EngineSky/C_Sky_Cloud_Color.uexp" 1501
"../../../Engine/Content/EngineSky/BP_Sky_Sphere.uasset" 1502
"../../../Engine/Content/EngineSky/BP_Sky_Sphere.uexp" 1503
"X:/Unreal Projects/Momentum/Momentum/Content/Sounds/FX/SprayCan.uasset" 1504
"X:/Unreal Projects/Momentum/Momentum/Content/Sounds/FX/SprayCan.uexp" 1505
"X:/Unreal Projects/Momentum/Momentum/Content/Audio/SFX/FA_Collect_Coin_1_1.uasset" 1506
"X:/Unreal Projects/Momentum/Momentum/Content/Audio/SFX/FA_Collect_Coin_1_1.uexp" 1507
"../../../Engine/Plugins/FX/Niagara/Content/Modules/Update/Size/ScaleMeshSize.uasset" 1508
"../../../Engine/Plugins/FX/Niagara/Content/Modules/Update/Size/ScaleMeshSize.uexp" 1509
"../../../Engine/Plugins/FX/Niagara/Content/DefaultAssets/M_Gnomon.uasset" 1510
"../../../Engine/Plugins/FX/Niagara/Content/DefaultAssets/M_Gnomon.uexp" 1511
"../../../Engine/Plugins/FX/Niagara/Content/DefaultAssets/S_Arrow.uasset" 1512
"../../../Engine/Plugins/FX/Niagara/Content/DefaultAssets/S_Arrow.uexp" 1513
"../../../Engine/Plugins/FX/Niagara/Content/DefaultAssets/M_Gnomon_Alpha.uasset" 1514
"../../../Engine/Plugins/FX/Niagara/Content/DefaultAssets/M_Gnomon_Alpha.uexp" 1515
"X:/Unreal Projects/Momentum/Momentum/Content/PaintBurst.uasset" 1516
"X:/Unreal Projects/Momentum/Momentum/Content/PaintBurst.uexp" 1517
"X:/Unreal Projects/Momentum/Momentum/Content/Models/MajorActors/SprayCanMetallic.uasset" 1518
"X:/Unreal Projects/Momentum/Momentum/Content/Models/MajorActors/SprayCanMetallic.uexp" 1519
"X:/Unreal Projects/Momentum/Momentum/Content/Models/MajorActors/SprayCanMetallic.ubulk" 1520
"X:/Unreal Projects/Momentum/Momentum/Content/Models/MajorActors/SprayCanLogo.uasset" 1521
"X:/Unreal Projects/Momentum/Momentum/Content/Models/MajorActors/SprayCanLogo.uexp" 1522
"X:/Unreal Projects/Momentum/Momentum/Content/Models/MajorActors/SprayCanLogo.ubulk" 1523
"X:/Unreal Projects/Momentum/Momentum/Content/Models/MajorActors/SprayCan.uasset" 1524
"X:/Unreal Projects/Momentum/Momentum/Content/Models/MajorActors/SprayCan.uexp" 1525
"X:/Unreal Projects/Momentum/Momentum/Content/Models/MajorActors/SprayCan.ubulk" 1526
"X:/Unreal Projects/Momentum/Momentum/Content/Models/MajorActors/SprayCanMat.uasset" 1527
"X:/Unreal Projects/Momentum/Momentum/Content/Models/MajorActors/SprayCanMat.uexp" 1528
"X:/Unreal Projects/Momentum/Momentum/Content/Models/MajorActors/SprayPaintCan.uasset" 1529
"X:/Unreal Projects/Momentum/Momentum/Content/Models/MajorActors/SprayPaintCan.uexp" 1530
"X:/Unreal Projects/Momentum/Momentum/Content/Blueprints/ActionBlockIdeas/Collectible.uasset" 1531
"X:/Unreal Projects/Momentum/Momentum/Content/Blueprints/ActionBlockIdeas/Collectible.uexp" 1532
"X:/Unreal Projects/Momentum/Momentum/Content/StarterContent/Textures/T_Water_N.uasset" 1533
"X:/Unreal Projects/Momentum/Momentum/Content/StarterContent/Textures/T_Water_N.uexp" 1534
"X:/Unreal Projects/Momentum/Momentum/Content/StarterContent/Textures/T_Water_N.ubulk" 1535
"X:/Unreal Projects/Momentum/Momentum/Content/StarterContent/Textures/T_Water_M.uasset" 1536
"X:/Unreal Projects/Momentum/Momentum/Content/StarterContent/Textures/T_Water_M.uexp" 1537
"X:/Unreal Projects/Momentum/Momentum/Content/StarterContent/Textures/T_Water_M.ubulk" 1538
"X:/Unreal Projects/Momentum/Momentum/Content/StarterContent/Materials/M_Water_Ocean.uasset" 1539
"X:/Unreal Projects/Momentum/Momentum/Content/StarterContent/Materials/M_Water_Ocean.uexp" 1540
"X:/Unreal Projects/Momentum/Momentum/Content/Sounds/Music/Levels/4__RoboTrance.uasset" 1541
"X:/Unreal Projects/Momentum/Momentum/Content/Sounds/Music/Levels/4__RoboTrance.uexp" 1542
"X:/Unreal Projects/Momentum/Momentum/Content/MusicPlayer.uasset" 1543
"X:/Unreal Projects/Momentum/Momentum/Content/MusicPlayer.uexp" 1544
"X:/Unreal Projects/Momentum/Momentum/Content/LevelHandler.uasset" 1545
"X:/Unreal Projects/Momentum/Momentum/Content/LevelHandler.uexp" 1546
"X:/Unreal Projects/Momentum/Momentum/Content/GoalActor.uasset" 1547
"X:/Unreal Projects/Momentum/Momentum/Content/GoalActor.uexp" 1548
"X:/Unreal Projects/Momentum/Momentum/Content/FullTransparent.uasset" 1549
"X:/Unreal Projects/Momentum/Momentum/Content/FullTransparent.uexp" 1550
"X:/Unreal Projects/Momentum/Momentum/Content/Levels/ActionBlocks/ActionBlockCollectibles.uexp" 1551
"X:/Unreal Projects/Momentum/Momentum/Content/Levels/ActionBlocks/ActionBlockCollectibles.umap" 1552
"X:/Unreal Projects/Momentum/Momentum/Content/Levels/ActionBlocks/ActionBlockLong_BuiltData.uasset" 1553
"X:/Unreal Projects/Momentum/Momentum/Content/Levels/ActionBlocks/ActionBlockLong_BuiltData.uexp" 1554
"X:/Unreal Projects/Momentum/Momentum/Content/Levels/ActionBlocks/ActionBlockLong_BuiltData.ubulk" 1555
"../../../Engine/Content/MapTemplates/daylight.uasset" 1556
"../../../Engine/Content/MapTemplates/daylight.uexp" 1557
"../../../Engine/Plugins/FX/Niagara/Content/Functions/V2/DistanceBasedFalloff.uasset" 1558
"../../../Engine/Plugins/FX/Niagara/Content/Functions/V2/DistanceBasedFalloff.uexp" 1559
"../../../Engine/Plugins/FX/Niagara/Content/Modules/Spawn/Velocity/PointForce.uasset" 1560
"../../../Engine/Plugins/FX/Niagara/Content/Modules/Spawn/Velocity/PointForce.uexp" 1561
"X:/Unreal Projects/Momentum/Momentum/Content/NewNiagaraSystem.uasset" 1562
"X:/Unreal Projects/Momentum/Momentum/Content/NewNiagaraSystem.uexp" 1563
"X:/Unreal Projects/Momentum/Momentum/Content/M_Water_Ocean_Inst.uasset" 1564
"X:/Unreal Projects/Momentum/Momentum/Content/M_Water_Ocean_Inst.uexp" 1565
"X:/Unreal Projects/Momentum/Momentum/Content/StarterContent/Materials/M_Basic_Wall.uasset" 1566
"X:/Unreal Projects/Momentum/Momentum/Content/StarterContent/Materials/M_Basic_Wall.uexp" 1567
"X:/Unreal Projects/Momentum/Momentum/Content/StarterContent/Shapes/Shape_Cube.uasset" 1568
"X:/Unreal Projects/Momentum/Momentum/Content/StarterContent/Shapes/Shape_Cube.uexp" 1569
"X:/Unreal Projects/Momentum/Momentum/Content/AI/SimpleAvalancheChaseAI.uasset" 1570
"X:/Unreal Projects/Momentum/Momentum/Content/AI/SimpleAvalancheChaseAI.uexp" 1571
"X:/Unreal Projects/Momentum/Momentum/Content/Spedometer.uasset" 1572
"X:/Unreal Projects/Momentum/Momentum/Content/Spedometer.uexp" 1573
"../../../Engine/Plugins/Marketplace/NinjaCharacter/Content/NinjaCharacter/Blueprints/NinjaPlayerController_BP.uasset" 1574
"../../../Engine/Plugins/Marketplace/NinjaCharacter/Content/NinjaCharacter/Blueprints/NinjaPlayerController_BP.uexp" 1575
"X:/Unreal Projects/Momentum/Momentum/Content/SkaterGameMode.uasset" 1576
"X:/Unreal Projects/Momentum/Momentum/Content/SkaterGameMode.uexp" 1577
"X:/Unreal Projects/Momentum/Momentum/Content/SaveGhostData.uasset" 1578
"X:/Unreal Projects/Momentum/Momentum/Content/SaveGhostData.uexp" 1579
"X:/Unreal Projects/Momentum/Momentum/Content/CheckerBoardTexture.uasset" 1580
"X:/Unreal Projects/Momentum/Momentum/Content/CheckerBoardTexture.uexp" 1581
"X:/Unreal Projects/Momentum/Momentum/Content/CelShading.uasset" 1582
"X:/Unreal Projects/Momentum/Momentum/Content/CelShading.uexp" 1583
"X:/Unreal Projects/Momentum/Momentum/Content/normalNoise.uasset" 1584
"X:/Unreal Projects/Momentum/Momentum/Content/normalNoise.uexp" 1585
"X:/Unreal Projects/Momentum/Momentum/Content/normalNoise.ubulk" 1586
"../../../Engine/Content/Functions/Engine_MaterialFunctions02/Utility/DynamicBranch.uasset" 1587
"../../../Engine/Content/Functions/Engine_MaterialFunctions02/Utility/DynamicBranch.uexp" 1588
"../../../Engine/Content/Functions/Engine_MaterialFunctions01/ImageAdjustment/CheapContrast.uasset" 1589
"../../../Engine/Content/Functions/Engine_MaterialFunctions01/ImageAdjustment/CheapContrast.uexp" 1590
"../../../Engine/Content/Functions/Engine_MaterialFunctions01/Texturing/WorldAlignedTexture.uasset" 1591
"../../../Engine/Content/Functions/Engine_MaterialFunctions01/Texturing/WorldAlignedTexture.uexp" 1592
"X:/Unreal Projects/Momentum/Momentum/Content/Checkerboard.uasset" 1593
"X:/Unreal Projects/Momentum/Momentum/Content/Checkerboard.uexp" 1594
"X:/Unreal Projects/Momentum/Momentum/Content/LaserEmission.uasset" 1595
"X:/Unreal Projects/Momentum/Momentum/Content/LaserEmission.uexp" 1596
"X:/Unreal Projects/Momentum/Momentum/Content/LaserWall.uasset" 1597
"X:/Unreal Projects/Momentum/Momentum/Content/LaserWall.uexp" 1598
"X:/Unreal Projects/Momentum/Momentum/Content/GhostSave.uasset" 1599
"X:/Unreal Projects/Momentum/Momentum/Content/GhostSave.uexp" 1600
"../../../Engine/Plugins/FX/Niagara/Content/DynamicInputs/UniformRange/V2/RandomRangeVector2D.uasset" 1601
"../../../Engine/Plugins/FX/Niagara/Content/DynamicInputs/UniformRange/V2/RandomRangeVector2D.uexp" 1602
"../../../Engine/Plugins/FX/Niagara/Content/Enums/ENiagaraVector3_Channels.uasset" 1603
"../../../Engine/Plugins/FX/Niagara/Content/Enums/ENiagaraVector3_Channels.uexp" 1604
"../../../Engine/Plugins/FX/Niagara/Content/Enums/CascadeConversion/ECascadeNiagaraTwoVectorChannels.uasset" 1605
"../../../Engine/Plugins/FX/Niagara/Content/Enums/CascadeConversion/ECascadeNiagaraTwoVectorChannels.uexp" 1606
"../../../Engine/Plugins/FX/Niagara/Content/Modules/Update/Orientation/SpriteRotationRate.uasset" 1607
"../../../Engine/Plugins/FX/Niagara/Content/Modules/Update/Orientation/SpriteRotationRate.uexp" 1608
"../../../Engine/Plugins/FX/Niagara/Content/Modules/Update/Forces/AccelerationForce.uasset" 1609
"../../../Engine/Plugins/FX/Niagara/Content/Modules/Update/Forces/AccelerationForce.uexp" 1610
"../../../Engine/Plugins/FX/Niagara/Content/Modules/Spawn/Velocity/AddVelocity.uasset" 1611
"../../../Engine/Plugins/FX/Niagara/Content/Modules/Spawn/Velocity/AddVelocity.uexp" 1612
"../../../Engine/Plugins/FX/Niagara/Content/Modules/Solvers/ApplyRotationVector.uasset" 1613
"../../../Engine/Plugins/FX/Niagara/Content/Modules/Solvers/ApplyRotationVector.uexp" 1614
"../../../Engine/Plugins/FX/Niagara/Content/Modules/Spawn/Orientation/V3/InitialMeshOrientation.uasset" 1615
"../../../Engine/Plugins/FX/Niagara/Content/Modules/Spawn/Orientation/V3/InitialMeshOrientation.uexp" 1616
"../../../Engine/Plugins/FX/Niagara/Content/Functions/RandomPointInSphere.uasset" 1617
"../../../Engine/Plugins/FX/Niagara/Content/Functions/RandomPointInSphere.uexp" 1618
"../../../Engine/Plugins/FX/Niagara/Content/Modules/Spawn/Location/SphereLocation.uasset" 1619
"../../../Engine/Plugins/FX/Niagara/Content/Modules/Spawn/Location/SphereLocation.uexp" 1620
"../../../Engine/Plugins/FX/Niagara/Content/DynamicInputs/UniformRange/V2/RandomRangeVector.uasset" 1621
"../../../Engine/Plugins/FX/Niagara/Content/DynamicInputs/UniformRange/V2/RandomRangeVector.uexp" 1622
"../../../Engine/Plugins/FX/Niagara/Content/DynamicInputs/TypeConversions/MakeQuatFromAxisAngle.uasset" 1623
"../../../Engine/Plugins/FX/Niagara/Content/DynamicInputs/TypeConversions/MakeQuatFromAxisAngle.uexp" 1624
"../../../Engine/Plugins/FX/Niagara/Content/Functions/ChannelMasks/SelectV3Channel.uasset" 1625
"../../../Engine/Plugins/FX/Niagara/Content/Functions/ChannelMasks/SelectV3Channel.uexp" 1626
"../../../Engine/Plugins/FX/Niagara/Content/DynamicInputs/TypeConversions/MakeFloatFromVector.uasset" 1627
"../../../Engine/Plugins/FX/Niagara/Content/DynamicInputs/TypeConversions/MakeFloatFromVector.uexp" 1628
"../../../Engine/Plugins/FX/Niagara/Content/DynamicInputs/LinearColor/MakeLinearColorFromVectorAndFloat.uasset" 1629
"../../../Engine/Plugins/FX/Niagara/Content/DynamicInputs/LinearColor/MakeLinearColorFromVectorAndFloat.uexp" 1630
"../../../Engine/Plugins/FX/Niagara/Content/DynamicInputs/Clamp/ClampFloat.uasset" 1631
"../../../Engine/Plugins/FX/Niagara/Content/DynamicInputs/Clamp/ClampFloat.uexp" 1632
"../../../Engine/Plugins/FX/Niagara/Content/DynamicInputs/CascadeConversion/SplitVector.uasset" 1633
"../../../Engine/Plugins/FX/Niagara/Content/DynamicInputs/CascadeConversion/SplitVector.uexp" 1634
"../../../Engine/Plugins/FX/Niagara/Content/Enums/Angles/ENiagara_AngleInput.uasset" 1635
"../../../Engine/Plugins/FX/Niagara/Content/Enums/Angles/ENiagara_AngleInput.uexp" 1636
"../../../Engine/Plugins/FX/Niagara/Content/DynamicInputs/Angles/AngleConversion.uasset" 1637
"../../../Engine/Plugins/FX/Niagara/Content/DynamicInputs/Angles/AngleConversion.uexp" 1638
"../../../Engine/Plugins/FX/Niagara/Content/DynamicInputs/Angles/NormalizedAngleToDegrees.uasset" 1639
"../../../Engine/Plugins/FX/Niagara/Content/DynamicInputs/Angles/NormalizedAngleToDegrees.uexp" 1640
"X:/Unreal Projects/Momentum/Momentum/Content/AdvancedMagicFX12/Textures/T_ky_smoke2.uasset" 1641
"X:/Unreal Projects/Momentum/Momentum/Content/AdvancedMagicFX12/Textures/T_ky_smoke2.uexp" 1642
"X:/Unreal Projects/Momentum/Momentum/Content/AdvancedMagicFX12/Textures/T_ky_smoke2.ubulk" 1643
"X:/Unreal Projects/Momentum/Momentum/Content/AdvancedMagicFX12/Textures/T_ky_noise3.uasset" 1644
"X:/Unreal Projects/Momentum/Momentum/Content/AdvancedMagicFX12/Textures/T_ky_noise3.uexp" 1645
"X:/Unreal Projects/Momentum/Momentum/Content/AdvancedMagicFX12/Textures/T_ky_noise3.ubulk" 1646
"../../../Engine/Content/Functions/Engine_MaterialFunctions01/Density/ExponentialDensity.uasset" 1647
"../../../Engine/Content/Functions/Engine_MaterialFunctions01/Density/ExponentialDensity.uexp" 1648
"../../../Engine/Content/Functions/Engine_MaterialFunctions01/Gradient/RadialGradientExponential.uasset" 1649
"../../../Engine/Content/Functions/Engine_MaterialFunctions01/Gradient/RadialGradientExponential.uexp" 1650
"X:/Unreal Projects/Momentum/Momentum/Content/AdvancedMagicFX12/Materials/M_ky_dynDust.uasset" 1651
"X:/Unreal Projects/Momentum/Momentum/Content/AdvancedMagicFX12/Materials/M_ky_dynDust.uexp" 1652
"X:/Unreal Projects/Momentum/Momentum/Content/AdvancedMagicFX12/Materials/MI_ky_dynDust01.uasset" 1653
"X:/Unreal Projects/Momentum/Momentum/Content/AdvancedMagicFX12/Materials/MI_ky_dynDust01.uexp" 1654
"X:/Unreal Projects/Momentum/Momentum/Content/AdvancedMagicFX12/Materials/MI_ky_aura14_fireB_nonD.uasset" 1655
"X:/Unreal Projects/Momentum/Momentum/Content/AdvancedMagicFX12/Materials/MI_ky_aura14_fireB_nonD.uexp" 1656
"X:/Unreal Projects/Momentum/Momentum/Content/AdvancedMagicFX12/Materials/MI_ky_aura14_fire.uasset" 1657
"X:/Unreal Projects/Momentum/Momentum/Content/AdvancedMagicFX12/Materials/MI_ky_aura14_fire.uexp" 1658
"X:/Unreal Projects/Momentum/Momentum/Content/AdvancedMagicFX12/Meshes/SM_ky_circle_midpoly.uasset" 1659
"X:/Unreal Projects/Momentum/Momentum/Content/AdvancedMagicFX12/Meshes/SM_ky_circle_midpoly.uexp" 1660
"X:/Unreal Projects/Momentum/Momentum/Content/AdvancedMagicFX12/Materials/M_ky_empty.uasset" 1661
"X:/Unreal Projects/Momentum/Momentum/Content/AdvancedMagicFX12/Materials/M_ky_empty.uexp" 1662
"X:/Unreal Projects/Momentum/Momentum/Content/AdvancedMagicFX12/particles/Niagara/NS_ky_aura_fire.uasset" 1663
"X:/Unreal Projects/Momentum/Momentum/Content/AdvancedMagicFX12/particles/Niagara/NS_ky_aura_fire.uexp" 1664
"X:/Unreal Projects/Momentum/Momentum/Content/GhostData.uasset" 1665
"X:/Unreal Projects/Momentum/Momentum/Content/GhostData.uexp" 1666
"../../../Engine/Content/BasicShapes/Sphere.uasset" 1667
"../../../Engine/Content/BasicShapes/Sphere.uexp" 1668
"../../../Engine/Content/EngineDebugMaterials/VertexColorViewMode_RedOnly.uasset" 1669
"../../../Engine/Content/EngineDebugMaterials/VertexColorViewMode_RedOnly.uexp" 1670
"../../../Engine/Content/EditorMeshes/ArcadeEditorSphere.uasset" 1671
"../../../Engine/Content/EditorMeshes/ArcadeEditorSphere.uexp" 1672
"X:/Unreal Projects/Momentum/Momentum/Content/Projectiles/Projectile.uasset" 1673
"X:/Unreal Projects/Momentum/Momentum/Content/Projectiles/Projectile.uexp" 1674
"X:/Unreal Projects/Momentum/Momentum/Content/Projectiles/Wrench.uasset" 1675
"X:/Unreal Projects/Momentum/Momentum/Content/Projectiles/Wrench.uexp" 1676
"../../../Engine/Plugins/FX/Niagara/Content/DynamicInputs/Divide/Divide_Float.uasset" 1677
"../../../Engine/Plugins/FX/Niagara/Content/DynamicInputs/Divide/Divide_Float.uexp" 1678
"../../../Engine/Plugins/FX/Niagara/Content/Modules/Emitter/SpawnPerUnit.uasset" 1679
"../../../Engine/Plugins/FX/Niagara/Content/Modules/Emitter/SpawnPerUnit.uexp" 1680
"../../../Engine/Plugins/FX/Niagara/Content/DynamicInputs/ValueFromCurve/Vector2DFromCurve.uasset" 1681
"../../../Engine/Plugins/FX/Niagara/Content/DynamicInputs/ValueFromCurve/Vector2DFromCurve.uexp" 1682
"../../../Engine/Plugins/FX/Niagara/Content/DynamicInputs/Multiply/Multiply_Vector.uasset" 1683
"../../../Engine/Plugins/FX/Niagara/Content/DynamicInputs/Multiply/Multiply_Vector.uexp" 1684
"../../../Engine/Content/Functions/Engine_MaterialFunctions02/Fresnel_Function.uasset" 1685
"../../../Engine/Content/Functions/Engine_MaterialFunctions02/Fresnel_Function.uexp" 1686
"X:/Unreal Projects/Momentum/Momentum/Content/AdvancedMagicFX12/Materials/M_ky_primitive.uasset" 1687
"X:/Unreal Projects/Momentum/Momentum/Content/AdvancedMagicFX12/Materials/M_ky_primitive.uexp" 1688
"X:/Unreal Projects/Momentum/Momentum/Content/AdvancedMagicFX12/Materials/MI_ky_primitive2c.uasset" 1689
"X:/Unreal Projects/Momentum/Momentum/Content/AdvancedMagicFX12/Materials/MI_ky_primitive2c.uexp" 1690
"X:/Unreal Projects/Momentum/Momentum/Content/AdvancedMagicFX12/Meshes/SM_ky_cylinderBend04.uasset" 1691
"X:/Unreal Projects/Momentum/Momentum/Content/AdvancedMagicFX12/Meshes/SM_ky_cylinderBend04.uexp" 1692
"X:/Unreal Projects/Momentum/Momentum/Content/AdvancedMagicFX12/Textures/T_ky_smoke_kai.uasset" 1693
"X:/Unreal Projects/Momentum/Momentum/Content/AdvancedMagicFX12/Textures/T_ky_smoke_kai.uexp" 1694
"X:/Unreal Projects/Momentum/Momentum/Content/AdvancedMagicFX12/Textures/T_ky_smoke_kai.ubulk" 1695
"X:/Unreal Projects/Momentum/Momentum/Content/AdvancedMagicFX12/Textures/T_ky_dist_noise.uasset" 1696
"X:/Unreal Projects/Momentum/Momentum/Content/AdvancedMagicFX12/Textures/T_ky_dist_noise.uexp" 1697
"X:/Unreal Projects/Momentum/Momentum/Content/AdvancedMagicFX12/Materials/M_ky_base_turbulence.uasset" 1698
"X:/Unreal Projects/Momentum/Momentum/Content/AdvancedMagicFX12/Materials/M_ky_base_turbulence.uexp" 1699
"X:/Unreal Projects/Momentum/Momentum/Content/AdvancedMagicFX12/Materials/MI_ky_turbulence_smoke2d_trs.uasset" 1700
"X:/Unreal Projects/Momentum/Momentum/Content/AdvancedMagicFX12/Materials/MI_ky_turbulence_smoke2d_trs.uexp" 1701
"X:/Unreal Projects/Momentum/Momentum/Content/AdvancedMagicFX12/particles/Niagara/NS_ky_shot_fire.uasset" 1702
"X:/Unreal Projects/Momentum/Momentum/Content/AdvancedMagicFX12/particles/Niagara/NS_ky_shot_fire.uexp" 1703
"X:/Unreal Projects/Momentum/Momentum/Content/AdvancedMagicFX12/particles/P_ky_aura_fire.uasset" 1704
"X:/Unreal Projects/Momentum/Momentum/Content/AdvancedMagicFX12/particles/P_ky_aura_fire.uexp" 1705
"X:/Unreal Projects/Momentum/Momentum/Content/Projectiles/Fireball.uasset" 1706
"X:/Unreal Projects/Momentum/Momentum/Content/Projectiles/Fireball.uexp" 1707
"X:/Unreal Projects/Momentum/Momentum/Content/StarterContent/Textures/T_RockMesh_N.uasset" 1708
"X:/Unreal Projects/Momentum/Momentum/Content/StarterContent/Textures/T_RockMesh_N.uexp" 1709
"X:/Unreal Projects/Momentum/Momentum/Content/StarterContent/Textures/T_RockMesh_N.ubulk" 1710
"X:/Unreal Projects/Momentum/Momentum/Content/StarterContent/Textures/T_RockMesh_M.uasset" 1711
"X:/Unreal Projects/Momentum/Momentum/Content/StarterContent/Textures/T_RockMesh_M.uexp" 1712
"X:/Unreal Projects/Momentum/Momentum/Content/StarterContent/Textures/T_RockMesh_M.ubulk" 1713
"X:/Unreal Projects/Momentum/Momentum/Content/StarterContent/Textures/T_Rock_Basalt_D.uasset" 1714
"X:/Unreal Projects/Momentum/Momentum/Content/StarterContent/Textures/T_Rock_Basalt_D.uexp" 1715
"X:/Unreal Projects/Momentum/Momentum/Content/StarterContent/Textures/T_Rock_Basalt_D.ubulk" 1716
"X:/Unreal Projects/Momentum/Momentum/Content/StarterContent/Textures/T_Detail_Rocky_N.uasset" 1717
"X:/Unreal Projects/Momentum/Momentum/Content/StarterContent/Textures/T_Detail_Rocky_N.uexp" 1718
"X:/Unreal Projects/Momentum/Momentum/Content/StarterContent/Textures/T_Detail_Rocky_N.ubulk" 1719
"X:/Unreal Projects/Momentum/Momentum/Content/StarterContent/Props/Materials/M_Rock.uasset" 1720
"X:/Unreal Projects/Momentum/Momentum/Content/StarterContent/Props/Materials/M_Rock.uexp" 1721
"X:/Unreal Projects/Momentum/Momentum/Content/Projectiles/DeathtouchRock.uasset" 1722
"X:/Unreal Projects/Momentum/Momentum/Content/Projectiles/DeathtouchRock.uexp" 1723
"X:/Unreal Projects/Momentum/Momentum/Content/Rig/CartoonThrow_MyCharacter_MyCharacterAction_002.uasset" 1724
"X:/Unreal Projects/Momentum/Momentum/Content/Rig/CartoonThrow_MyCharacter_MyCharacterAction_002.uexp" 1725
"X:/Unreal Projects/Momentum/Momentum/Content/Rig/ThrowMontage.uasset" 1726
"X:/Unreal Projects/Momentum/Momentum/Content/Rig/ThrowMontage.uexp" 1727
"X:/Unreal Projects/Momentum/Momentum/Content/Rig/CartoonShufflin_MyCharacter_MyCharacterAction_002.uasset" 1728
"X:/Unreal Projects/Momentum/Momentum/Content/Rig/CartoonShufflin_MyCharacter_MyCharacterAction_002.uexp" 1729
"X:/Unreal Projects/Momentum/Momentum/Content/Rig/Shufflin.uasset" 1730
"X:/Unreal Projects/Momentum/Momentum/Content/Rig/Shufflin.uexp" 1731
"X:/Unreal Projects/Momentum/Momentum/Content/CharacterCreation/CharacterCreationData.uasset" 1732
"X:/Unreal Projects/Momentum/Momentum/Content/CharacterCreation/CharacterCreationData.uexp" 1733
"X:/Unreal Projects/Momentum/Momentum/Content/SpeedTriggers.uasset" 1734
"X:/Unreal Projects/Momentum/Momentum/Content/SpeedTriggers.uexp" 1735
"X:/Unreal Projects/Momentum/Momentum/Content/PauseMenu.uasset" 1736
"X:/Unreal Projects/Momentum/Momentum/Content/PauseMenu.uexp" 1737
"X:/Unreal Projects/Momentum/Momentum/Content/AI/AISplinePath.uasset" 1738
"X:/Unreal Projects/Momentum/Momentum/Content/AI/AISplinePath.uexp" 1739
"X:/Unreal Projects/Momentum/Momentum/Content/NinjaScripts/SkaterCharacter_BP_AI.uasset" 1740
"X:/Unreal Projects/Momentum/Momentum/Content/NinjaScripts/SkaterCharacter_BP_AI.uexp" 1741
"X:/Unreal Projects/Momentum/Momentum/Content/NinjaScripts/SkaterCharacter_BP.uasset" 1742
"X:/Unreal Projects/Momentum/Momentum/Content/NinjaScripts/SkaterCharacter_BP.uexp" 1743
"X:/Unreal Projects/Momentum/Momentum/Content/Ghost.uasset" 1744
"X:/Unreal Projects/Momentum/Momentum/Content/Ghost.uexp" 1745
"X:/Unreal Projects/Momentum/Momentum/Content/GrayCheckboard.uasset" 1746
"X:/Unreal Projects/Momentum/Momentum/Content/GrayCheckboard.uexp" 1747
"X:/Unreal Projects/Momentum/Momentum/Content/Debris.uasset" 1748
"X:/Unreal Projects/Momentum/Momentum/Content/Debris.uexp" 1749
"X:/Unreal Projects/Momentum/Momentum/Content/DeathPlane.uasset" 1750
"X:/Unreal Projects/Momentum/Momentum/Content/DeathPlane.uexp" 1751
"X:/Unreal Projects/Momentum/Momentum/Content/Crazy.uasset" 1752
"X:/Unreal Projects/Momentum/Momentum/Content/Crazy.uexp" 1753
"X:/Unreal Projects/Momentum/Momentum/Content/Levels/ActionBlocks/ActionBlockLong.uexp" 1754
"X:/Unreal Projects/Momentum/Momentum/Content/Levels/ActionBlocks/ActionBlockLong.umap" 1755
"X:/Unreal Projects/Momentum/Momentum/Content/UI/Levels/BasicTimer.uasset" 1756
"X:/Unreal Projects/Momentum/Momentum/Content/UI/Levels/BasicTimer.uexp" 1757
"X:/Unreal Projects/Momentum/Momentum/Content/UI/Levels/AimForTimes.uasset" 1758
"X:/Unreal Projects/Momentum/Momentum/Content/UI/Levels/AimForTimes.uexp" 1759
"X:/Unreal Projects/Momentum/Momentum/Content/Timer.uasset" 1760
"X:/Unreal Projects/Momentum/Momentum/Content/Timer.uexp" 1761
"X:/Unreal Projects/Momentum/Momentum/Content/StarterContent/Textures/T_Metal_Gold_D.uasset" 1762
"X:/Unreal Projects/Momentum/Momentum/Content/StarterContent/Textures/T_Metal_Gold_D.uexp" 1763
"X:/Unreal Projects/Momentum/Momentum/Content/StarterContent/Textures/T_Metal_Gold_D.ubulk" 1764
"X:/Unreal Projects/Momentum/Momentum/Content/M_Metal_Gold.uasset" 1765
"X:/Unreal Projects/Momentum/Momentum/Content/M_Metal_Gold.uexp" 1766
"../../../Engine/Content/BasicShapes/BasicShapeMaterial.uasset" 1767
"../../../Engine/Content/BasicShapes/BasicShapeMaterial.uexp" 1768
"X:/Unreal Projects/Momentum/Momentum/Content/Levels/ActionBlocks/ActionBlockReachTheEnd.uexp" 1769
"X:/Unreal Projects/Momentum/Momentum/Content/Levels/ActionBlocks/ActionBlockReachTheEnd.umap" 1770
"../../../Engine/Content/Maps/Entry_BuiltData.uasset" 1771
"../../../Engine/Content/Maps/Entry_BuiltData.uexp" 1772
"../../../Engine/Content/Maps/Entry.uexp" 1773
"../../../Engine/Content/Maps/Entry.umap" 1774
