"../../../Engine/Config/Android/DataDrivenPlatformInfo.ini" 1
"../../../Engine/Config/HoloLens/DataDrivenPlatformInfo.ini" 2
"../../../Engine/Config/IOS/DataDrivenPlatformInfo.ini" 3
"../../../Engine/Config/Base.ini" 4
"../../../Engine/Config/BaseEngine.ini" 5
"../../../Engine/Config/IOS/BaseIOSEngine.ini" 6
"X:/Unreal Projects/Momentum/Momentum/Config/DefaultEngine.ini" 7
"../../../Engine/Config/IOS/IOSEngine.ini" 8
"../../../Engine/Config/Linux/DataDrivenPlatformInfo.ini" 9
"../../../Engine/Config/LinuxAArch64/DataDrivenPlatformInfo.ini" 10
"../../../Engine/Config/Lumin/DataDrivenPlatformInfo.ini" 11
"../../../Engine/Config/Mac/DataDrivenPlatformInfo.ini" 12
"../../../Engine/Config/TVOS/DataDrivenPlatformInfo.ini" 13
"../../../Engine/Config/Windows/DataDrivenPlatformInfo.ini" 14
"X:/Unreal Projects/Momentum/Momentum/MomentumPlatformer.uproject" 15
"X:/Unreal Projects/Momentum/Momentum/Binaries/Win64/UE4Editor.modules" 16
"../../../Engine/Plugins/BlueprintFileUtils/BlueprintFileUtils.uplugin" 17
"../../../Engine/Plugins/MeshPainting/MeshPainting.uplugin" 18
"../../../Engine/Plugins/ScriptPlugin/ScriptPlugin.uplugin" 19
"../../../Engine/Plugins/AI/HTNPlanner/HTNPlanner.uplugin" 20
"../../../Engine/Plugins/AI/EnvironmentQueryEditor/EnvironmentQueryEditor.uplugin" 21
"../../../Engine/Plugins/Compositing/Composure/Composure.uplugin" 22
"../../../Engine/Plugins/AI/UE4ML/UE4ML.uplugin" 23
"../../../Engine/Plugins/Blendables/LightPropagationVolume/LightPropagationVolume.uplugin" 24
"../../../Engine/Plugins/Compositing/OpenCVLensDistortion/OpenCVLensDistortion.uplugin" 25
"../../../Engine/Plugins/XGEController/XGEController.uplugin" 26
"../../../Engine/Plugins/Developer/AnimationSharing/AnimationSharing.uplugin" 27
"../../../Engine/Plugins/Cameras/CameraShakePreviewer/CameraShakePreviewer.uplugin" 28
"../../../Engine/Plugins/Cameras/GameplayCameras/GameplayCameras.uplugin" 29
"../../../Engine/Plugins/Compression/OodleData/OodleData.uplugin" 30
"../../../Engine/Plugins/Enterprise/AxFImporter/AxFImporter.uplugin" 31
"../../../Engine/Plugins/Enterprise/DataprepEditor/DataprepEditor.uplugin" 32
"../../../Engine/Plugins/Enterprise/DatasmithC4DImporter/DatasmithC4DImporter.uplugin" 33
"../../../Engine/Plugins/Compression/OodleNetwork/OodleNetwork.uplugin" 34
"../../../Engine/Plugins/Compositing/OpenColorIO/OpenColorIO.uplugin" 35
"../../../Engine/Plugins/Enterprise/DatasmithFBXImporter/DatasmithFBXImporter.uplugin" 36
"../../../Engine/Plugins/Enterprise/DatasmithCADImporter/DatasmithCADImporter.uplugin" 37
"../../../Engine/Plugins/Enterprise/DatasmithGLTFImporter/DatasmithGLTFImporter.uplugin" 38
"../../../Engine/Plugins/Enterprise/DatasmithImporter/DatasmithImporter.uplugin" 39
"../../../Engine/Plugins/2D/Paper2D/Paper2D.uplugin" 40
"../../../Engine/Plugins/Enterprise/StaticMeshEditorExtension/StaticMeshEditorExtension.uplugin" 41
"../../../Engine/Plugins/Enterprise/LidarPointCloud/LidarPointCloud.uplugin" 42
"../../../Engine/Plugins/Compositing/LensDistortion/LensDistortion.uplugin" 43
"../../../Engine/Plugins/Enterprise/MDLImporter/MDLImporter.uplugin" 44
"../../../Engine/Plugins/Enterprise/DatasmithIFCImporter/DatasmithIFCImporter.uplugin" 45
"../../../Engine/Plugins/Enterprise/VariantManagerContent/VariantManagerContent.uplugin" 46
"../../../Engine/Plugins/Editor/AssetManagerEditor/AssetManagerEditor.uplugin" 47
"../../../Engine/Plugins/Editor/CryptoKeys/CryptoKeys.uplugin" 48
"../../../Engine/Plugins/Editor/CurveEditorTools/CurveEditorTools.uplugin" 49
"../../../Engine/Plugins/Enterprise/VariantManager/VariantManager.uplugin" 50
"../../../Engine/Plugins/Editor/EditorScriptingUtilities/EditorScriptingUtilities.uplugin" 51
"../../../Engine/Plugins/Enterprise/DatasmithContent/DatasmithContent.uplugin" 52
"../../../Engine/Plugins/Editor/BlueprintMaterialTextureNodes/BlueprintMaterialTextureNodes.uplugin" 53
"../../../Engine/Plugins/Editor/AssetSearch/AssetSearch.uplugin" 54
"../../../Engine/Plugins/Editor/PluginBrowser/PluginBrowser.uplugin" 55
"../../../Engine/Plugins/Editor/MobileLauncherProfileWizard/MobileLauncherProfileWizard.uplugin" 56
"../../../Engine/Plugins/Editor/FacialAnimation/FacialAnimation.uplugin" 57
"../../../Engine/Plugins/Editor/GeometryMode/GeometryMode.uplugin" 58
"../../../Engine/Plugins/Editor/MacGraphicsSwitching/MacGraphicsSwitching.uplugin" 59
"../../../Engine/Plugins/Editor/StylusInput/StylusInput.uplugin" 60
"../../../Engine/Plugins/Importers/AlembicHairImporter/AlembicHairImporter.uplugin" 61
"../../../Engine/Plugins/FX/CascadeToNiagaraConverter/CascadeToNiagaraConverter.uplugin" 62
"../../../Engine/Plugins/FX/Niagara/Niagara.uplugin" 63
"../../../Engine/Plugins/Editor/GameplayTagsEditor/GameplayTagsEditor.uplugin" 64
"../../../Engine/Plugins/Editor/DataValidation/DataValidation.uplugin" 65
"../../../Engine/Plugins/FX/NiagaraExtras/NiagaraExtras.uplugin" 66
"../../../Engine/Plugins/Importers/USDMultiUser/USDMultiUser.uplugin" 67
"../../../Engine/Plugins/Lumin/MagicLeap/MagicLeap.uplugin" 68
"../../../Engine/Plugins/Lumin/MagicLeapBLE/MagicLeapBLE.uplugin" 69
"../../../Engine/Plugins/AI/AISupport/AISupport.uplugin" 70
"../../../Engine/Plugins/Lumin/MagicLeapConnections/MagicLeapConnections.uplugin" 71
"../../../Engine/Plugins/Lumin/LuminPlatformFeatures/LuminPlatformFeatures.uplugin" 72
"../../../Engine/Plugins/Importers/USDImporter/USDImporter.uplugin" 73
"../../../Engine/Plugins/Lumin/MagicLeapContacts/MagicLeapContacts.uplugin" 74
"../../../Engine/Plugins/Editor/GLTFImporter/GLTFImporter.uplugin" 75
"../../../Engine/Plugins/Editor/SpeedTreeImporter/SpeedTreeImporter.uplugin" 76
"../../../Engine/Plugins/Lumin/MagicLeapDispatch/MagicLeapDispatch.uplugin" 77
"../../../Engine/Plugins/Editor/MeshEditor/MeshEditor.uplugin" 78
"../../../Engine/Plugins/Lumin/MagicLeapMedia/MagicLeapMedia.uplugin" 79
"../../../Engine/Plugins/Lumin/MagicLeapLightEstimation/MagicLeapLightEstimation.uplugin" 80
"../../../Engine/Plugins/Lumin/MagicLeapMovement/MagicLeapMovement.uplugin" 81
"../../../Engine/Plugins/Lumin/MagicLeapMusicService/MagicLeapMusicService.uplugin" 82
"../../../Engine/Plugins/Lumin/MagicLeapPassableWorld/MagicLeapPassableWorld.uplugin" 83
"../../../Engine/Plugins/Lumin/MagicLeapSharedFile/MagicLeapSharedFile.uplugin" 84
"../../../Engine/Plugins/Lumin/MagicLeapLocation/MagicLeapLocation.uplugin" 85
"../../../Engine/Plugins/Lumin/MagicLeapTablet/MagicLeapTablet.uplugin" 86
"../../../Engine/Plugins/Lumin/MLSDK/MLSDK.uplugin" 87
"../../../Engine/Plugins/Media/AndroidMedia/AndroidMedia.uplugin" 88
"../../../Engine/Plugins/Marketplace/NinjaCharacter/NinjaCharacter.uplugin" 89
"../../../Engine/Plugins/Media/AppleProResMedia/AppleProResMedia.uplugin" 90
"../../../Engine/Plugins/Media/AjaMedia/AjaMedia.uplugin" 91
"../../../Engine/Plugins/Media/AudioCaptureTimecodeProvider/AudioCaptureTimecodeProvider.uplugin" 92
"../../../Engine/Plugins/Media/AndroidCamera/AndroidCamera.uplugin" 93
"../../../Engine/Plugins/Media/AvidDNxMedia/AvidDNxMedia.uplugin" 94
"../../../Engine/Plugins/Media/BinkMedia/BinkMedia.uplugin" 95
"../../../Engine/Plugins/Media/BlackmagicMedia/BlackmagicMedia.uplugin" 96
"../../../Engine/Plugins/Media/ElectraCDM/ElectraCDM.uplugin" 97
"../../../Engine/Plugins/Media/HAPMedia/HAPMedia.uplugin" 98
"../../../Engine/Plugins/Media/ElectraUtil/ElectraUtil.uplugin" 99
"../../../Engine/Plugins/Media/ElectraPlayer/ElectraPlayer.uplugin" 100
"../../../Engine/Plugins/Media/HardwareEncoders/HardwareEncoders.uplugin" 101
"../../../Engine/Plugins/Media/ImgMedia/ImgMedia.uplugin" 102
"../../../Engine/Plugins/Media/HLMedia/HLMedia.uplugin" 103
"../../../Engine/Plugins/Media/LinearTimecode/LinearTimecode.uplugin" 104
"../../../Engine/Plugins/Media/MediaCompositing/MediaCompositing.uplugin" 105
"../../../Engine/Plugins/Media/MediaIOFramework/MediaIOFramework.uplugin" 106
"../../../Engine/Plugins/Media/MediaMovieStreamer/MediaMovieStreamer.uplugin" 107
"../../../Engine/Plugins/Media/MediaFrameworkUtilities/MediaFrameworkUtilities.uplugin" 108
"../../../Engine/Plugins/Media/MediaPlayerEditor/MediaPlayerEditor.uplugin" 109
"../../../Engine/Plugins/Media/MfMedia/MfMedia.uplugin" 110
"../../../Engine/Plugins/Media/PixelStreaming/PixelStreaming.uplugin" 111
"../../../Engine/Plugins/Media/WebMMedia/WebMMedia.uplugin" 112
"../../../Engine/Plugins/Messaging/TcpMessaging/TcpMessaging.uplugin" 113
"../../../Engine/Plugins/Messaging/MessagingDebugger/MessagingDebugger.uplugin" 114
"../../../Engine/Plugins/Media/TimecodeSynchronizer/TimecodeSynchronizer.uplugin" 115
"../../../Engine/Plugins/Messaging/UdpMessaging/UdpMessaging.uplugin" 116
"../../../Engine/Plugins/MovieScene/MatineeToLevelSequence/MatineeToLevelSequence.uplugin" 117
"../../../Engine/Plugins/Media/AvfMedia/AvfMedia.uplugin" 118
"../../../Engine/Plugins/Lumin/MagicLeapCamera/MagicLeapCamera.uplugin" 119
"../../../Engine/Plugins/Media/WmfMedia/WmfMedia.uplugin" 120
"../../../Engine/Plugins/MovieScene/ActorSequence/ActorSequence.uplugin" 121
"../../../Engine/Plugins/MovieScene/LevelSequenceEditor/LevelSequenceEditor.uplugin" 122
"../../../Engine/Plugins/MovieScene/MoviePipelineMaskRenderPass/MoviePipelineMaskRenderPass.uplugin" 123
"../../../Engine/Plugins/MovieScene/ReplayTracks/ReplayTracks.uplugin" 124
"../../../Engine/Plugins/MovieScene/MovieRenderPipeline/MovieRenderPipeline.uplugin" 125
"../../../Engine/Plugins/NetcodeUnitTest/NUTUnrealEngine4/NUTUnrealEngine4.uplugin" 126
"../../../Engine/Plugins/MovieScene/SequencerScripting/SequencerScripting.uplugin" 127
"../../../Engine/Plugins/Online/OnlineFramework/OnlineFramework.uplugin" 128
"../../../Engine/Plugins/Lumin/MagicLeapNetworking/MagicLeapNetworking.uplugin" 129
"../../../Engine/Plugins/Online/EOSShared/EOSShared.uplugin" 130
"../../../Engine/Plugins/MovieScene/TemplateSequence/TemplateSequence.uplugin" 131
"../../../Engine/Plugins/NetcodeUnitTest/NetcodeUnitTest/NetcodeUnitTest.uplugin" 132
"../../../Engine/Plugins/Online/OnlineSubsystem/OnlineSubsystem.uplugin" 133
"../../../Engine/Plugins/Online/OnlineSubsystemEOS/OnlineSubsystemEOS.uplugin" 134
"../../../Engine/Plugins/Online/OnlineSubsystemAmazon/OnlineSubsystemAmazon.uplugin" 135
"../../../Engine/Plugins/Online/OnlineSubsystemGoogle/OnlineSubsystemGoogle.uplugin" 136
"../../../Engine/Plugins/Online/OnlineSubsystemFacebook/OnlineSubsystemFacebook.uplugin" 137
"../../../Engine/Plugins/Online/OnlineSubsystemUtils/OnlineSubsystemUtils.uplugin" 138
"../../../Engine/Plugins/Online/OnlineSubsystemNull/OnlineSubsystemNull.uplugin" 139
"../../../Engine/Plugins/Online/OnlineSubsystemTencent/OnlineSubsystemTencent.uplugin" 140
"../../../Engine/Plugins/Online/OnlineSubsystemApple/OnlineSubsystemApple.uplugin" 141
"../../../Engine/Plugins/Online/OnlineSubsystemOculus/OnlineSubsystemOculus.uplugin" 142
"../../../Engine/Plugins/Performance/PerformanceMonitor/PerformanceMonitor.uplugin" 143
"../../../Engine/Plugins/Portal/LauncherChunkInstaller/LauncherChunkInstaller.uplugin" 144
"../../../Engine/Plugins/Online/OnlineSubsystemTwitch/OnlineSubsystemTwitch.uplugin" 145
"../../../Engine/Plugins/Runtime/ActorLayerUtilities/ActorLayerUtilities.uplugin" 146
"../../../Engine/Plugins/Online/OnlineSubsystemSteam/OnlineSubsystemSteam.uplugin" 147
"../../../Engine/Plugins/Editor/MaterialAnalyzer/MaterialAnalyzer.uplugin" 148
"../../../Engine/Plugins/Runtime/AndroidDeviceProfileSelector/AndroidDeviceProfileSelector.uplugin" 149
"../../../Engine/Plugins/Runtime/AndroidPermission/AndroidPermission.uplugin" 150
"../../../Engine/Plugins/Runtime/AndroidMoviePlayer/AndroidMoviePlayer.uplugin" 151
"../../../Engine/Plugins/Runtime/AnimDistanceMatching/AnimDistanceMatching.uplugin" 152
"../../../Engine/Plugins/Runtime/ApexDestruction/ApexDestruction.uplugin" 153
"../../../Engine/Plugins/Runtime/ArchVisCharacter/ArchVisCharacter.uplugin" 154
"../../../Engine/Plugins/Runtime/AnimationBudgetAllocator/AnimationBudgetAllocator.uplugin" 155
"../../../Engine/Plugins/Runtime/AssetTags/AssetTags.uplugin" 156
"../../../Engine/Plugins/Runtime/AppleMoviePlayer/AppleMoviePlayer.uplugin" 157
"../../../Engine/Plugins/Runtime/AudioCapture/AudioCapture.uplugin" 158
"../../../Engine/Plugins/Runtime/AppleImageUtils/AppleImageUtils.uplugin" 159
"../../../Engine/Plugins/Runtime/AudioSynesthesia/AudioSynesthesia.uplugin" 160
"../../../Engine/Plugins/Runtime/AudioModulation/AudioModulation.uplugin" 161
"../../../Engine/Plugins/Runtime/ChunkDownloader/ChunkDownloader.uplugin" 162
"../../../Engine/Plugins/Runtime/CableComponent/CableComponent.uplugin" 163
"../../../Engine/Plugins/Runtime/CustomMeshComponent/CustomMeshComponent.uplugin" 164
"../../../Engine/Plugins/Runtime/EditableMesh/EditableMesh.uplugin" 165
"../../../Engine/Plugins/Runtime/ExampleDeviceProfileSelector/ExampleDeviceProfileSelector.uplugin" 166
"../../../Engine/Plugins/Runtime/Firebase/Firebase.uplugin" 167
"../../../Engine/Plugins/Runtime/GoogleCloudMessaging/GoogleCloudMessaging.uplugin" 168
"../../../Engine/Plugins/Runtime/DataRegistry/DataRegistry.uplugin" 169
"../../../Engine/Plugins/Runtime/GameplayAbilities/GameplayAbilities.uplugin" 170
"../../../Engine/Plugins/Runtime/GooglePAD/GooglePAD.uplugin" 171
"../../../Engine/Plugins/Runtime/GeoReferencing/GeoReferencing.uplugin" 172
"../../../Engine/Plugins/Runtime/HairStrands/HairStrands.uplugin" 173
"../../../Engine/Plugins/Runtime/HTTPChunkInstaller/HTTPChunkInstaller.uplugin" 174
"../../../Engine/Plugins/Runtime/IOSReplayKit/IOSReplayKit.uplugin" 175
"../../../Engine/Plugins/Runtime/HPMotionController/HPMotionController.uplugin" 176
"../../../Engine/Plugins/Runtime/HDRIBackdrop/HDRIBackdrop.uplugin" 177
"../../../Engine/Plugins/Runtime/IOSDeviceProfileSelector/IOSDeviceProfileSelector.uplugin" 178
"../../../Engine/Plugins/Runtime/LinuxDeviceProfileSelector/LinuxDeviceProfileSelector.uplugin" 179
"../../../Engine/Plugins/Runtime/LiveLinkOvernDisplay/LiveLinkOverNDisplay.uplugin" 180
"../../../Engine/Plugins/Runtime/LocationServicesAndroidImpl/LocationServicesAndroidImpl.uplugin" 181
"../../../Engine/Plugins/Runtime/LocationServicesBPLibrary/LocationServicesBPLibrary.uplugin" 182
"../../../Engine/Plugins/Runtime/LocationServicesIOSImpl/LocationServicesIOSImpl.uplugin" 183
"../../../Engine/Plugins/MovieScene/CustomizableSequencerTracks/CustomizableSequencerTracks.uplugin" 184
"../../../Engine/Plugins/Runtime/MicrosoftSpatialAudio/MicroSoftSpatialSound.uplugin" 185
"../../../Engine/Plugins/Runtime/MIDIDevice/MIDIDevice.uplugin" 186
"../../../Engine/Plugins/Runtime/MixedRealityCaptureFramework/MixedRealityCaptureFramework.uplugin" 187
"../../../Engine/Plugins/Online/WebAuth/WebAuth.uplugin" 188
"../../../Engine/Plugins/Runtime/MobilePatchingUtils/MobilePatchingUtils.uplugin" 189
"../../../Engine/Plugins/Runtime/OpenXR/OpenXR.uplugin" 190
"../../../Engine/Plugins/Runtime/nDisplay/nDisplay.uplugin" 191
"../../../Engine/Plugins/Runtime/OpenXREyeTracker/OpenXREyeTracker.uplugin" 192
"../../../Engine/Plugins/Runtime/NetworkPredictionExtras/NetworkPredictionExtras.uplugin" 193
"../../../Engine/Plugins/Runtime/NetworkPredictionInsights/NetworkPredictionInsights.uplugin" 194
"../../../Engine/Plugins/Runtime/OpenXRHandTracking/OpenXRHandTracking.uplugin" 195
"../../../Engine/Plugins/Runtime/OptionalMobileFeaturesBPLibrary/OptionalMobileFeaturesBPLibrary.uplugin" 196
"../../../Engine/Plugins/Runtime/OSCModulationMixing/OSCModulationMixing.uplugin" 197
"../../../Engine/Plugins/Runtime/PhysXVehicles/PhysXVehicles.uplugin" 198
"../../../Engine/Plugins/Runtime/NetworkPrediction/NetworkPrediction.uplugin" 199
"../../../Engine/Plugins/Runtime/PreLoadScreenMoviePlayer/PreLoadScreenMoviePlayer.uplugin" 200
"../../../Engine/Plugins/Runtime/OpenXRMsftHandInteraction/OpenXRMsftHandInteraction.uplugin" 201
"../../../Engine/Plugins/Runtime/PostSplashScreen/PostSplashScreen.uplugin" 202
"../../../Engine/Plugins/Runtime/OSC/OSC.uplugin" 203
"../../../Engine/Plugins/Runtime/ProceduralMeshComponent/ProceduralMeshComponent.uplugin" 204
"../../../Engine/Plugins/Runtime/ReplicationGraph/ReplicationGraph.uplugin" 205
"../../../Engine/Plugins/Runtime/ResonanceAudio/ResonanceAudio.uplugin" 206
"../../../Engine/Plugins/Runtime/PropertyAccess/PropertyAccessEditor.uplugin" 207
"../../../Engine/Plugins/Runtime/RuntimePhysXCooking/RuntimePhysXCooking.uplugin" 208
"../../../Engine/Plugins/Runtime/SignificanceManager/SignificanceManager.uplugin" 209
"../../../Engine/Plugins/Runtime/SoundMod/SoundMod.uplugin" 210
"../../../Engine/Plugins/Runtime/SoundCueTemplates/SoundCueTemplates.uplugin" 211
"../../../Engine/Plugins/Runtime/Spatialization/Spatialization.uplugin" 212
"../../../Engine/Plugins/Runtime/TimeSynth/TimeSynth.uplugin" 213
"../../../Engine/Plugins/Runtime/SoundFields/SoundFields.uplugin" 214
"../../../Engine/Plugins/Runtime/WarpUtils/WarpUtils.uplugin" 215
"../../../Engine/Plugins/Runtime/SoundVisualizations/SoundVisualizations.uplugin" 216
"../../../Engine/Plugins/Runtime/WebBrowserWidget/WebBrowserWidget.uplugin" 217
"../../../Engine/Plugins/Runtime/SoundUtilities/SoundUtilities.uplugin" 218
"../../../Engine/Plugins/Runtime/TextureShare/TextureShare.uplugin" 219
"../../../Engine/Plugins/Runtime/SunPosition/SunPosition.uplugin" 220
"../../../Engine/Plugins/Runtime/Synthesis/Synthesis.uplugin" 221
"../../../Engine/Plugins/Runtime/WebBrowserNativeProxy/WebBrowserNativeProxy.uplugin" 222
"../../../Engine/Plugins/Runtime/WebMMoviePlayer/WebMMoviePlayer.uplugin" 223
"../../../Engine/Plugins/Runtime/WindowsMoviePlayer/WindowsMoviePlayer.uplugin" 224
"../../../Engine/Plugins/Runtime/WindowsMixedReality/WindowsMixedReality.uplugin" 225
"../../../Engine/Plugins/Slate/SlateInsights/SlateInsights.uplugin" 226
"../../../Engine/Plugins/Slate/SlateRemote/SlateRemote.uplugin" 227
"../../../Engine/Plugins/Tests/FunctionalTestingEditor/FunctionalTestingEditor.uplugin" 228
"../../../Engine/Plugins/Tests/FbxAutomationTestBuilder/FbxAutomationTestBuilder.uplugin" 229
"../../../Engine/Plugins/Tests/EditorTests/EditorTests.uplugin" 230
"../../../Engine/Plugins/Tests/PythonAutomationTest/PythonAutomationTest.uplugin" 231
"../../../Engine/Plugins/Tests/RHITests/RHITests.uplugin" 232
"../../../Engine/Plugins/Tests/RuntimeTests/RuntimeTests.uplugin" 233
"../../../Engine/Plugins/Tests/ScreenshotTools/ScreenshotTools.uplugin" 234
"../../../Engine/Plugins/VirtualProduction/CameraCalibrationCore/CameraCalibrationCore.uplugin" 235
"../../../Engine/Plugins/VirtualProduction/CameraCalibration/CameraCalibration.uplugin" 236
"../../../Engine/Plugins/VirtualProduction/CompositePlane/CompositePlane.uplugin" 237
"../../../Engine/Plugins/VirtualProduction/DataCharts/DataCharts.uplugin" 238
"../../../Engine/Plugins/VirtualProduction/LiveLinkFreeD/LiveLinkFreeD.uplugin" 239
"../../../Engine/Plugins/VirtualProduction/LevelSnapshots/LevelSnapshots.uplugin" 240
"../../../Engine/Plugins/VirtualProduction/ICVFX/ICVFX.uplugin" 241
"../../../Engine/Plugins/VirtualProduction/LiveLinkMasterLockit/LiveLinkMasterLockit.uplugin" 242
"../../../Engine/Plugins/VirtualProduction/LiveLinkVRPN/LiveLinkVRPN.uplugin" 243
"../../../Engine/Plugins/VirtualProduction/RemoteControl/RemoteControl.uplugin" 244
"../../../Engine/Plugins/VirtualProduction/LiveLinkCamera/LiveLinkCamera.uplugin" 245
"../../../Engine/Plugins/VirtualProduction/RemoteControlInterception/RemoteControlInterception.uplugin" 246
"../../../Engine/Plugins/VirtualProduction/MultiUserTakes/MultiUserTakes.uplugin" 247
"../../../Engine/Plugins/VirtualProduction/LiveLinkXR/LiveLinkXR.uplugin" 248
"../../../Engine/Plugins/VirtualProduction/nDisplaySupportForLevelSnapshots/nDisplaySupportForLevelSnapshots.uplugin" 249
"../../../Engine/Plugins/VirtualProduction/LiveLinkPrestonMDR/LiveLinkPrestonMDR.uplugin" 250
"../../../Engine/Plugins/VirtualProduction/LiveLinkLens/LiveLinkLens.uplugin" 251
"../../../Engine/Plugins/VirtualProduction/RemoteControlWebInterface/RemoteControlWebInterface.uplugin" 252
"../../../Engine/Plugins/VirtualProduction/StageMonitoring/StageMonitoring.uplugin" 253
"../../../Engine/Plugins/VirtualProduction/TimedDataMonitor/TimedDataMonitor.uplugin" 254
"../../../Engine/Plugins/VirtualProduction/Takes/Takes.uplugin" 255
"../../../Engine/Plugins/VirtualProduction/RemoteControlProtocolOSC/RemoteControlProtocolOSC.uplugin" 256
"../../../Engine/Plugins/VirtualProduction/Switchboard/Switchboard.uplugin" 257
"../../../Engine/Plugins/Experimental/BlastPlugin/BlastPlugin.uplugin" 258
"../../../Engine/Plugins/Experimental/ActorPalette/ActorPalette.uplugin" 259
"../../../Engine/Plugins/Experimental/BackChannel/BackChannel.uplugin" 260
"../../../Engine/Plugins/Experimental/AlembicImporter/AlembicImporter.uplugin" 261
"../../../Engine/Plugins/Experimental/AutomationUtils/AutomationUtils.uplugin" 262
"../../../Engine/Plugins/Experimental/AppleVision/AppleVision.uplugin" 263
"../../../Engine/Plugins/Experimental/ChaosCaching/ChaosCaching.uplugin" 264
"../../../Engine/Plugins/Experimental/BlueprintStats/BlueprintStats.uplugin" 265
"../../../Engine/Plugins/Experimental/ChaosCloth/ChaosCloth.uplugin" 266
"../../../Engine/Plugins/Runtime/WindowsDeviceProfileSelector/WindowsDeviceProfileSelector.uplugin" 267
"../../../Engine/Plugins/Experimental/ChaosSolverPlugin/ChaosSolverPlugin.uplugin" 268
"../../../Engine/Plugins/Experimental/ChaosClothEditor/ChaosClothEditor.uplugin" 269
"../../../Engine/Plugins/Experimental/CharacterAI/CharacterAI.uplugin" 270
"../../../Engine/Plugins/Experimental/ChaosEditor/ChaosEditor.uplugin" 271
"../../../Engine/Plugins/Experimental/CodeEditor/CodeEditor.uplugin" 272
"../../../Engine/Plugins/Experimental/ChaosVehiclesPlugin/ChaosVehiclesPlugin.uplugin" 273
"../../../Engine/Plugins/Experimental/CodeView/CodeView.uplugin" 274
"../../../Engine/Plugins/Experimental/ColorCorrectRegions/ColorCorrectRegions.uplugin" 275
"../../../Engine/Plugins/Experimental/ControlRig/ControlRig.uplugin" 276
"../../../Engine/Plugins/Experimental/CommonConversation/CommonConversation.uplugin" 277
"../../../Engine/Plugins/Experimental/ExampleAssetEditor/ExampleAssetEditor.uplugin" 278
"../../../Engine/Plugins/Experimental/CommonUI/CommonUI.uplugin" 279
"../../../Engine/Plugins/Experimental/ChaosNiagara/ChaosNiagara.uplugin" 280
"../../../Engine/Plugins/Experimental/FullBodyIK/FullBodyIK.uplugin" 281
"../../../Engine/Plugins/Experimental/EnhancedInput/EnhancedInput.uplugin" 282
"../../../Engine/Plugins/Experimental/FieldSystemPlugin/FieldSystemPlugin.uplugin" 283
"../../../Engine/Plugins/Experimental/GeometryCache/GeometryCache.uplugin" 284
"../../../Engine/Plugins/Experimental/GameFeatures/GameFeatures.uplugin" 285
"../../../Engine/Plugins/Experimental/GeometryCacheAbcFile/GeometryCacheAbcFile.uplugin" 286
"../../../Engine/Plugins/Experimental/GeometryProcessing/GeometryProcessing.uplugin" 287
"../../../Engine/Plugins/Experimental/GizmoEdMode/GizmoEdMode.uplugin" 288
"../../../Engine/Plugins/Experimental/Gauntlet/Gauntlet.uplugin" 289
"../../../Engine/Plugins/Experimental/GizmoFramework/GizmoFramework.uplugin" 290
"../../../Engine/Plugins/Experimental/GeometryCollectionPlugin/GeometryCollectionPlugin.uplugin" 291
"../../../Engine/Plugins/Experimental/GPULightmass/GPULightmass.uplugin" 292
"../../../Engine/Plugins/Experimental/ImagePlate/ImagePlate.uplugin" 293
"../../../Engine/Plugins/Experimental/ImpostorBaker/ImpostorBaker.uplugin" 294
"../../../Engine/Plugins/Experimental/Landmass/Landmass.uplugin" 295
"../../../Engine/Plugins/Experimental/LiveLinkControlRig/LiveLinkControlRig.uplugin" 296
"../../../Engine/Plugins/Experimental/ModelingToolsEditorMode/ModelingToolsEditorMode.uplugin" 297
"../../../Engine/Plugins/Experimental/ModularGameplay/ModularGameplay.uplugin" 298
"../../../Engine/Plugins/Experimental/OpenImageDenoise/OpenImageDenoise.uplugin" 299
"../../../Engine/Plugins/Experimental/MeshModelingToolset/MeshModelingToolset.uplugin" 300
"../../../Engine/Plugins/Experimental/MotionTrailEditorMode/MotionTrailEditorMode.uplugin" 301
"../../../Engine/Plugins/Experimental/MotoSynth/MotoSynth.uplugin" 302
"../../../Engine/Plugins/Experimental/PlatformCrypto/PlatformCrypto.uplugin" 303
"../../../Engine/Plugins/Experimental/PlanarCutPlugin/PlanarCut.uplugin" 304
"../../../Engine/Plugins/Experimental/PanoramicCapture/PanoramicCapture.uplugin" 305
"../../../Engine/Plugins/Experimental/RawInput/RawInput.uplugin" 306
"../../../Engine/Plugins/Experimental/PythonScriptPlugin/PythonScriptPlugin.uplugin" 307
"../../../Engine/Plugins/VirtualProduction/RemoteControlProtocolMIDI/RemoteControlProtocolMIDI.uplugin" 308
"../../../Engine/Plugins/Experimental/SampleToolsEditorMode/SampleToolsEditorMode.uplugin" 309
"../../../Engine/Plugins/Experimental/ShallowWater/ShallowWater.uplugin" 310
"../../../Engine/Plugins/Experimental/RemoteSession/RemoteSession.uplugin" 311
"../../../Engine/Plugins/Experimental/Shotgun/Shotgun.uplugin" 312
"../../../Engine/Plugins/Experimental/VirtualHeightfieldMesh/VirtualHeightfieldMesh.uplugin" 313
"../../../Engine/Plugins/Experimental/SkeletalReduction/SkeletalReduction.uplugin" 314
"../../../Engine/Plugins/Experimental/SimpleHMD/SimpleHMD.uplugin" 315
"../../../Engine/Plugins/Experimental/Water/Water.uplugin" 316
"../../../Engine/Plugins/Experimental/VirtualCamera/VirtualCamera.uplugin" 317
"../../../Engine/Plugins/Experimental/VirtualProductionUtilities/VirtualProductionUtilities.uplugin" 318
"../../../Engine/Plugins/Experimental/Volumetrics/Volumetrics.uplugin" 319
"../../../Engine/Plugins/Experimental/WebSocketNetworking/WebSocketNetworking.uplugin" 320
"../../../Engine/Plugins/Experimental/Text3D/Text3D.uplugin" 321
"../../../Engine/Plugins/Developer/CodeLiteSourceCodeAccess/CodeLiteSourceCodeAccess.uplugin" 322
"../../../Engine/Plugins/Experimental/ProxyLODPlugin/ProxyLODPlugin.uplugin" 323
"../../../Engine/Plugins/Developer/BlankPlugin/BlankPlugin.uplugin" 324
"../../../Engine/Plugins/Developer/OneSkyLocalizationService/OneSkyLocalizationService.uplugin" 325
"../../../Engine/Plugins/Developer/NullSourceCodeAccess/NullSourceCodeAccess.uplugin" 326
"../../../Engine/Plugins/Developer/KDevelopSourceCodeAccess/KDevelopSourceCodeAccess.uplugin" 327
"../../../Engine/Plugins/Developer/CLionSourceCodeAccess/CLionSourceCodeAccess.uplugin" 328
"../../../Engine/Plugins/Developer/GitSourceControl/GitSourceControl.uplugin" 329
"../../../Engine/Plugins/Developer/PerforceSourceControl/PerforceSourceControl.uplugin" 330
"../../../Engine/Plugins/Developer/RenderDocPlugin/RenderDocPlugin.uplugin" 331
"../../../Engine/Plugins/Developer/PixWinPlugin/PixWinPlugin.uplugin" 332
"../../../Engine/Plugins/Developer/RiderSourceCodeAccess/RiderSourceCodeAccess.uplugin" 333
"../../../Engine/Plugins/Developer/PropertyAccessNode/PropertyAccessNode.uplugin" 334
"../../../Engine/Plugins/Developer/PlasticSourceControl/PlasticSourceControl.uplugin" 335
"../../../Engine/Plugins/Developer/SubversionSourceControl/SubversionSourceControl.uplugin" 336
"../../../Engine/Plugins/Developer/PluginUtils/PluginUtils.uplugin" 337
"../../../Engine/Plugins/Developer/TextureFormatOodle/TextureFormatOodle.uplugin" 338
"../../../Engine/Plugins/Developer/TraceSourceFiltering/TraceSourceFilters.uplugin" 339
"../../../Engine/Plugins/Developer/TraceDataFiltering/TraceDataFilters.uplugin" 340
"../../../Engine/Plugins/Developer/UObjectPlugin/UObjectPlugin.uplugin" 341
"../../../Engine/Plugins/Animation/LiveLink/LiveLink.uplugin" 342
"../../../Engine/Plugins/Animation/RigLogic/RigLogic.uplugin" 343
"../../../Engine/Plugins/Animation/LiveLinkCurveDebugUI/LiveLinkCurveDebugUI.uplugin" 344
"../../../Engine/Plugins/Editor/ContentBrowser/ContentBrowserAssetDataSource/ContentBrowserAssetDataSource.uplugin" 345
"../../../Engine/Plugins/Editor/ContentBrowser/ContentBrowserClassDataSource/ContentBrowserClassDataSource.uplugin" 346
"../../../Engine/Plugins/Editor/ContentBrowser/ContentBrowserFileDataSource/ContentBrowserFileDataSource.uplugin" 347
"../../../Engine/Plugins/Developer/XCodeSourceCodeAccess/XCodeSourceCodeAccess.uplugin" 348
"../../../Engine/Plugins/Developer/VisualStudioCodeSourceCodeAccess/VisualStudioCodeSourceCodeAccess.uplugin" 349
"../../../Engine/Plugins/Animation/GameplayInsights/GameplayInsights.uplugin" 350
"../../../Engine/Plugins/Online/Android/OnlineSubsystemGooglePlay/OnlineSubsystemGooglePlay.uplugin" 351
"../../../Engine/Plugins/Online/Android/OnlineSubsystemGameCircle/OnlineSubsystemGameCircle.uplugin" 352
"../../../Engine/Plugins/Online/IOS/OnlineSubsystemIOS/OnlineSubsystemIOS.uplugin" 353
"../../../Engine/Plugins/Developer/VisualStudioSourceCodeAccess/VisualStudioSourceCodeAccess.uplugin" 354
"../../../Engine/Plugins/Online/VoiceChat/VivoxVoiceChat/VivoxVoiceChat.uplugin" 355
"../../../Engine/Plugins/Online/VoiceChat/EOSVoiceChat/EOSVoiceChat.uplugin" 356
"../../../Engine/Plugins/VirtualProduction/RemoteControlProtocolDMX/RemoteControlProtocolDMX.uplugin" 357
"../../../Engine/Plugins/Online/VoiceChat/VoiceChat/VoiceChat.uplugin" 358
"../../../Engine/Plugins/Runtime/Analytics/Adjust/Adjust.uplugin" 359
"../../../Engine/Plugins/Runtime/Analytics/AnalyticsMulticast/AnalyticsMulticast.uplugin" 360
"../../../Engine/Plugins/Runtime/Advertising/IOSTapJoy/IOSTapJoy.uplugin" 361
"../../../Engine/Plugins/Runtime/Analytics/Flurry/Flurry.uplugin" 362
"../../../Engine/Plugins/Runtime/AR/AzureSpatialAnchors/AzureSpatialAnchors.uplugin" 363
"../../../Engine/Plugins/Runtime/AR/ARUtilities/ARUtilities.uplugin" 364
"../../../Engine/Plugins/Runtime/AR/AzureSpatialAnchorsForARKit/AzureSpatialAnchorsForARKit.uplugin" 365
"../../../Engine/Plugins/Runtime/Analytics/AnalyticsBlueprintLibrary/AnalyticsBlueprintLibrary.uplugin" 366
"../../../Engine/Plugins/Runtime/AR/AzureSpatialAnchorsForARCore/AzureSpatialAnchorsForARCore.uplugin" 367
"../../../Engine/Plugins/Runtime/Database/SQLiteCore/SQLiteCore.uplugin" 368
"../../../Engine/Plugins/Runtime/AR/AzureSpatialAnchorsForWMR/AzureSpatialAnchorsForWMR.uplugin" 369
"../../../Engine/Plugins/Runtime/Database/DatabaseSupport/DatabaseSupport.uplugin" 370
"../../../Engine/Plugins/Runtime/Database/SQLiteSupport/SQLiteSupport.uplugin" 371
"../../../Engine/Plugins/Runtime/Analytics/FileLogging/FileLogging.uplugin" 372
"../../../Engine/Plugins/Runtime/GoogleVR/GoogleVRController/GoogleVRController.uplugin" 373
"../../../Engine/Plugins/Runtime/Database/RemoteDatabaseSupport/RemoteDatabaseSupport.uplugin" 374
"../../../Engine/Plugins/Runtime/Database/ADOSupport/ADOSupport.uplugin" 375
"../../../Engine/Plugins/Runtime/GoogleVR/GoogleVRHMD/GoogleVRHMD.uplugin" 376
"../../../Engine/Plugins/Runtime/MeshReconstruction/DummyMeshReconstructor/DummyMeshReconstructor.uplugin" 377
"../../../Engine/Plugins/Runtime/Nvidia/Ansel/Ansel.uplugin" 378
"../../../Engine/Plugins/Runtime/Oculus/OculusAudio/OculusAudio.uplugin" 379
"../../../Engine/Plugins/Runtime/Oculus/OculusOpenXR/OculusOpenXR.uplugin" 380
"../../../Engine/Plugins/Runtime/PacketHandlers/DTLSHandlerComponent/DTLSHandlerComponent.uplugin" 381
"../../../Engine/Plugins/Runtime/Nvidia/Reflex/Reflex.uplugin" 382
"../../../Engine/Plugins/Runtime/Oculus/OculusVR/OculusVR.uplugin" 383
"../../../Engine/Plugins/Runtime/Steam/SteamVR/SteamVR.uplugin" 384
"../../../Engine/Plugins/Runtime/PacketHandlers/AESHandlerComponent/AESHandlerComponent.uplugin" 385
"../../../Engine/Plugins/Runtime/PacketHandlers/AESGCMHandlerComponent/AESGCMHandlerComponent.uplugin" 386
"../../../Engine/Plugins/Runtime/Steam/SteamAudio/SteamAudio.uplugin" 387
"../../../Engine/Plugins/Runtime/Steam/SteamSockets/SteamSockets.uplugin" 388
"../../../Engine/Plugins/Runtime/Steam/SteamShared/SteamShared.uplugin" 389
"../../../Engine/Plugins/Runtime/Steam/SteamController/SteamController.uplugin" 390
"../../../Engine/Plugins/Runtime/XR/XRVisualization/XRVisualization.uplugin" 391
"../../../Engine/Plugins/VirtualProduction/DMX/DMXDisplayCluster/DMXDisplayCluster.uplugin" 392
"../../../Engine/Plugins/Runtime/Windows/WinDualShock/WinDualShock.uplugin" 393
"../../../Engine/Plugins/VirtualProduction/DMX/DMXEngine/DMXEngine.uplugin" 394
"../../../Engine/Plugins/VirtualProduction/DMX/DMXPixelMapping/DMXPixelMapping.uplugin" 395
"../../../Engine/Plugins/VirtualProduction/DMX/DMXProtocol/DMXProtocol.uplugin" 396
"../../../Engine/Plugins/Experimental/AR/PointCloud/PointCloud.uplugin" 397
"../../../Engine/Plugins/Experimental/Enterprise/DatasmithRuntime/DatasmithRuntime.uplugin" 398
"../../../Engine/Plugins/Experimental/VirtualProduction/LedWallCalibration/LedWallCalibration.uplugin" 399
"../../../Engine/Plugins/Developer/Concert/ConcertMain/ConcertMain.uplugin" 400
"../../../Engine/Plugins/Developer/Concert/MultiUserClient/MultiUserClient.uplugin" 401
"../../../Engine/Plugins/Developer/Concert/DisasterRecoveryClient/DisasterRecoveryClient.uplugin" 402
"../../../Engine/Plugins/Runtime/AR/AppleAR/AppleARKit/AppleARKit.uplugin" 403
"../../../Engine/Plugins/Runtime/AR/AppleAR/AppleARKitFaceSupport/AppleARKitFaceSupport.uplugin" 404
"../../../Engine/Plugins/Runtime/AR/Google/GoogleARCoreServices/GoogleARCoreServices.uplugin" 405
"../../../Engine/Plugins/Experimental/Enterprise/DataprepGeometryOperations/DataprepGeometryOperations.uplugin" 406
"../../../Engine/Plugins/Developer/Concert/ConcertSync/ConcertSyncCore/ConcertSyncCore.uplugin" 407
"../../../Engine/Plugins/Runtime/AR/Google/GoogleARCore/GoogleARCore.uplugin" 408
"../../../Engine/Plugins/Developer/Concert/ConcertSync/ConcertSyncTest/ConcertSyncTest.uplugin" 409
"../../../Engine/Plugins/Runtime/GoogleVR/GoogleVRTransition2D/GoogleVRTransition2D.uplugin" 410
"../../../Engine/Plugins/Runtime/AR/Microsoft/HoloLensAR/HoloLensAR.uplugin" 411
"../../../Engine/Plugins/Developer/Concert/ConcertSync/ConcertSyncClient/ConcertSyncClient.uplugin" 412
"../../../Engine/Plugins/Developer/Concert/ConcertSync/ConcertSyncServer/ConcertSyncServer.uplugin" 413
"../../../Engine/Plugins/VirtualProduction/DMX/DMXFixtures/DMXFixtures.uplugin" 414
"X:/Unreal Projects/Momentum/Momentum/Plugins/RailGrindSystem/RailGrindSystem/RailGrindSystem.uplugin" 415
"../../../Engine/Content/Internationalization/icudt64l/cnvalias.icu" 416
"../../../Engine/Content/Internationalization/icudt64l/res_index.res" 417
"../../../Engine/Content/Internationalization/icudt64l/plurals.res" 418
"../../../Engine/Content/Internationalization/icudt64l/lang/en.res" 419
"../../../Engine/Content/Internationalization/icudt64l/lang/pool.res" 420
"../../../Engine/Content/Internationalization/icudt64l/lang/root.res" 421
"../../../Engine/Content/Internationalization/icudt64l/region/en.res" 422
"../../../Engine/Content/Internationalization/icudt64l/region/pool.res" 423
"../../../Engine/Content/Internationalization/icudt64l/region/root.res" 424
"../../../Engine/Content/Internationalization/icudt64l/windowsZones.res" 425
"../../../Engine/Content/Internationalization/icudt64l/zoneinfo64.res" 426
"../../../Engine/Content/Internationalization/icudt64l/keyTypeData.res" 427
"../../../Engine/Content/Internationalization/icudt64l/timezoneTypes.res" 428
"../../../Engine/Content/Internationalization/icudt64l/likelySubtags.res" 429
"../../../Engine/Content/Internationalization/icudt64l/en_US.res" 430
"../../../Engine/Content/Internationalization/icudt64l/pool.res" 431
"../../../Engine/Content/Internationalization/icudt64l/en.res" 432
"../../../Engine/Content/Internationalization/icudt64l/root.res" 433
"../../../Engine/Content/Internationalization/icudt64l/supplementalData.res" 434
"C:/Users/dws24/AppData/Local/UnrealEngine/4.27/Saved/Config/Windows/Manifest.ini" 435
"../../../Engine/Config/Windows/BaseWindowsEngine.ini" 436
"../../../Engine/Config/Windows/WindowsEngine.ini" 437
"X:/Unreal Projects/Momentum/Momentum/Saved/Config/Windows/Engine.ini" 438
"../../../Engine/Config/BaseGame.ini" 439
"X:/Unreal Projects/Momentum/Momentum/Config/DefaultGame.ini" 440
"../../../Engine/Config/Windows/WindowsGame.ini" 441
"X:/Unreal Projects/Momentum/Momentum/Saved/Config/Windows/Game.ini" 442
"../../../Engine/Config/BaseInput.ini" 443
"X:/Unreal Projects/Momentum/Momentum/Config/DefaultInput.ini" 444
"X:/Unreal Projects/Momentum/Momentum/Saved/Config/Windows/Input.ini" 445
"../../../Engine/Config/BaseEditor.ini" 446
"X:/Unreal Projects/Momentum/Momentum/Config/DefaultEditor.ini" 447
"X:/Unreal Projects/Momentum/Momentum/Saved/Config/Windows/Editor.ini" 448
"../../../Engine/Config/BaseEditorPerProjectUserSettings.ini" 449
"X:/Unreal Projects/Momentum/Momentum/Config/DefaultEditorPerProjectUserSettings.ini" 450
"X:/Unreal Projects/Momentum/Momentum/Saved/Config/Windows/EditorPerProjectUserSettings.ini" 451
"../../../Engine/Config/BaseEditorSettings.ini" 452
"C:/Users/dws24/AppData/Local/UnrealEngine/4.27/Saved/Config/Windows/EditorSettings.ini" 453
"../../../Engine/Config/BaseEditorKeyBindings.ini" 454
"C:/Users/dws24/AppData/Local/UnrealEngine/4.27/Saved/Config/Windows/EditorKeyBindings.ini" 455
"C:/Users/dws24/AppData/Local/UnrealEngine/4.27/Saved/Config/Windows/EditorLayout.ini" 456
"../../../Engine/Config/BaseCompat.ini" 457
"X:/Unreal Projects/Momentum/Momentum/Saved/Config/Windows/Compat.ini" 458
"../../../Engine/Config/BaseLightmass.ini" 459
"X:/Unreal Projects/Momentum/Momentum/Saved/Config/Windows/Lightmass.ini" 460
"../../../Engine/Config/BaseScalability.ini" 461
"X:/Unreal Projects/Momentum/Momentum/Saved/Config/Windows/Scalability.ini" 462
"../../../Engine/Config/BaseHardware.ini" 463
"X:/Unreal Projects/Momentum/Momentum/Saved/Config/Windows/Hardware.ini" 464
"../../../Engine/Config/BaseRuntimeOptions.ini" 465
"X:/Unreal Projects/Momentum/Momentum/Saved/Config/Windows/RuntimeOptions.ini" 466
"../../../Engine/Config/BaseInstallBundle.ini" 467
"../../../Engine/Config/BaseDeviceProfiles.ini" 468
"X:/Unreal Projects/Momentum/Momentum/Saved/Config/Windows/DeviceProfiles.ini" 469
"../../../Engine/Config/BaseGameUserSettings.ini" 470
"X:/Unreal Projects/Momentum/Momentum/Saved/Config/Windows/GameUserSettings.ini" 471
"X:/Unreal Projects/Momentum/Momentum/Binaries/Win64/MomentumPlatformer-Win64-Shipping.target" 472
"X:/Unreal Projects/Momentum/Momentum/Binaries/Win64/MomentumPlatformer.target" 473
"X:/Unreal Projects/Momentum/Momentum/Binaries/Win64/MomentumPlatformerEditor.target" 474
"../../../Engine/Plugins/2D/Paper2D/Config/BasePaper2D.ini" 475
"X:/Unreal Projects/Momentum/Momentum/Saved/Config/Windows/Paper2D.ini" 476
"../../../Engine/Plugins/Enterprise/VariantManagerContent/Config/BaseVariantManagerContent.ini" 477
"X:/Unreal Projects/Momentum/Momentum/Saved/Config/Windows/VariantManagerContent.ini" 478
"../../../Engine/Plugins/FX/Niagara/Config/BaseNiagara.ini" 479
"X:/Unreal Projects/Momentum/Momentum/Saved/Config/Windows/Niagara.ini" 480
"../../../Engine/Plugins/Lumin/MagicLeap/Config/BaseMagicLeap.ini" 481
"X:/Unreal Projects/Momentum/Momentum/Saved/Config/Windows/MagicLeap.ini" 482
"../../../Engine/Plugins/Lumin/MagicLeapLightEstimation/Config/BaseMagicLeapLightEstimation.ini" 483
"X:/Unreal Projects/Momentum/Momentum/Saved/Config/Windows/MagicLeapLightEstimation.ini" 484
"../../../Engine/Plugins/Runtime/PhysXVehicles/Config/BasePhysXVehicles.ini" 485
"X:/Unreal Projects/Momentum/Momentum/Saved/Config/Windows/PhysXVehicles.ini" 486
"../../../Engine/Plugins/Runtime/PostSplashScreen/Config/BasePostSplashScreen.ini" 487
"X:/Unreal Projects/Momentum/Momentum/Saved/Config/Windows/PostSplashScreen.ini" 488
"../../../Engine/Plugins/Runtime/Synthesis/Config/BaseSynthesis.ini" 489
"X:/Unreal Projects/Momentum/Momentum/Saved/Config/Windows/Synthesis.ini" 490
"../../../Engine/Plugins/Experimental/ControlRig/Config/BaseControlRig.ini" 491
"X:/Unreal Projects/Momentum/Momentum/Saved/Config/Windows/ControlRig.ini" 492
"../../../Engine/Plugins/Experimental/MotoSynth/Config/BaseMotoSynth.ini" 493
"X:/Unreal Projects/Momentum/Momentum/Saved/Config/Windows/MotoSynth.ini" 494
"../../../Engine/Plugins/Experimental/ControlRig/Binaries/Win64/UE4Editor.modules" 495
"../../../Engine/Plugins/MovieScene/LevelSequenceEditor/Binaries/Win64/UE4Editor.modules" 496
"../../../Engine/Plugins/Marketplace/NinjaCharacter/Binaries/Win64/UE4Editor.modules" 497
"../../../Engine/Plugins/Developer/RenderDocPlugin/Binaries/Win64/UE4Editor.modules" 498
"../../../Engine/Plugins/MeshPainting/Binaries/Win64/UE4Editor.modules" 499
"../../../Engine/Plugins/Experimental/GeometryProcessing/Binaries/Win64/UE4Editor.modules" 500
"../../../Engine/Plugins/XGEController/Binaries/Win64/UE4Editor.modules" 501
"../../../Engine/Plugins/AI/AISupport/Binaries/Win64/UE4Editor.modules" 502
"../../../Engine/Plugins/2D/Paper2D/Binaries/Win64/UE4Editor.modules" 503
"../../../Engine/Plugins/AI/EnvironmentQueryEditor/Binaries/Win64/UE4Editor.modules" 504
"../../../Engine/Plugins/Blendables/LightPropagationVolume/Binaries/Win64/UE4Editor.modules" 505
"../../../Engine/Plugins/Developer/AnimationSharing/Binaries/Win64/UE4Editor.modules" 506
"../../../Engine/Plugins/Runtime/SignificanceManager/Binaries/Win64/UE4Editor.modules" 507
"../../../Engine/Plugins/Cameras/CameraShakePreviewer/Binaries/Win64/UE4Editor.modules" 508
"../../../Engine/Plugins/Cameras/GameplayCameras/Binaries/Win64/UE4Editor.modules" 509
"../../../Engine/Plugins/MovieScene/TemplateSequence/Binaries/Win64/UE4Editor.modules" 510
"../../../Engine/Plugins/Compression/OodleData/Binaries/Win64/UE4Editor.modules" 511
"../../../Engine/Plugins/Compression/OodleNetwork/Binaries/Win64/UE4Editor.modules" 512
"../../../Engine/Plugins/Enterprise/DatasmithContent/Binaries/Win64/UE4Editor.modules" 513
"../../../Engine/Plugins/Enterprise/VariantManagerContent/Binaries/Win64/UE4Editor.modules" 514
"../../../Engine/Plugins/Editor/AssetManagerEditor/Binaries/Win64/UE4Editor.modules" 515
"../../../Engine/Plugins/Editor/CryptoKeys/Binaries/Win64/UE4Editor.modules" 516
"../../../Engine/Plugins/Editor/CurveEditorTools/Binaries/Win64/UE4Editor.modules" 517
"../../../Engine/Plugins/Editor/DataValidation/Binaries/Win64/UE4Editor.modules" 518
"../../../Engine/Plugins/Editor/GameplayTagsEditor/Binaries/Win64/UE4Editor.modules" 519
"../../../Engine/Plugins/Editor/FacialAnimation/Binaries/Win64/UE4Editor.modules" 520
"../../../Engine/Plugins/Editor/GeometryMode/Binaries/Win64/UE4Editor.modules" 521
"../../../Engine/Plugins/Editor/PluginBrowser/Binaries/Win64/UE4Editor.modules" 522
"../../../Engine/Plugins/Developer/PluginUtils/Binaries/Win64/UE4Editor.modules" 523
"../../../Engine/Plugins/Editor/MobileLauncherProfileWizard/Binaries/Win64/UE4Editor.modules" 524
"../../../Engine/Plugins/Editor/SpeedTreeImporter/Binaries/Win64/UE4Editor.modules" 525
"../../../Engine/Plugins/Editor/MaterialAnalyzer/Binaries/Win64/UE4Editor.modules" 526
"../../../Engine/Plugins/Lumin/MLSDK/Binaries/Win64/UE4Editor.modules" 527
"../../../Engine/Plugins/Lumin/MagicLeap/Binaries/Win64/UE4Editor.modules" 528
"../../../Engine/Plugins/Lumin/MagicLeapPassableWorld/Binaries/Win64/UE4Editor.modules" 529
"../../../Engine/Plugins/Lumin/MagicLeapLightEstimation/Binaries/Win64/UE4Editor.modules" 530
"../../../Engine/Plugins/Lumin/MagicLeapMedia/Binaries/Win64/UE4Editor.modules" 531
"../../../Engine/Plugins/Media/AndroidMedia/Binaries/Win64/UE4Editor.modules" 532
"../../../Engine/Plugins/Media/AvfMedia/Binaries/Win64/UE4Editor.modules" 533
"../../../Engine/Plugins/Media/ImgMedia/Binaries/Win64/UE4Editor.modules" 534
"../../../Engine/Plugins/Media/MediaCompositing/Binaries/Win64/UE4Editor.modules" 535
"../../../Engine/Plugins/Media/MediaPlayerEditor/Binaries/Win64/UE4Editor.modules" 536
"../../../Engine/Plugins/Media/WmfMedia/Binaries/Win64/UE4Editor.modules" 537
"../../../Engine/Plugins/Messaging/TcpMessaging/Binaries/Win64/UE4Editor.modules" 538
"../../../Engine/Plugins/Messaging/UdpMessaging/Binaries/Win64/UE4Editor.modules" 539
"../../../Engine/Plugins/MovieScene/MatineeToLevelSequence/Binaries/Win64/UE4Editor.modules" 540
"../../../Engine/Plugins/MovieScene/ActorSequence/Binaries/Win64/UE4Editor.modules" 541
"../../../Engine/Plugins/Online/OnlineSubsystem/Binaries/Win64/UE4Editor.modules" 542
"../../../Engine/Plugins/Online/OnlineSubsystemNull/Binaries/Win64/UE4Editor.modules" 543
"../../../Engine/Plugins/Online/OnlineSubsystemUtils/Binaries/Win64/UE4Editor.modules" 544
"../../../Engine/Plugins/Portal/LauncherChunkInstaller/Binaries/Win64/UE4Editor.modules" 545
"../../../Engine/Plugins/Runtime/ActorLayerUtilities/Binaries/Win64/UE4Editor.modules" 546
"../../../Engine/Plugins/Runtime/AndroidDeviceProfileSelector/Binaries/Win64/UE4Editor.modules" 547
"../../../Engine/Plugins/Runtime/AndroidPermission/Binaries/Win64/UE4Editor.modules" 548
"../../../Engine/Plugins/Runtime/ArchVisCharacter/Binaries/Win64/UE4Editor.modules" 549
"../../../Engine/Plugins/Runtime/AppleImageUtils/Binaries/Win64/UE4Editor.modules" 550
"../../../Engine/Plugins/Runtime/AssetTags/Binaries/Win64/UE4Editor.modules" 551
"../../../Engine/Plugins/Runtime/AudioCapture/Binaries/Win64/UE4Editor.modules" 552
"../../../Engine/Plugins/Runtime/CableComponent/Binaries/Win64/UE4Editor.modules" 553
"../../../Engine/Plugins/Runtime/ChunkDownloader/Binaries/Win64/UE4Editor.modules" 554
"../../../Engine/Plugins/Runtime/CustomMeshComponent/Binaries/Win64/UE4Editor.modules" 555
"../../../Engine/Plugins/Runtime/EditableMesh/Binaries/Win64/UE4Editor.modules" 556
"../../../Engine/Plugins/Runtime/ExampleDeviceProfileSelector/Binaries/Win64/UE4Editor.modules" 557
"../../../Engine/Plugins/Runtime/GooglePAD/Binaries/Win64/UE4Editor.modules" 558
"../../../Engine/Plugins/Runtime/LocationServicesBPLibrary/Binaries/Win64/UE4Editor.modules" 559
"../../../Engine/Plugins/Runtime/MobilePatchingUtils/Binaries/Win64/UE4Editor.modules" 560
"../../../Engine/Plugins/Runtime/PhysXVehicles/Binaries/Win64/UE4Editor.modules" 561
"../../../Engine/Plugins/Runtime/ProceduralMeshComponent/Binaries/Win64/UE4Editor.modules" 562
"../../../Engine/Plugins/Runtime/PropertyAccess/Binaries/Win64/UE4Editor.modules" 563
"../../../Engine/Plugins/Runtime/RuntimePhysXCooking/Binaries/Win64/UE4Editor.modules" 564
"../../../Engine/Plugins/Runtime/SoundFields/Binaries/Win64/UE4Editor.modules" 565
"../../../Engine/Plugins/Runtime/Synthesis/Binaries/Win64/UE4Editor.modules" 566
"../../../Engine/Plugins/Runtime/AudioSynesthesia/Binaries/Win64/UE4Editor.modules" 567
"../../../Engine/Plugins/Runtime/WebMMoviePlayer/Binaries/Win64/UE4Editor.modules" 568
"../../../Engine/Plugins/Media/WebMMedia/Binaries/Win64/UE4Editor.modules" 569
"../../../Engine/Plugins/Runtime/WindowsMoviePlayer/Binaries/Win64/UE4Editor.modules" 570
"../../../Engine/Plugins/Experimental/BackChannel/Binaries/Win64/UE4Editor.modules" 571
"../../../Engine/Plugins/Experimental/AutomationUtils/Binaries/Win64/UE4Editor.modules" 572
"../../../Engine/Plugins/Tests/ScreenshotTools/Binaries/Win64/UE4Editor.modules" 573
"../../../Engine/Plugins/Experimental/AlembicImporter/Binaries/Win64/UE4Editor.modules" 574
"../../../Engine/Plugins/Experimental/GeometryCache/Binaries/Win64/UE4Editor.modules" 575
"../../../Engine/Plugins/Experimental/ChaosCloth/Binaries/Win64/UE4Editor.modules" 576
"../../../Engine/Plugins/Experimental/ChaosNiagara/Binaries/Win64/UE4Editor.modules" 577
"../../../Engine/Plugins/FX/Niagara/Binaries/Win64/UE4Editor.modules" 578
"../../../Engine/Plugins/Experimental/ChaosSolverPlugin/Binaries/Win64/UE4Editor.modules" 579
"../../../Engine/Plugins/Experimental/PythonScriptPlugin/Binaries/Win64/UE4Editor.modules" 580
"../../../Engine/Plugins/Editor/ContentBrowser/ContentBrowserFileDataSource/Binaries/Win64/UE4Editor.modules" 581
"../../../Engine/Plugins/Experimental/ChaosClothEditor/Binaries/Win64/UE4Editor.modules" 582
"../../../Engine/Plugins/Experimental/CharacterAI/Binaries/Win64/UE4Editor.modules" 583
"../../../Engine/Plugins/Experimental/ChaosEditor/Binaries/Win64/UE4Editor.modules" 584
"../../../Engine/Plugins/Experimental/PlanarCutPlugin/Binaries/Win64/UE4Editor.modules" 585
"../../../Engine/Plugins/Experimental/GeometryCollectionPlugin/Binaries/Win64/UE4Editor.modules" 586
"../../../Engine/Plugins/Experimental/OpenImageDenoise/Binaries/Win64/UE4Editor.modules" 587
"../../../Engine/Plugins/Experimental/MotoSynth/Binaries/Win64/UE4Editor.modules" 588
"../../../Engine/Plugins/Experimental/ProxyLODPlugin/Binaries/Win64/UE4Editor.modules" 589
"../../../Engine/Plugins/Experimental/PlatformCrypto/Binaries/Win64/UE4Editor.modules" 590
"../../../Engine/Plugins/Experimental/SkeletalReduction/Binaries/Win64/UE4Editor.modules" 591
"../../../Engine/Plugins/Developer/CLionSourceCodeAccess/Binaries/Win64/UE4Editor.modules" 592
"../../../Engine/Plugins/Developer/GitSourceControl/Binaries/Win64/UE4Editor.modules" 593
"../../../Engine/Plugins/Developer/PerforceSourceControl/Binaries/Win64/UE4Editor.modules" 594
"../../../Engine/Plugins/Developer/PixWinPlugin/Binaries/Win64/UE4Editor.modules" 595
"../../../Engine/Plugins/Developer/PropertyAccessNode/Binaries/Win64/UE4Editor.modules" 596
"../../../Engine/Plugins/Developer/RiderSourceCodeAccess/Binaries/Win64/UE4Editor.modules" 597
"../../../Engine/Plugins/Developer/PlasticSourceControl/Binaries/Win64/UE4Editor.modules" 598
"../../../Engine/Plugins/Developer/SubversionSourceControl/Binaries/Win64/UE4Editor.modules" 599
"../../../Engine/Plugins/Developer/TextureFormatOodle/Binaries/Win64/UE4Editor.modules" 600
"../../../Engine/Plugins/Developer/UObjectPlugin/Binaries/Win64/UE4Editor.modules" 601
"../../../Engine/Plugins/Developer/VisualStudioCodeSourceCodeAccess/Binaries/Win64/UE4Editor.modules" 602
"../../../Engine/Plugins/Developer/VisualStudioSourceCodeAccess/Binaries/Win64/UE4Editor.modules" 603
"../../../Engine/Plugins/Editor/ContentBrowser/ContentBrowserAssetDataSource/Binaries/Win64/UE4Editor.modules" 604
"../../../Engine/Plugins/Editor/ContentBrowser/ContentBrowserClassDataSource/Binaries/Win64/UE4Editor.modules" 605
"../../../Engine/Content/Certificates/ThirdParty/cacert.pem" 606
"../../../Engine/Config/ConsoleVariables.ini" 607
"../../../Engine/Binaries/Win64/Android/UE4Editor.modules" 608
"../../../Engine/Binaries/Win64/IOS/UE4Editor.modules" 609
"../../../Engine/Binaries/Win64/Linux/UE4Editor.modules" 610
"../../../Engine/Binaries/Win64/Lumin/UE4Editor.modules" 611
"../../../Engine/Config/Android/BaseAndroidEngine.ini" 612
"../../../Engine/Config/Android/AndroidEngine.ini" 613
"../../../Engine/Config/Unix/UnixEngine.ini" 614
"../../../Engine/Config/Linux/LinuxEngine.ini" 615
"../../../Engine/Config/LinuxAArch64/LinuxAArch64Engine.ini" 616
"../../../Engine/Config/Lumin/LuminEngine.ini" 617
"../../../Engine/Config/Mac/BaseMacEngine.ini" 618
"../../../Engine/Config/Mac/MacEngine.ini" 619
"../../../Engine/Content/Localization/Editor/en/Editor.locres" 620
"../../../Engine/Content/Localization/EditorTutorials/en/EditorTutorials.locres" 621
"../../../Engine/Content/Localization/Keywords/en/Keywords.locres" 622
"../../../Engine/Content/Localization/Category/en/Category.locres" 623
"../../../Engine/Content/Localization/ToolTips/en/ToolTips.locres" 624
"../../../Engine/Content/Localization/PropertyNames/en/PropertyNames.locres" 625
"../../../Engine/Content/Localization/Engine/en/Engine.locres" 626
"../../../Engine/Plugins/Online/OnlineSubsystem/Content/Localization/OnlineSubsystem/en/OnlineSubsystem.locres" 627
"../../../Engine/Plugins/Online/OnlineSubsystemUtils/Content/Localization/OnlineSubsystemUtils/en/OnlineSubsystemUtils.locres" 628
"../../../Engine/Plugins/Online/Android/OnlineSubsystemGooglePlay/Content/Localization/OnlineSubsystemGooglePlay/en/OnlineSubsystemGooglePlay.locres" 629
"../../../Engine/Plugins/Online/IOS/OnlineSubsystemIOS/Content/Localization/OnlineSubsystemIOS/en/OnlineSubsystemIOS.locres" 630
"../../../Engine/Content/Internationalization/icudt64l/numberingSystems.res" 631
"../../../Engine/Content/Internationalization/icudt64l/curr/supplementalData.res" 632
"../../../Engine/Content/Internationalization/icudt64l/curr/en.res" 633
"../../../Engine/Content/Internationalization/icudt64l/curr/pool.res" 634
"../../../Engine/Content/Internationalization/icudt64l/curr/root.res" 635
"../../../Engine/Content/Internationalization/icudt64l/lang/af.res" 636
"../../../Engine/Content/Internationalization/icudt64l/region/af.res" 637
"../../../Engine/Content/Internationalization/icudt64l/lang/agq.res" 638
"../../../Engine/Content/Internationalization/icudt64l/region/agq.res" 639
"../../../Engine/Content/Internationalization/icudt64l/lang/ak.res" 640
"../../../Engine/Content/Internationalization/icudt64l/region/ak.res" 641
"../../../Engine/Content/Internationalization/icudt64l/lang/am.res" 642
"../../../Engine/Content/Internationalization/icudt64l/region/am.res" 643
"../../../Engine/Content/Internationalization/icudt64l/lang/ar.res" 644
"../../../Engine/Content/Internationalization/icudt64l/region/ar.res" 645
"../../../Engine/Content/Internationalization/icudt64l/region/ar_AE.res" 646
"../../../Engine/Content/Internationalization/icudt64l/lang/ar_EG.res" 647
"../../../Engine/Content/Internationalization/icudt64l/lang/ar_LY.res" 648
"../../../Engine/Content/Internationalization/icudt64l/region/ar_LY.res" 649
"../../../Engine/Content/Internationalization/icudt64l/lang/ar_SA.res" 650
"../../../Engine/Content/Internationalization/icudt64l/region/ar_SA.res" 651
"../../../Engine/Content/Internationalization/icudt64l/lang/as.res" 652
"../../../Engine/Content/Internationalization/icudt64l/region/as.res" 653
"../../../Engine/Content/Internationalization/icudt64l/lang/asa.res" 654
"../../../Engine/Content/Internationalization/icudt64l/region/asa.res" 655
"../../../Engine/Content/Internationalization/icudt64l/lang/ast.res" 656
"../../../Engine/Content/Internationalization/icudt64l/region/ast.res" 657
"../../../Engine/Content/Internationalization/icudt64l/lang/az.res" 658
"../../../Engine/Content/Internationalization/icudt64l/lang/az_Cyrl.res" 659
"../../../Engine/Content/Internationalization/icudt64l/lang/az_AZ.res" 660
"../../../Engine/Content/Internationalization/icudt64l/lang/az_Latn_AZ.res" 661
"../../../Engine/Content/Internationalization/icudt64l/lang/az_Latn.res" 662
"../../../Engine/Content/Internationalization/icudt64l/region/az_AZ.res" 663
"../../../Engine/Content/Internationalization/icudt64l/region/az_Latn_AZ.res" 664
"../../../Engine/Content/Internationalization/icudt64l/region/az_Latn.res" 665
"../../../Engine/Content/Internationalization/icudt64l/region/az.res" 666
"../../../Engine/Content/Internationalization/icudt64l/region/az_Cyrl.res" 667
"../../../Engine/Content/Internationalization/icudt64l/lang/bas.res" 668
"../../../Engine/Content/Internationalization/icudt64l/region/bas.res" 669
"../../../Engine/Content/Internationalization/icudt64l/lang/be.res" 670
"../../../Engine/Content/Internationalization/icudt64l/region/be.res" 671
"../../../Engine/Content/Internationalization/icudt64l/lang/bem.res" 672
"../../../Engine/Content/Internationalization/icudt64l/region/bem.res" 673
"../../../Engine/Content/Internationalization/icudt64l/lang/bez.res" 674
"../../../Engine/Content/Internationalization/icudt64l/region/bez.res" 675
"../../../Engine/Content/Internationalization/icudt64l/lang/bg.res" 676
"../../../Engine/Content/Internationalization/icudt64l/region/bg.res" 677
"../../../Engine/Content/Internationalization/icudt64l/lang/bm.res" 678
"../../../Engine/Content/Internationalization/icudt64l/region/bm.res" 679
"../../../Engine/Content/Internationalization/icudt64l/lang/bn.res" 680
"../../../Engine/Content/Internationalization/icudt64l/region/bn.res" 681
"../../../Engine/Content/Internationalization/icudt64l/lang/bn_IN.res" 682
"../../../Engine/Content/Internationalization/icudt64l/region/bn_IN.res" 683
"../../../Engine/Content/Internationalization/icudt64l/lang/bo.res" 684
"../../../Engine/Content/Internationalization/icudt64l/region/bo.res" 685
"../../../Engine/Content/Internationalization/icudt64l/region/bo_IN.res" 686
"../../../Engine/Content/Internationalization/icudt64l/lang/br.res" 687
"../../../Engine/Content/Internationalization/icudt64l/region/br.res" 688
"../../../Engine/Content/Internationalization/icudt64l/lang/brx.res" 689
"../../../Engine/Content/Internationalization/icudt64l/region/brx.res" 690
"../../../Engine/Content/Internationalization/icudt64l/lang/bs.res" 691
"../../../Engine/Content/Internationalization/icudt64l/lang/bs_Cyrl.res" 692
"../../../Engine/Content/Internationalization/icudt64l/lang/bs_BA.res" 693
"../../../Engine/Content/Internationalization/icudt64l/lang/bs_Latn_BA.res" 694
"../../../Engine/Content/Internationalization/icudt64l/lang/bs_Latn.res" 695
"../../../Engine/Content/Internationalization/icudt64l/region/bs_BA.res" 696
"../../../Engine/Content/Internationalization/icudt64l/region/bs_Latn_BA.res" 697
"../../../Engine/Content/Internationalization/icudt64l/region/bs_Latn.res" 698
"../../../Engine/Content/Internationalization/icudt64l/region/bs.res" 699
"../../../Engine/Content/Internationalization/icudt64l/region/bs_Cyrl.res" 700
"../../../Engine/Content/Internationalization/icudt64l/lang/ca.res" 701
"../../../Engine/Content/Internationalization/icudt64l/region/ca.res" 702
"../../../Engine/Content/Internationalization/icudt64l/lang/ccp.res" 703
"../../../Engine/Content/Internationalization/icudt64l/region/ccp.res" 704
"../../../Engine/Content/Internationalization/icudt64l/lang/ce.res" 705
"../../../Engine/Content/Internationalization/icudt64l/region/ce.res" 706
"../../../Engine/Content/Internationalization/icudt64l/lang/ceb.res" 707
"../../../Engine/Content/Internationalization/icudt64l/region/ceb.res" 708
"../../../Engine/Content/Internationalization/icudt64l/lang/cgg.res" 709
"../../../Engine/Content/Internationalization/icudt64l/region/cgg.res" 710
"../../../Engine/Content/Internationalization/icudt64l/lang/chr.res" 711
"../../../Engine/Content/Internationalization/icudt64l/region/chr.res" 712
"../../../Engine/Content/Internationalization/icudt64l/lang/ckb.res" 713
"../../../Engine/Content/Internationalization/icudt64l/region/ckb.res" 714
"../../../Engine/Content/Internationalization/icudt64l/lang/cs.res" 715
"../../../Engine/Content/Internationalization/icudt64l/region/cs.res" 716
"../../../Engine/Content/Internationalization/icudt64l/lang/cy.res" 717
"../../../Engine/Content/Internationalization/icudt64l/region/cy.res" 718
"../../../Engine/Content/Internationalization/icudt64l/lang/da.res" 719
"../../../Engine/Content/Internationalization/icudt64l/region/da.res" 720
"../../../Engine/Content/Internationalization/icudt64l/lang/dav.res" 721
"../../../Engine/Content/Internationalization/icudt64l/region/dav.res" 722
"../../../Engine/Content/Internationalization/icudt64l/lang/de.res" 723
"../../../Engine/Content/Internationalization/icudt64l/lang/de_AT.res" 724
"../../../Engine/Content/Internationalization/icudt64l/region/de_AT.res" 725
"../../../Engine/Content/Internationalization/icudt64l/region/de.res" 726
"../../../Engine/Content/Internationalization/icudt64l/lang/de_CH.res" 727
"../../../Engine/Content/Internationalization/icudt64l/region/de_CH.res" 728
"../../../Engine/Content/Internationalization/icudt64l/lang/de_LU.res" 729
"../../../Engine/Content/Internationalization/icudt64l/lang/dje.res" 730
"../../../Engine/Content/Internationalization/icudt64l/region/dje.res" 731
"../../../Engine/Content/Internationalization/icudt64l/lang/dsb.res" 732
"../../../Engine/Content/Internationalization/icudt64l/region/dsb.res" 733
"../../../Engine/Content/Internationalization/icudt64l/lang/dua.res" 734
"../../../Engine/Content/Internationalization/icudt64l/region/dua.res" 735
"../../../Engine/Content/Internationalization/icudt64l/lang/dyo.res" 736
"../../../Engine/Content/Internationalization/icudt64l/region/dyo.res" 737
"../../../Engine/Content/Internationalization/icudt64l/lang/dz.res" 738
"../../../Engine/Content/Internationalization/icudt64l/region/dz.res" 739
"../../../Engine/Content/Internationalization/icudt64l/lang/ebu.res" 740
"../../../Engine/Content/Internationalization/icudt64l/region/ebu.res" 741
"../../../Engine/Content/Internationalization/icudt64l/lang/ee.res" 742
"../../../Engine/Content/Internationalization/icudt64l/region/ee.res" 743
"../../../Engine/Content/Internationalization/icudt64l/lang/el.res" 744
"../../../Engine/Content/Internationalization/icudt64l/region/el.res" 745
"../../../Engine/Content/Internationalization/icudt64l/lang/en_001.res" 746
"../../../Engine/Content/Internationalization/icudt64l/lang/en_150.res" 747
"../../../Engine/Content/Internationalization/icudt64l/region/en_150.res" 748
"../../../Engine/Content/Internationalization/icudt64l/lang/en_AG.res" 749
"../../../Engine/Content/Internationalization/icudt64l/region/en_AG.res" 750
"../../../Engine/Content/Internationalization/icudt64l/lang/en_AI.res" 751
"../../../Engine/Content/Internationalization/icudt64l/region/en_AI.res" 752
"../../../Engine/Content/Internationalization/icudt64l/lang/en_AT.res" 753
"../../../Engine/Content/Internationalization/icudt64l/region/en_AT.res" 754
"../../../Engine/Content/Internationalization/icudt64l/lang/en_AU.res" 755
"../../../Engine/Content/Internationalization/icudt64l/region/en_AU.res" 756
"../../../Engine/Content/Internationalization/icudt64l/lang/en_BB.res" 757
"../../../Engine/Content/Internationalization/icudt64l/region/en_BB.res" 758
"../../../Engine/Content/Internationalization/icudt64l/lang/en_BE.res" 759
"../../../Engine/Content/Internationalization/icudt64l/region/en_BE.res" 760
"../../../Engine/Content/Internationalization/icudt64l/lang/en_BM.res" 761
"../../../Engine/Content/Internationalization/icudt64l/region/en_BM.res" 762
"../../../Engine/Content/Internationalization/icudt64l/lang/en_BS.res" 763
"../../../Engine/Content/Internationalization/icudt64l/region/en_BS.res" 764
"../../../Engine/Content/Internationalization/icudt64l/lang/en_BW.res" 765
"../../../Engine/Content/Internationalization/icudt64l/region/en_BW.res" 766
"../../../Engine/Content/Internationalization/icudt64l/lang/en_BZ.res" 767
"../../../Engine/Content/Internationalization/icudt64l/region/en_BZ.res" 768
"../../../Engine/Content/Internationalization/icudt64l/lang/en_CA.res" 769
"../../../Engine/Content/Internationalization/icudt64l/region/en_CA.res" 770
"../../../Engine/Content/Internationalization/icudt64l/lang/en_CC.res" 771
"../../../Engine/Content/Internationalization/icudt64l/region/en_CC.res" 772
"../../../Engine/Content/Internationalization/icudt64l/lang/en_CH.res" 773
"../../../Engine/Content/Internationalization/icudt64l/region/en_CH.res" 774
"../../../Engine/Content/Internationalization/icudt64l/lang/en_CK.res" 775
"../../../Engine/Content/Internationalization/icudt64l/region/en_CK.res" 776
"../../../Engine/Content/Internationalization/icudt64l/lang/en_CM.res" 777
"../../../Engine/Content/Internationalization/icudt64l/region/en_CM.res" 778
"../../../Engine/Content/Internationalization/icudt64l/lang/en_CX.res" 779
"../../../Engine/Content/Internationalization/icudt64l/region/en_CX.res" 780
"../../../Engine/Content/Internationalization/icudt64l/lang/en_CY.res" 781
"../../../Engine/Content/Internationalization/icudt64l/region/en_CY.res" 782
"../../../Engine/Content/Internationalization/icudt64l/lang/en_DE.res" 783
"../../../Engine/Content/Internationalization/icudt64l/region/en_DE.res" 784
"../../../Engine/Content/Internationalization/icudt64l/lang/en_DG.res" 785
"../../../Engine/Content/Internationalization/icudt64l/region/en_DG.res" 786
"../../../Engine/Content/Internationalization/icudt64l/lang/en_DK.res" 787
"../../../Engine/Content/Internationalization/icudt64l/region/en_DK.res" 788
"../../../Engine/Content/Internationalization/icudt64l/lang/en_DM.res" 789
"../../../Engine/Content/Internationalization/icudt64l/region/en_DM.res" 790
"../../../Engine/Content/Internationalization/icudt64l/lang/en_ER.res" 791
"../../../Engine/Content/Internationalization/icudt64l/region/en_ER.res" 792
"../../../Engine/Content/Internationalization/icudt64l/lang/en_FI.res" 793
"../../../Engine/Content/Internationalization/icudt64l/region/en_FI.res" 794
"../../../Engine/Content/Internationalization/icudt64l/lang/en_FJ.res" 795
"../../../Engine/Content/Internationalization/icudt64l/region/en_FJ.res" 796
"../../../Engine/Content/Internationalization/icudt64l/lang/en_FK.res" 797
"../../../Engine/Content/Internationalization/icudt64l/region/en_FK.res" 798
"../../../Engine/Content/Internationalization/icudt64l/lang/en_FM.res" 799
"../../../Engine/Content/Internationalization/icudt64l/region/en_FM.res" 800
"../../../Engine/Content/Internationalization/icudt64l/lang/en_GB.res" 801
"../../../Engine/Content/Internationalization/icudt64l/region/en_GB.res" 802
"../../../Engine/Content/Internationalization/icudt64l/lang/en_GD.res" 803
"../../../Engine/Content/Internationalization/icudt64l/region/en_GD.res" 804
"../../../Engine/Content/Internationalization/icudt64l/lang/en_GG.res" 805
"../../../Engine/Content/Internationalization/icudt64l/region/en_GG.res" 806
"../../../Engine/Content/Internationalization/icudt64l/lang/en_GH.res" 807
"../../../Engine/Content/Internationalization/icudt64l/region/en_GH.res" 808
"../../../Engine/Content/Internationalization/icudt64l/lang/en_GI.res" 809
"../../../Engine/Content/Internationalization/icudt64l/region/en_GI.res" 810
"../../../Engine/Content/Internationalization/icudt64l/lang/en_GM.res" 811
"../../../Engine/Content/Internationalization/icudt64l/region/en_GM.res" 812
"../../../Engine/Content/Internationalization/icudt64l/lang/en_GY.res" 813
"../../../Engine/Content/Internationalization/icudt64l/region/en_GY.res" 814
"../../../Engine/Content/Internationalization/icudt64l/lang/en_HK.res" 815
"../../../Engine/Content/Internationalization/icudt64l/region/en_HK.res" 816
"../../../Engine/Content/Internationalization/icudt64l/lang/en_IE.res" 817
"../../../Engine/Content/Internationalization/icudt64l/region/en_IE.res" 818
"../../../Engine/Content/Internationalization/icudt64l/lang/en_IL.res" 819
"../../../Engine/Content/Internationalization/icudt64l/region/en_IL.res" 820
"../../../Engine/Content/Internationalization/icudt64l/lang/en_IM.res" 821
"../../../Engine/Content/Internationalization/icudt64l/region/en_IM.res" 822
"../../../Engine/Content/Internationalization/icudt64l/lang/en_IN.res" 823
"../../../Engine/Content/Internationalization/icudt64l/region/en_IN.res" 824
"../../../Engine/Content/Internationalization/icudt64l/lang/en_IO.res" 825
"../../../Engine/Content/Internationalization/icudt64l/region/en_IO.res" 826
"../../../Engine/Content/Internationalization/icudt64l/lang/en_JE.res" 827
"../../../Engine/Content/Internationalization/icudt64l/region/en_JE.res" 828
"../../../Engine/Content/Internationalization/icudt64l/lang/en_JM.res" 829
"../../../Engine/Content/Internationalization/icudt64l/region/en_JM.res" 830
"../../../Engine/Content/Internationalization/icudt64l/lang/en_KE.res" 831
"../../../Engine/Content/Internationalization/icudt64l/region/en_KE.res" 832
"../../../Engine/Content/Internationalization/icudt64l/lang/en_KI.res" 833
"../../../Engine/Content/Internationalization/icudt64l/region/en_KI.res" 834
"../../../Engine/Content/Internationalization/icudt64l/lang/en_KN.res" 835
"../../../Engine/Content/Internationalization/icudt64l/region/en_KN.res" 836
"../../../Engine/Content/Internationalization/icudt64l/lang/en_KY.res" 837
"../../../Engine/Content/Internationalization/icudt64l/region/en_KY.res" 838
"../../../Engine/Content/Internationalization/icudt64l/lang/en_LC.res" 839
"../../../Engine/Content/Internationalization/icudt64l/region/en_LC.res" 840
"../../../Engine/Content/Internationalization/icudt64l/lang/en_LR.res" 841
"../../../Engine/Content/Internationalization/icudt64l/region/en_LR.res" 842
"../../../Engine/Content/Internationalization/icudt64l/lang/en_LS.res" 843
"../../../Engine/Content/Internationalization/icudt64l/region/en_LS.res" 844
"../../../Engine/Content/Internationalization/icudt64l/lang/en_MG.res" 845
"../../../Engine/Content/Internationalization/icudt64l/region/en_MG.res" 846
"../../../Engine/Content/Internationalization/icudt64l/lang/en_MO.res" 847
"../../../Engine/Content/Internationalization/icudt64l/region/en_MO.res" 848
"../../../Engine/Content/Internationalization/icudt64l/lang/en_MS.res" 849
"../../../Engine/Content/Internationalization/icudt64l/region/en_MS.res" 850
"../../../Engine/Content/Internationalization/icudt64l/lang/en_MT.res" 851
"../../../Engine/Content/Internationalization/icudt64l/region/en_MT.res" 852
"../../../Engine/Content/Internationalization/icudt64l/lang/en_MU.res" 853
"../../../Engine/Content/Internationalization/icudt64l/region/en_MU.res" 854
"../../../Engine/Content/Internationalization/icudt64l/lang/en_MW.res" 855
"../../../Engine/Content/Internationalization/icudt64l/region/en_MW.res" 856
"../../../Engine/Content/Internationalization/icudt64l/lang/en_MY.res" 857
"../../../Engine/Content/Internationalization/icudt64l/region/en_MY.res" 858
"../../../Engine/Content/Internationalization/icudt64l/lang/en_NA.res" 859
"../../../Engine/Content/Internationalization/icudt64l/region/en_NA.res" 860
"../../../Engine/Content/Internationalization/icudt64l/lang/en_NF.res" 861
"../../../Engine/Content/Internationalization/icudt64l/region/en_NF.res" 862
"../../../Engine/Content/Internationalization/icudt64l/lang/en_NG.res" 863
"../../../Engine/Content/Internationalization/icudt64l/region/en_NG.res" 864
"../../../Engine/Content/Internationalization/icudt64l/lang/en_NL.res" 865
"../../../Engine/Content/Internationalization/icudt64l/region/en_NL.res" 866
"../../../Engine/Content/Internationalization/icudt64l/lang/en_NR.res" 867
"../../../Engine/Content/Internationalization/icudt64l/region/en_NR.res" 868
"../../../Engine/Content/Internationalization/icudt64l/lang/en_NU.res" 869
"../../../Engine/Content/Internationalization/icudt64l/region/en_NU.res" 870
"../../../Engine/Content/Internationalization/icudt64l/lang/en_NZ.res" 871
"../../../Engine/Content/Internationalization/icudt64l/region/en_NZ.res" 872
"../../../Engine/Content/Internationalization/icudt64l/lang/en_PG.res" 873
"../../../Engine/Content/Internationalization/icudt64l/region/en_PG.res" 874
"../../../Engine/Content/Internationalization/icudt64l/lang/en_PH.res" 875
"../../../Engine/Content/Internationalization/icudt64l/region/en_PH.res" 876
"../../../Engine/Content/Internationalization/icudt64l/lang/en_PK.res" 877
"../../../Engine/Content/Internationalization/icudt64l/region/en_PK.res" 878
"../../../Engine/Content/Internationalization/icudt64l/lang/en_PN.res" 879
"../../../Engine/Content/Internationalization/icudt64l/region/en_PN.res" 880
"../../../Engine/Content/Internationalization/icudt64l/lang/en_PW.res" 881
"../../../Engine/Content/Internationalization/icudt64l/region/en_PW.res" 882
"../../../Engine/Content/Internationalization/icudt64l/lang/en_RW.res" 883
"../../../Engine/Content/Internationalization/icudt64l/region/en_RW.res" 884
"../../../Engine/Content/Internationalization/icudt64l/lang/en_SB.res" 885
"../../../Engine/Content/Internationalization/icudt64l/region/en_SB.res" 886
"../../../Engine/Content/Internationalization/icudt64l/lang/en_SC.res" 887
"../../../Engine/Content/Internationalization/icudt64l/region/en_SC.res" 888
"../../../Engine/Content/Internationalization/icudt64l/lang/en_SD.res" 889
"../../../Engine/Content/Internationalization/icudt64l/region/en_SD.res" 890
"../../../Engine/Content/Internationalization/icudt64l/lang/en_SE.res" 891
"../../../Engine/Content/Internationalization/icudt64l/region/en_SE.res" 892
"../../../Engine/Content/Internationalization/icudt64l/lang/en_SG.res" 893
"../../../Engine/Content/Internationalization/icudt64l/region/en_SG.res" 894
"../../../Engine/Content/Internationalization/icudt64l/lang/en_SH.res" 895
"../../../Engine/Content/Internationalization/icudt64l/region/en_SH.res" 896
"../../../Engine/Content/Internationalization/icudt64l/lang/en_SI.res" 897
"../../../Engine/Content/Internationalization/icudt64l/region/en_SI.res" 898
"../../../Engine/Content/Internationalization/icudt64l/lang/en_SL.res" 899
"../../../Engine/Content/Internationalization/icudt64l/region/en_SL.res" 900
"../../../Engine/Content/Internationalization/icudt64l/lang/en_SS.res" 901
"../../../Engine/Content/Internationalization/icudt64l/region/en_SS.res" 902
"../../../Engine/Content/Internationalization/icudt64l/lang/en_SX.res" 903
"../../../Engine/Content/Internationalization/icudt64l/region/en_SX.res" 904
"../../../Engine/Content/Internationalization/icudt64l/lang/en_SZ.res" 905
"../../../Engine/Content/Internationalization/icudt64l/region/en_SZ.res" 906
"../../../Engine/Content/Internationalization/icudt64l/lang/en_TC.res" 907
"../../../Engine/Content/Internationalization/icudt64l/region/en_TC.res" 908
"../../../Engine/Content/Internationalization/icudt64l/lang/en_TK.res" 909
"../../../Engine/Content/Internationalization/icudt64l/region/en_TK.res" 910
"../../../Engine/Content/Internationalization/icudt64l/lang/en_TO.res" 911
"../../../Engine/Content/Internationalization/icudt64l/region/en_TO.res" 912
"../../../Engine/Content/Internationalization/icudt64l/lang/en_TT.res" 913
"../../../Engine/Content/Internationalization/icudt64l/region/en_TT.res" 914
"../../../Engine/Content/Internationalization/icudt64l/lang/en_TV.res" 915
"../../../Engine/Content/Internationalization/icudt64l/region/en_TV.res" 916
"../../../Engine/Content/Internationalization/icudt64l/lang/en_TZ.res" 917
"../../../Engine/Content/Internationalization/icudt64l/region/en_TZ.res" 918
"../../../Engine/Content/Internationalization/icudt64l/lang/en_UG.res" 919
"../../../Engine/Content/Internationalization/icudt64l/region/en_UG.res" 920
"../../../Engine/Content/Internationalization/icudt64l/lang/en_VC.res" 921
"../../../Engine/Content/Internationalization/icudt64l/region/en_VC.res" 922
"../../../Engine/Content/Internationalization/icudt64l/lang/en_VG.res" 923
"../../../Engine/Content/Internationalization/icudt64l/region/en_VG.res" 924
"../../../Engine/Content/Internationalization/icudt64l/lang/en_VU.res" 925
"../../../Engine/Content/Internationalization/icudt64l/region/en_VU.res" 926
"../../../Engine/Content/Internationalization/icudt64l/lang/en_WS.res" 927
"../../../Engine/Content/Internationalization/icudt64l/region/en_WS.res" 928
"../../../Engine/Content/Internationalization/icudt64l/lang/en_ZA.res" 929
"../../../Engine/Content/Internationalization/icudt64l/region/en_ZA.res" 930
"../../../Engine/Content/Internationalization/icudt64l/lang/en_ZM.res" 931
"../../../Engine/Content/Internationalization/icudt64l/region/en_ZM.res" 932
"../../../Engine/Content/Internationalization/icudt64l/lang/en_ZW.res" 933
"../../../Engine/Content/Internationalization/icudt64l/region/en_ZW.res" 934
"../../../Engine/Content/Internationalization/icudt64l/lang/eo.res" 935
"../../../Engine/Content/Internationalization/icudt64l/region/eo.res" 936
"../../../Engine/Content/Internationalization/icudt64l/lang/es.res" 937
"../../../Engine/Content/Internationalization/icudt64l/lang/es_419.res" 938
"../../../Engine/Content/Internationalization/icudt64l/region/es_419.res" 939
"../../../Engine/Content/Internationalization/icudt64l/region/es.res" 940
"../../../Engine/Content/Internationalization/icudt64l/lang/es_AR.res" 941
"../../../Engine/Content/Internationalization/icudt64l/region/es_AR.res" 942
"../../../Engine/Content/Internationalization/icudt64l/lang/es_BO.res" 943
"../../../Engine/Content/Internationalization/icudt64l/region/es_BO.res" 944
"../../../Engine/Content/Internationalization/icudt64l/lang/es_BR.res" 945
"../../../Engine/Content/Internationalization/icudt64l/region/es_BR.res" 946
"../../../Engine/Content/Internationalization/icudt64l/lang/es_BZ.res" 947
"../../../Engine/Content/Internationalization/icudt64l/region/es_BZ.res" 948
"../../../Engine/Content/Internationalization/icudt64l/lang/es_CL.res" 949
"../../../Engine/Content/Internationalization/icudt64l/region/es_CL.res" 950
"../../../Engine/Content/Internationalization/icudt64l/lang/es_CO.res" 951
"../../../Engine/Content/Internationalization/icudt64l/region/es_CO.res" 952
"../../../Engine/Content/Internationalization/icudt64l/lang/es_CR.res" 953
"../../../Engine/Content/Internationalization/icudt64l/region/es_CR.res" 954
"../../../Engine/Content/Internationalization/icudt64l/lang/es_CU.res" 955
"../../../Engine/Content/Internationalization/icudt64l/region/es_CU.res" 956
"../../../Engine/Content/Internationalization/icudt64l/lang/es_DO.res" 957
"../../../Engine/Content/Internationalization/icudt64l/region/es_DO.res" 958
"../../../Engine/Content/Internationalization/icudt64l/lang/es_EC.res" 959
"../../../Engine/Content/Internationalization/icudt64l/region/es_EC.res" 960
"../../../Engine/Content/Internationalization/icudt64l/lang/es_GT.res" 961
"../../../Engine/Content/Internationalization/icudt64l/region/es_GT.res" 962
"../../../Engine/Content/Internationalization/icudt64l/lang/es_HN.res" 963
"../../../Engine/Content/Internationalization/icudt64l/region/es_HN.res" 964
"../../../Engine/Content/Internationalization/icudt64l/lang/es_MX.res" 965
"../../../Engine/Content/Internationalization/icudt64l/region/es_MX.res" 966
"../../../Engine/Content/Internationalization/icudt64l/lang/es_NI.res" 967
"../../../Engine/Content/Internationalization/icudt64l/region/es_NI.res" 968
"../../../Engine/Content/Internationalization/icudt64l/lang/es_PA.res" 969
"../../../Engine/Content/Internationalization/icudt64l/region/es_PA.res" 970
"../../../Engine/Content/Internationalization/icudt64l/lang/es_PE.res" 971
"../../../Engine/Content/Internationalization/icudt64l/region/es_PE.res" 972
"../../../Engine/Content/Internationalization/icudt64l/lang/es_PR.res" 973
"../../../Engine/Content/Internationalization/icudt64l/region/es_PR.res" 974
"../../../Engine/Content/Internationalization/icudt64l/lang/es_PY.res" 975
"../../../Engine/Content/Internationalization/icudt64l/region/es_PY.res" 976
"../../../Engine/Content/Internationalization/icudt64l/lang/es_SV.res" 977
"../../../Engine/Content/Internationalization/icudt64l/region/es_SV.res" 978
"../../../Engine/Content/Internationalization/icudt64l/lang/es_US.res" 979
"../../../Engine/Content/Internationalization/icudt64l/region/es_US.res" 980
"../../../Engine/Content/Internationalization/icudt64l/lang/es_UY.res" 981
"../../../Engine/Content/Internationalization/icudt64l/region/es_UY.res" 982
"../../../Engine/Content/Internationalization/icudt64l/lang/es_VE.res" 983
"../../../Engine/Content/Internationalization/icudt64l/region/es_VE.res" 984
"../../../Engine/Content/Internationalization/icudt64l/lang/et.res" 985
"../../../Engine/Content/Internationalization/icudt64l/region/et.res" 986
"../../../Engine/Content/Internationalization/icudt64l/lang/eu.res" 987
"../../../Engine/Content/Internationalization/icudt64l/region/eu.res" 988
"../../../Engine/Content/Internationalization/icudt64l/lang/ewo.res" 989
"../../../Engine/Content/Internationalization/icudt64l/region/ewo.res" 990
"../../../Engine/Content/Internationalization/icudt64l/lang/fa.res" 991
"../../../Engine/Content/Internationalization/icudt64l/lang/fa_AF.res" 992
"../../../Engine/Content/Internationalization/icudt64l/region/fa_AF.res" 993
"../../../Engine/Content/Internationalization/icudt64l/region/fa.res" 994
"../../../Engine/Content/Internationalization/icudt64l/lang/ff.res" 995
"../../../Engine/Content/Internationalization/icudt64l/lang/ff_Latn.res" 996
"../../../Engine/Content/Internationalization/icudt64l/region/ff.res" 997
"../../../Engine/Content/Internationalization/icudt64l/region/ff_Latn.res" 998
"../../../Engine/Content/Internationalization/icudt64l/lang/ff_CM.res" 999
"../../../Engine/Content/Internationalization/icudt64l/lang/ff_Latn_CM.res" 1000
"../../../Engine/Content/Internationalization/icudt64l/region/ff_CM.res" 1001
"../../../Engine/Content/Internationalization/icudt64l/region/ff_Latn_CM.res" 1002
"../../../Engine/Content/Internationalization/icudt64l/lang/ff_GN.res" 1003
"../../../Engine/Content/Internationalization/icudt64l/lang/ff_Latn_GN.res" 1004
"../../../Engine/Content/Internationalization/icudt64l/region/ff_GN.res" 1005
"../../../Engine/Content/Internationalization/icudt64l/region/ff_Latn_GN.res" 1006
"../../../Engine/Content/Internationalization/icudt64l/lang/ff_MR.res" 1007
"../../../Engine/Content/Internationalization/icudt64l/lang/ff_Latn_MR.res" 1008
"../../../Engine/Content/Internationalization/icudt64l/region/ff_MR.res" 1009
"../../../Engine/Content/Internationalization/icudt64l/region/ff_Latn_MR.res" 1010
"../../../Engine/Content/Internationalization/icudt64l/lang/ff_SN.res" 1011
"../../../Engine/Content/Internationalization/icudt64l/lang/ff_Latn_SN.res" 1012
"../../../Engine/Content/Internationalization/icudt64l/region/ff_SN.res" 1013
"../../../Engine/Content/Internationalization/icudt64l/region/ff_Latn_SN.res" 1014
"../../../Engine/Content/Internationalization/icudt64l/lang/fi.res" 1015
"../../../Engine/Content/Internationalization/icudt64l/region/fi.res" 1016
"../../../Engine/Content/Internationalization/icudt64l/lang/fil.res" 1017
"../../../Engine/Content/Internationalization/icudt64l/lang/fil_PH.res" 1018
"../../../Engine/Content/Internationalization/icudt64l/region/fil_PH.res" 1019
"../../../Engine/Content/Internationalization/icudt64l/region/fil.res" 1020
"../../../Engine/Content/Internationalization/icudt64l/lang/fo.res" 1021
"../../../Engine/Content/Internationalization/icudt64l/region/fo.res" 1022
"../../../Engine/Content/Internationalization/icudt64l/lang/fr.res" 1023
"../../../Engine/Content/Internationalization/icudt64l/lang/fr_BE.res" 1024
"../../../Engine/Content/Internationalization/icudt64l/region/fr_BE.res" 1025
"../../../Engine/Content/Internationalization/icudt64l/region/fr.res" 1026
"../../../Engine/Content/Internationalization/icudt64l/lang/fr_CA.res" 1027
"../../../Engine/Content/Internationalization/icudt64l/region/fr_CA.res" 1028
"../../../Engine/Content/Internationalization/icudt64l/lang/fr_CH.res" 1029
"../../../Engine/Content/Internationalization/icudt64l/lang/fur.res" 1030
"../../../Engine/Content/Internationalization/icudt64l/region/fur.res" 1031
"../../../Engine/Content/Internationalization/icudt64l/lang/fy.res" 1032
"../../../Engine/Content/Internationalization/icudt64l/region/fy.res" 1033
"../../../Engine/Content/Internationalization/icudt64l/lang/ga.res" 1034
"../../../Engine/Content/Internationalization/icudt64l/region/ga.res" 1035
"../../../Engine/Content/Internationalization/icudt64l/lang/gd.res" 1036
"../../../Engine/Content/Internationalization/icudt64l/region/gd.res" 1037
"../../../Engine/Content/Internationalization/icudt64l/lang/gl.res" 1038
"../../../Engine/Content/Internationalization/icudt64l/region/gl.res" 1039
"../../../Engine/Content/Internationalization/icudt64l/lang/gsw.res" 1040
"../../../Engine/Content/Internationalization/icudt64l/region/gsw.res" 1041
"../../../Engine/Content/Internationalization/icudt64l/lang/gu.res" 1042
"../../../Engine/Content/Internationalization/icudt64l/region/gu.res" 1043
"../../../Engine/Content/Internationalization/icudt64l/lang/guz.res" 1044
"../../../Engine/Content/Internationalization/icudt64l/region/guz.res" 1045
"../../../Engine/Content/Internationalization/icudt64l/lang/gv.res" 1046
"../../../Engine/Content/Internationalization/icudt64l/region/gv.res" 1047
"../../../Engine/Content/Internationalization/icudt64l/lang/ha.res" 1048
"../../../Engine/Content/Internationalization/icudt64l/region/ha.res" 1049
"../../../Engine/Content/Internationalization/icudt64l/lang/ha_NE.res" 1050
"../../../Engine/Content/Internationalization/icudt64l/region/ha_NE.res" 1051
"../../../Engine/Content/Internationalization/icudt64l/lang/haw.res" 1052
"../../../Engine/Content/Internationalization/icudt64l/region/haw.res" 1053
"../../../Engine/Content/Internationalization/icudt64l/lang/he.res" 1054
"../../../Engine/Content/Internationalization/icudt64l/lang/he_IL.res" 1055
"../../../Engine/Content/Internationalization/icudt64l/region/he_IL.res" 1056
"../../../Engine/Content/Internationalization/icudt64l/region/he.res" 1057
"../../../Engine/Content/Internationalization/icudt64l/lang/hi.res" 1058
"../../../Engine/Content/Internationalization/icudt64l/region/hi.res" 1059
"../../../Engine/Content/Internationalization/icudt64l/lang/hr.res" 1060
"../../../Engine/Content/Internationalization/icudt64l/region/hr.res" 1061
"../../../Engine/Content/Internationalization/icudt64l/lang/hsb.res" 1062
"../../../Engine/Content/Internationalization/icudt64l/region/hsb.res" 1063
"../../../Engine/Content/Internationalization/icudt64l/lang/hu.res" 1064
"../../../Engine/Content/Internationalization/icudt64l/region/hu.res" 1065
"../../../Engine/Content/Internationalization/icudt64l/lang/hy.res" 1066
"../../../Engine/Content/Internationalization/icudt64l/region/hy.res" 1067
"../../../Engine/Content/Internationalization/icudt64l/lang/ia.res" 1068
"../../../Engine/Content/Internationalization/icudt64l/region/ia.res" 1069
"../../../Engine/Content/Internationalization/icudt64l/lang/id.res" 1070
"../../../Engine/Content/Internationalization/icudt64l/lang/id_ID.res" 1071
"../../../Engine/Content/Internationalization/icudt64l/region/id_ID.res" 1072
"../../../Engine/Content/Internationalization/icudt64l/region/id.res" 1073
"../../../Engine/Content/Internationalization/icudt64l/lang/ig.res" 1074
"../../../Engine/Content/Internationalization/icudt64l/region/ig.res" 1075
"../../../Engine/Content/Internationalization/icudt64l/lang/ii.res" 1076
"../../../Engine/Content/Internationalization/icudt64l/region/ii.res" 1077
"../../../Engine/Content/Internationalization/icudt64l/lang/is.res" 1078
"../../../Engine/Content/Internationalization/icudt64l/region/is.res" 1079
"../../../Engine/Content/Internationalization/icudt64l/lang/it.res" 1080
"../../../Engine/Content/Internationalization/icudt64l/region/it.res" 1081
"../../../Engine/Content/Internationalization/icudt64l/lang/ja.res" 1082
"../../../Engine/Content/Internationalization/icudt64l/lang/ja_JP.res" 1083
"../../../Engine/Content/Internationalization/icudt64l/region/ja_JP.res" 1084
"../../../Engine/Content/Internationalization/icudt64l/region/ja.res" 1085
"../../../Engine/Content/Internationalization/icudt64l/lang/jgo.res" 1086
"../../../Engine/Content/Internationalization/icudt64l/region/jgo.res" 1087
"../../../Engine/Content/Internationalization/icudt64l/lang/jmc.res" 1088
"../../../Engine/Content/Internationalization/icudt64l/region/jmc.res" 1089
"../../../Engine/Content/Internationalization/icudt64l/lang/jv.res" 1090
"../../../Engine/Content/Internationalization/icudt64l/region/jv.res" 1091
"../../../Engine/Content/Internationalization/icudt64l/lang/ka.res" 1092
"../../../Engine/Content/Internationalization/icudt64l/region/ka.res" 1093
"../../../Engine/Content/Internationalization/icudt64l/lang/kab.res" 1094
"../../../Engine/Content/Internationalization/icudt64l/region/kab.res" 1095
"../../../Engine/Content/Internationalization/icudt64l/lang/kam.res" 1096
"../../../Engine/Content/Internationalization/icudt64l/region/kam.res" 1097
"../../../Engine/Content/Internationalization/icudt64l/lang/kde.res" 1098
"../../../Engine/Content/Internationalization/icudt64l/region/kde.res" 1099
"../../../Engine/Content/Internationalization/icudt64l/lang/kea.res" 1100
"../../../Engine/Content/Internationalization/icudt64l/region/kea.res" 1101
"../../../Engine/Content/Internationalization/icudt64l/lang/khq.res" 1102
"../../../Engine/Content/Internationalization/icudt64l/region/khq.res" 1103
"../../../Engine/Content/Internationalization/icudt64l/lang/ki.res" 1104
"../../../Engine/Content/Internationalization/icudt64l/region/ki.res" 1105
"../../../Engine/Content/Internationalization/icudt64l/lang/kk.res" 1106
"../../../Engine/Content/Internationalization/icudt64l/region/kk.res" 1107
"../../../Engine/Content/Internationalization/icudt64l/lang/kkj.res" 1108
"../../../Engine/Content/Internationalization/icudt64l/region/kkj.res" 1109
"../../../Engine/Content/Internationalization/icudt64l/lang/kl.res" 1110
"../../../Engine/Content/Internationalization/icudt64l/region/kl.res" 1111
"../../../Engine/Content/Internationalization/icudt64l/lang/kln.res" 1112
"../../../Engine/Content/Internationalization/icudt64l/region/kln.res" 1113
"../../../Engine/Content/Internationalization/icudt64l/lang/km.res" 1114
"../../../Engine/Content/Internationalization/icudt64l/region/km.res" 1115
"../../../Engine/Content/Internationalization/icudt64l/lang/kn.res" 1116
"../../../Engine/Content/Internationalization/icudt64l/region/kn.res" 1117
"../../../Engine/Content/Internationalization/icudt64l/lang/ko.res" 1118
"../../../Engine/Content/Internationalization/icudt64l/region/ko_KP.res" 1119
"../../../Engine/Content/Internationalization/icudt64l/region/ko.res" 1120
"../../../Engine/Content/Internationalization/icudt64l/lang/kok.res" 1121
"../../../Engine/Content/Internationalization/icudt64l/region/kok.res" 1122
"../../../Engine/Content/Internationalization/icudt64l/lang/ks.res" 1123
"../../../Engine/Content/Internationalization/icudt64l/region/ks.res" 1124
"../../../Engine/Content/Internationalization/icudt64l/lang/ksb.res" 1125
"../../../Engine/Content/Internationalization/icudt64l/region/ksb.res" 1126
"../../../Engine/Content/Internationalization/icudt64l/lang/ksf.res" 1127
"../../../Engine/Content/Internationalization/icudt64l/region/ksf.res" 1128
"../../../Engine/Content/Internationalization/icudt64l/lang/ksh.res" 1129
"../../../Engine/Content/Internationalization/icudt64l/region/ksh.res" 1130
"../../../Engine/Content/Internationalization/icudt64l/lang/ku.res" 1131
"../../../Engine/Content/Internationalization/icudt64l/region/ku.res" 1132
"../../../Engine/Content/Internationalization/icudt64l/lang/kw.res" 1133
"../../../Engine/Content/Internationalization/icudt64l/region/kw.res" 1134
"../../../Engine/Content/Internationalization/icudt64l/lang/ky.res" 1135
"../../../Engine/Content/Internationalization/icudt64l/region/ky.res" 1136
"../../../Engine/Content/Internationalization/icudt64l/lang/lag.res" 1137
"../../../Engine/Content/Internationalization/icudt64l/region/lag.res" 1138
"../../../Engine/Content/Internationalization/icudt64l/lang/lb.res" 1139
"../../../Engine/Content/Internationalization/icudt64l/region/lb.res" 1140
"../../../Engine/Content/Internationalization/icudt64l/lang/lg.res" 1141
"../../../Engine/Content/Internationalization/icudt64l/region/lg.res" 1142
"../../../Engine/Content/Internationalization/icudt64l/lang/lkt.res" 1143
"../../../Engine/Content/Internationalization/icudt64l/region/lkt.res" 1144
"../../../Engine/Content/Internationalization/icudt64l/lang/ln.res" 1145
"../../../Engine/Content/Internationalization/icudt64l/region/ln.res" 1146
"../../../Engine/Content/Internationalization/icudt64l/lang/lo.res" 1147
"../../../Engine/Content/Internationalization/icudt64l/region/lo.res" 1148
"../../../Engine/Content/Internationalization/icudt64l/lang/lrc.res" 1149
"../../../Engine/Content/Internationalization/icudt64l/region/lrc.res" 1150
"../../../Engine/Content/Internationalization/icudt64l/lang/lt.res" 1151
"../../../Engine/Content/Internationalization/icudt64l/region/lt.res" 1152
"../../../Engine/Content/Internationalization/icudt64l/lang/lu.res" 1153
"../../../Engine/Content/Internationalization/icudt64l/region/lu.res" 1154
"../../../Engine/Content/Internationalization/icudt64l/lang/luo.res" 1155
"../../../Engine/Content/Internationalization/icudt64l/region/luo.res" 1156
"../../../Engine/Content/Internationalization/icudt64l/lang/luy.res" 1157
"../../../Engine/Content/Internationalization/icudt64l/region/luy.res" 1158
"../../../Engine/Content/Internationalization/icudt64l/lang/lv.res" 1159
"../../../Engine/Content/Internationalization/icudt64l/region/lv.res" 1160
"../../../Engine/Content/Internationalization/icudt64l/lang/mas.res" 1161
"../../../Engine/Content/Internationalization/icudt64l/region/mas.res" 1162
"../../../Engine/Content/Internationalization/icudt64l/lang/mer.res" 1163
"../../../Engine/Content/Internationalization/icudt64l/region/mer.res" 1164
"../../../Engine/Content/Internationalization/icudt64l/lang/mfe.res" 1165
"../../../Engine/Content/Internationalization/icudt64l/region/mfe.res" 1166
"../../../Engine/Content/Internationalization/icudt64l/lang/mg.res" 1167
"../../../Engine/Content/Internationalization/icudt64l/region/mg.res" 1168
"../../../Engine/Content/Internationalization/icudt64l/lang/mgh.res" 1169
"../../../Engine/Content/Internationalization/icudt64l/region/mgh.res" 1170
"../../../Engine/Content/Internationalization/icudt64l/lang/mgo.res" 1171
"../../../Engine/Content/Internationalization/icudt64l/region/mgo.res" 1172
"../../../Engine/Content/Internationalization/icudt64l/lang/mi.res" 1173
"../../../Engine/Content/Internationalization/icudt64l/region/mi.res" 1174
"../../../Engine/Content/Internationalization/icudt64l/lang/mk.res" 1175
"../../../Engine/Content/Internationalization/icudt64l/region/mk.res" 1176
"../../../Engine/Content/Internationalization/icudt64l/lang/ml.res" 1177
"../../../Engine/Content/Internationalization/icudt64l/region/ml.res" 1178
"../../../Engine/Content/Internationalization/icudt64l/lang/mn.res" 1179
"../../../Engine/Content/Internationalization/icudt64l/region/mn.res" 1180
"../../../Engine/Content/Internationalization/icudt64l/lang/mr.res" 1181
"../../../Engine/Content/Internationalization/icudt64l/region/mr.res" 1182
"../../../Engine/Content/Internationalization/icudt64l/lang/ms.res" 1183
"../../../Engine/Content/Internationalization/icudt64l/region/ms.res" 1184
"../../../Engine/Content/Internationalization/icudt64l/lang/mt.res" 1185
"../../../Engine/Content/Internationalization/icudt64l/region/mt.res" 1186
"../../../Engine/Content/Internationalization/icudt64l/lang/mua.res" 1187
"../../../Engine/Content/Internationalization/icudt64l/region/mua.res" 1188
"../../../Engine/Content/Internationalization/icudt64l/lang/my.res" 1189
"../../../Engine/Content/Internationalization/icudt64l/region/my.res" 1190
"../../../Engine/Content/Internationalization/icudt64l/lang/mzn.res" 1191
"../../../Engine/Content/Internationalization/icudt64l/region/mzn.res" 1192
"../../../Engine/Content/Internationalization/icudt64l/lang/naq.res" 1193
"../../../Engine/Content/Internationalization/icudt64l/region/naq.res" 1194
"../../../Engine/Content/Internationalization/icudt64l/lang/nb.res" 1195
"../../../Engine/Content/Internationalization/icudt64l/lang/nb_NO.res" 1196
"../../../Engine/Content/Internationalization/icudt64l/region/nb_NO.res" 1197
"../../../Engine/Content/Internationalization/icudt64l/region/nb.res" 1198
"../../../Engine/Content/Internationalization/icudt64l/lang/nd.res" 1199
"../../../Engine/Content/Internationalization/icudt64l/region/nd.res" 1200
"../../../Engine/Content/Internationalization/icudt64l/lang/nds.res" 1201
"../../../Engine/Content/Internationalization/icudt64l/region/nds.res" 1202
"../../../Engine/Content/Internationalization/icudt64l/lang/ne.res" 1203
"../../../Engine/Content/Internationalization/icudt64l/region/ne.res" 1204
"../../../Engine/Content/Internationalization/icudt64l/lang/nl.res" 1205
"../../../Engine/Content/Internationalization/icudt64l/region/nl.res" 1206
"../../../Engine/Content/Internationalization/icudt64l/lang/nmg.res" 1207
"../../../Engine/Content/Internationalization/icudt64l/region/nmg.res" 1208
"../../../Engine/Content/Internationalization/icudt64l/lang/nn.res" 1209
"../../../Engine/Content/Internationalization/icudt64l/lang/nn_NO.res" 1210
"../../../Engine/Content/Internationalization/icudt64l/region/nn_NO.res" 1211
"../../../Engine/Content/Internationalization/icudt64l/region/nn.res" 1212
"../../../Engine/Content/Internationalization/icudt64l/lang/nnh.res" 1213
"../../../Engine/Content/Internationalization/icudt64l/region/nnh.res" 1214
"../../../Engine/Content/Internationalization/icudt64l/lang/nus.res" 1215
"../../../Engine/Content/Internationalization/icudt64l/region/nus.res" 1216
"../../../Engine/Content/Internationalization/icudt64l/lang/nyn.res" 1217
"../../../Engine/Content/Internationalization/icudt64l/region/nyn.res" 1218
"../../../Engine/Content/Internationalization/icudt64l/lang/om.res" 1219
"../../../Engine/Content/Internationalization/icudt64l/region/om.res" 1220
"../../../Engine/Content/Internationalization/icudt64l/lang/or.res" 1221
"../../../Engine/Content/Internationalization/icudt64l/region/or.res" 1222
"../../../Engine/Content/Internationalization/icudt64l/lang/os.res" 1223
"../../../Engine/Content/Internationalization/icudt64l/region/os.res" 1224
"../../../Engine/Content/Internationalization/icudt64l/lang/pa.res" 1225
"../../../Engine/Content/Internationalization/icudt64l/lang/pa_Arab.res" 1226
"../../../Engine/Content/Internationalization/icudt64l/lang/pa_PK.res" 1227
"../../../Engine/Content/Internationalization/icudt64l/lang/pa_Arab_PK.res" 1228
"../../../Engine/Content/Internationalization/icudt64l/region/pa_PK.res" 1229
"../../../Engine/Content/Internationalization/icudt64l/region/pa_Arab_PK.res" 1230
"../../../Engine/Content/Internationalization/icudt64l/region/pa_Arab.res" 1231
"../../../Engine/Content/Internationalization/icudt64l/lang/pa_Guru.res" 1232
"../../../Engine/Content/Internationalization/icudt64l/lang/pa_IN.res" 1233
"../../../Engine/Content/Internationalization/icudt64l/lang/pa_Guru_IN.res" 1234
"../../../Engine/Content/Internationalization/icudt64l/region/pa_IN.res" 1235
"../../../Engine/Content/Internationalization/icudt64l/region/pa_Guru_IN.res" 1236
"../../../Engine/Content/Internationalization/icudt64l/region/pa_Guru.res" 1237
"../../../Engine/Content/Internationalization/icudt64l/region/pa.res" 1238
"../../../Engine/Content/Internationalization/icudt64l/lang/pl.res" 1239
"../../../Engine/Content/Internationalization/icudt64l/region/pl.res" 1240
"../../../Engine/Content/Internationalization/icudt64l/lang/ps.res" 1241
"../../../Engine/Content/Internationalization/icudt64l/region/ps.res" 1242
"../../../Engine/Content/Internationalization/icudt64l/lang/ps_PK.res" 1243
"../../../Engine/Content/Internationalization/icudt64l/region/ps_PK.res" 1244
"../../../Engine/Content/Internationalization/icudt64l/lang/pt.res" 1245
"../../../Engine/Content/Internationalization/icudt64l/lang/pt_AO.res" 1246
"../../../Engine/Content/Internationalization/icudt64l/lang/pt_PT.res" 1247
"../../../Engine/Content/Internationalization/icudt64l/region/pt_AO.res" 1248
"../../../Engine/Content/Internationalization/icudt64l/region/pt_PT.res" 1249
"../../../Engine/Content/Internationalization/icudt64l/region/pt.res" 1250
"../../../Engine/Content/Internationalization/icudt64l/lang/pt_CH.res" 1251
"../../../Engine/Content/Internationalization/icudt64l/region/pt_CH.res" 1252
"../../../Engine/Content/Internationalization/icudt64l/lang/pt_CV.res" 1253
"../../../Engine/Content/Internationalization/icudt64l/region/pt_CV.res" 1254
"../../../Engine/Content/Internationalization/icudt64l/lang/pt_GQ.res" 1255
"../../../Engine/Content/Internationalization/icudt64l/region/pt_GQ.res" 1256
"../../../Engine/Content/Internationalization/icudt64l/lang/pt_GW.res" 1257
"../../../Engine/Content/Internationalization/icudt64l/region/pt_GW.res" 1258
"../../../Engine/Content/Internationalization/icudt64l/lang/pt_LU.res" 1259
"../../../Engine/Content/Internationalization/icudt64l/region/pt_LU.res" 1260
"../../../Engine/Content/Internationalization/icudt64l/lang/pt_MO.res" 1261
"../../../Engine/Content/Internationalization/icudt64l/region/pt_MO.res" 1262
"../../../Engine/Content/Internationalization/icudt64l/lang/pt_MZ.res" 1263
"../../../Engine/Content/Internationalization/icudt64l/region/pt_MZ.res" 1264
"../../../Engine/Content/Internationalization/icudt64l/lang/pt_ST.res" 1265
"../../../Engine/Content/Internationalization/icudt64l/region/pt_ST.res" 1266
"../../../Engine/Content/Internationalization/icudt64l/lang/pt_TL.res" 1267
"../../../Engine/Content/Internationalization/icudt64l/region/pt_TL.res" 1268
"../../../Engine/Content/Internationalization/icudt64l/lang/qu.res" 1269
"../../../Engine/Content/Internationalization/icudt64l/region/qu.res" 1270
"../../../Engine/Content/Internationalization/icudt64l/lang/rm.res" 1271
"../../../Engine/Content/Internationalization/icudt64l/region/rm.res" 1272
"../../../Engine/Content/Internationalization/icudt64l/lang/rn.res" 1273
"../../../Engine/Content/Internationalization/icudt64l/region/rn.res" 1274
"../../../Engine/Content/Internationalization/icudt64l/lang/ro.res" 1275
"../../../Engine/Content/Internationalization/icudt64l/lang/ro_MD.res" 1276
"../../../Engine/Content/Internationalization/icudt64l/region/ro_MD.res" 1277
"../../../Engine/Content/Internationalization/icudt64l/region/ro.res" 1278
"../../../Engine/Content/Internationalization/icudt64l/lang/rof.res" 1279
"../../../Engine/Content/Internationalization/icudt64l/region/rof.res" 1280
"../../../Engine/Content/Internationalization/icudt64l/lang/ru.res" 1281
"../../../Engine/Content/Internationalization/icudt64l/region/ru.res" 1282
"../../../Engine/Content/Internationalization/icudt64l/region/ru_UA.res" 1283
"../../../Engine/Content/Internationalization/icudt64l/lang/rw.res" 1284
"../../../Engine/Content/Internationalization/icudt64l/region/rw.res" 1285
"../../../Engine/Content/Internationalization/icudt64l/lang/rwk.res" 1286
"../../../Engine/Content/Internationalization/icudt64l/region/rwk.res" 1287
"../../../Engine/Content/Internationalization/icudt64l/lang/sah.res" 1288
"../../../Engine/Content/Internationalization/icudt64l/region/sah.res" 1289
"../../../Engine/Content/Internationalization/icudt64l/lang/saq.res" 1290
"../../../Engine/Content/Internationalization/icudt64l/region/saq.res" 1291
"../../../Engine/Content/Internationalization/icudt64l/lang/sbp.res" 1292
"../../../Engine/Content/Internationalization/icudt64l/region/sbp.res" 1293
"../../../Engine/Content/Internationalization/icudt64l/lang/sd.res" 1294
"../../../Engine/Content/Internationalization/icudt64l/region/sd.res" 1295
"../../../Engine/Content/Internationalization/icudt64l/lang/se.res" 1296
"../../../Engine/Content/Internationalization/icudt64l/lang/se_FI.res" 1297
"../../../Engine/Content/Internationalization/icudt64l/region/se_FI.res" 1298
"../../../Engine/Content/Internationalization/icudt64l/region/se.res" 1299
"../../../Engine/Content/Internationalization/icudt64l/lang/seh.res" 1300
"../../../Engine/Content/Internationalization/icudt64l/region/seh.res" 1301
"../../../Engine/Content/Internationalization/icudt64l/lang/ses.res" 1302
"../../../Engine/Content/Internationalization/icudt64l/region/ses.res" 1303
"../../../Engine/Content/Internationalization/icudt64l/lang/sg.res" 1304
"../../../Engine/Content/Internationalization/icudt64l/region/sg.res" 1305
"../../../Engine/Content/Internationalization/icudt64l/lang/shi.res" 1306
"../../../Engine/Content/Internationalization/icudt64l/lang/shi_Latn.res" 1307
"../../../Engine/Content/Internationalization/icudt64l/lang/shi_MA.res" 1308
"../../../Engine/Content/Internationalization/icudt64l/lang/shi_Tfng_MA.res" 1309
"../../../Engine/Content/Internationalization/icudt64l/lang/shi_Tfng.res" 1310
"../../../Engine/Content/Internationalization/icudt64l/region/shi_MA.res" 1311
"../../../Engine/Content/Internationalization/icudt64l/region/shi_Tfng_MA.res" 1312
"../../../Engine/Content/Internationalization/icudt64l/region/shi_Tfng.res" 1313
"../../../Engine/Content/Internationalization/icudt64l/region/shi.res" 1314
"../../../Engine/Content/Internationalization/icudt64l/region/shi_Latn.res" 1315
"../../../Engine/Content/Internationalization/icudt64l/lang/si.res" 1316
"../../../Engine/Content/Internationalization/icudt64l/region/si.res" 1317
"../../../Engine/Content/Internationalization/icudt64l/lang/sk.res" 1318
"../../../Engine/Content/Internationalization/icudt64l/region/sk.res" 1319
"../../../Engine/Content/Internationalization/icudt64l/lang/sl.res" 1320
"../../../Engine/Content/Internationalization/icudt64l/region/sl.res" 1321
"../../../Engine/Content/Internationalization/icudt64l/lang/smn.res" 1322
"../../../Engine/Content/Internationalization/icudt64l/region/smn.res" 1323
"../../../Engine/Content/Internationalization/icudt64l/lang/sn.res" 1324
"../../../Engine/Content/Internationalization/icudt64l/region/sn.res" 1325
"../../../Engine/Content/Internationalization/icudt64l/lang/so.res" 1326
"../../../Engine/Content/Internationalization/icudt64l/region/so.res" 1327
"../../../Engine/Content/Internationalization/icudt64l/lang/sq.res" 1328
"../../../Engine/Content/Internationalization/icudt64l/region/sq.res" 1329
"../../../Engine/Content/Internationalization/icudt64l/lang/sr.res" 1330
"../../../Engine/Content/Internationalization/icudt64l/lang/sr_Cyrl.res" 1331
"../../../Engine/Content/Internationalization/icudt64l/lang/sr_BA.res" 1332
"../../../Engine/Content/Internationalization/icudt64l/lang/sr_Cyrl_BA.res" 1333
"../../../Engine/Content/Internationalization/icudt64l/region/sr_BA.res" 1334
"../../../Engine/Content/Internationalization/icudt64l/region/sr_Cyrl_BA.res" 1335
"../../../Engine/Content/Internationalization/icudt64l/region/sr_Cyrl.res" 1336
"../../../Engine/Content/Internationalization/icudt64l/region/sr.res" 1337
"../../../Engine/Content/Internationalization/icudt64l/lang/sr_ME.res" 1338
"../../../Engine/Content/Internationalization/icudt64l/lang/sr_Latn_ME.res" 1339
"../../../Engine/Content/Internationalization/icudt64l/lang/sr_Latn.res" 1340
"../../../Engine/Content/Internationalization/icudt64l/region/sr_ME.res" 1341
"../../../Engine/Content/Internationalization/icudt64l/region/sr_Latn_ME.res" 1342
"../../../Engine/Content/Internationalization/icudt64l/region/sr_Latn.res" 1343
"../../../Engine/Content/Internationalization/icudt64l/lang/sr_Cyrl_ME.res" 1344
"../../../Engine/Content/Internationalization/icudt64l/region/sr_Cyrl_ME.res" 1345
"../../../Engine/Content/Internationalization/icudt64l/lang/sr_RS.res" 1346
"../../../Engine/Content/Internationalization/icudt64l/lang/sr_Cyrl_RS.res" 1347
"../../../Engine/Content/Internationalization/icudt64l/region/sr_RS.res" 1348
"../../../Engine/Content/Internationalization/icudt64l/region/sr_Cyrl_RS.res" 1349
"../../../Engine/Content/Internationalization/icudt64l/lang/sr_XK.res" 1350
"../../../Engine/Content/Internationalization/icudt64l/lang/sr_Cyrl_XK.res" 1351
"../../../Engine/Content/Internationalization/icudt64l/region/sr_XK.res" 1352
"../../../Engine/Content/Internationalization/icudt64l/region/sr_Cyrl_XK.res" 1353
"../../../Engine/Content/Internationalization/icudt64l/lang/sr_Latn_BA.res" 1354
"../../../Engine/Content/Internationalization/icudt64l/region/sr_Latn_BA.res" 1355
"../../../Engine/Content/Internationalization/icudt64l/lang/sr_Latn_RS.res" 1356
"../../../Engine/Content/Internationalization/icudt64l/region/sr_Latn_RS.res" 1357
"../../../Engine/Content/Internationalization/icudt64l/lang/sr_Latn_XK.res" 1358
"../../../Engine/Content/Internationalization/icudt64l/region/sr_Latn_XK.res" 1359
"../../../Engine/Content/Internationalization/icudt64l/lang/sv.res" 1360
"../../../Engine/Content/Internationalization/icudt64l/region/sv.res" 1361
"../../../Engine/Content/Internationalization/icudt64l/lang/sv_FI.res" 1362
"../../../Engine/Content/Internationalization/icudt64l/lang/sw.res" 1363
"../../../Engine/Content/Internationalization/icudt64l/lang/sw_CD.res" 1364
"../../../Engine/Content/Internationalization/icudt64l/region/sw_CD.res" 1365
"../../../Engine/Content/Internationalization/icudt64l/region/sw.res" 1366
"../../../Engine/Content/Internationalization/icudt64l/lang/sw_KE.res" 1367
"../../../Engine/Content/Internationalization/icudt64l/region/sw_KE.res" 1368
"../../../Engine/Content/Internationalization/icudt64l/lang/ta.res" 1369
"../../../Engine/Content/Internationalization/icudt64l/region/ta.res" 1370
"../../../Engine/Content/Internationalization/icudt64l/lang/te.res" 1371
"../../../Engine/Content/Internationalization/icudt64l/region/te.res" 1372
"../../../Engine/Content/Internationalization/icudt64l/lang/teo.res" 1373
"../../../Engine/Content/Internationalization/icudt64l/region/teo.res" 1374
"../../../Engine/Content/Internationalization/icudt64l/lang/tg.res" 1375
"../../../Engine/Content/Internationalization/icudt64l/region/tg.res" 1376
"../../../Engine/Content/Internationalization/icudt64l/lang/th.res" 1377
"../../../Engine/Content/Internationalization/icudt64l/lang/th_TH.res" 1378
"../../../Engine/Content/Internationalization/icudt64l/region/th_TH.res" 1379
"../../../Engine/Content/Internationalization/icudt64l/region/th.res" 1380
"../../../Engine/Content/Internationalization/icudt64l/lang/ti.res" 1381
"../../../Engine/Content/Internationalization/icudt64l/region/ti.res" 1382
"../../../Engine/Content/Internationalization/icudt64l/lang/tk.res" 1383
"../../../Engine/Content/Internationalization/icudt64l/region/tk.res" 1384
"../../../Engine/Content/Internationalization/icudt64l/lang/to.res" 1385
"../../../Engine/Content/Internationalization/icudt64l/region/to.res" 1386
"../../../Engine/Content/Internationalization/icudt64l/lang/tr.res" 1387
"../../../Engine/Content/Internationalization/icudt64l/region/tr.res" 1388
"../../../Engine/Content/Internationalization/icudt64l/lang/tt.res" 1389
"../../../Engine/Content/Internationalization/icudt64l/region/tt.res" 1390
"../../../Engine/Content/Internationalization/icudt64l/lang/twq.res" 1391
"../../../Engine/Content/Internationalization/icudt64l/region/twq.res" 1392
"../../../Engine/Content/Internationalization/icudt64l/lang/tzm.res" 1393
"../../../Engine/Content/Internationalization/icudt64l/region/tzm.res" 1394
"../../../Engine/Content/Internationalization/icudt64l/lang/ug.res" 1395
"../../../Engine/Content/Internationalization/icudt64l/region/ug.res" 1396
"../../../Engine/Content/Internationalization/icudt64l/lang/uk.res" 1397
"../../../Engine/Content/Internationalization/icudt64l/region/uk.res" 1398
"../../../Engine/Content/Internationalization/icudt64l/lang/ur.res" 1399
"../../../Engine/Content/Internationalization/icudt64l/lang/ur_IN.res" 1400
"../../../Engine/Content/Internationalization/icudt64l/region/ur_IN.res" 1401
"../../../Engine/Content/Internationalization/icudt64l/region/ur.res" 1402
"../../../Engine/Content/Internationalization/icudt64l/lang/uz.res" 1403
"../../../Engine/Content/Internationalization/icudt64l/lang/uz_Arab.res" 1404
"../../../Engine/Content/Internationalization/icudt64l/lang/uz_AF.res" 1405
"../../../Engine/Content/Internationalization/icudt64l/lang/uz_Arab_AF.res" 1406
"../../../Engine/Content/Internationalization/icudt64l/region/uz_AF.res" 1407
"../../../Engine/Content/Internationalization/icudt64l/region/uz_Arab_AF.res" 1408
"../../../Engine/Content/Internationalization/icudt64l/region/uz_Arab.res" 1409
"../../../Engine/Content/Internationalization/icudt64l/lang/uz_Cyrl.res" 1410
"../../../Engine/Content/Internationalization/icudt64l/lang/uz_UZ.res" 1411
"../../../Engine/Content/Internationalization/icudt64l/lang/uz_Latn_UZ.res" 1412
"../../../Engine/Content/Internationalization/icudt64l/lang/uz_Latn.res" 1413
"../../../Engine/Content/Internationalization/icudt64l/region/uz_UZ.res" 1414
"../../../Engine/Content/Internationalization/icudt64l/region/uz_Latn_UZ.res" 1415
"../../../Engine/Content/Internationalization/icudt64l/region/uz_Latn.res" 1416
"../../../Engine/Content/Internationalization/icudt64l/region/uz.res" 1417
"../../../Engine/Content/Internationalization/icudt64l/region/uz_Cyrl.res" 1418
"../../../Engine/Content/Internationalization/icudt64l/lang/vai.res" 1419
"../../../Engine/Content/Internationalization/icudt64l/lang/vai_Latn.res" 1420
"../../../Engine/Content/Internationalization/icudt64l/lang/vai_LR.res" 1421
"../../../Engine/Content/Internationalization/icudt64l/lang/vai_Vaii_LR.res" 1422
"../../../Engine/Content/Internationalization/icudt64l/lang/vai_Vaii.res" 1423
"../../../Engine/Content/Internationalization/icudt64l/region/vai_LR.res" 1424
"../../../Engine/Content/Internationalization/icudt64l/region/vai_Vaii_LR.res" 1425
"../../../Engine/Content/Internationalization/icudt64l/region/vai_Vaii.res" 1426
"../../../Engine/Content/Internationalization/icudt64l/region/vai.res" 1427
"../../../Engine/Content/Internationalization/icudt64l/region/vai_Latn.res" 1428
"../../../Engine/Content/Internationalization/icudt64l/lang/vi.res" 1429
"../../../Engine/Content/Internationalization/icudt64l/region/vi.res" 1430
"../../../Engine/Content/Internationalization/icudt64l/lang/vun.res" 1431
"../../../Engine/Content/Internationalization/icudt64l/region/vun.res" 1432
"../../../Engine/Content/Internationalization/icudt64l/lang/wae.res" 1433
"../../../Engine/Content/Internationalization/icudt64l/region/wae.res" 1434
"../../../Engine/Content/Internationalization/icudt64l/lang/wo.res" 1435
"../../../Engine/Content/Internationalization/icudt64l/region/wo.res" 1436
"../../../Engine/Content/Internationalization/icudt64l/lang/xh.res" 1437
"../../../Engine/Content/Internationalization/icudt64l/region/xh.res" 1438
"../../../Engine/Content/Internationalization/icudt64l/lang/xog.res" 1439
"../../../Engine/Content/Internationalization/icudt64l/region/xog.res" 1440
"../../../Engine/Content/Internationalization/icudt64l/lang/yav.res" 1441
"../../../Engine/Content/Internationalization/icudt64l/region/yav.res" 1442
"../../../Engine/Content/Internationalization/icudt64l/lang/yi.res" 1443
"../../../Engine/Content/Internationalization/icudt64l/region/yi.res" 1444
"../../../Engine/Content/Internationalization/icudt64l/lang/yo.res" 1445
"../../../Engine/Content/Internationalization/icudt64l/lang/yo_BJ.res" 1446
"../../../Engine/Content/Internationalization/icudt64l/region/yo_BJ.res" 1447
"../../../Engine/Content/Internationalization/icudt64l/region/yo.res" 1448
"../../../Engine/Content/Internationalization/icudt64l/lang/yue.res" 1449
"../../../Engine/Content/Internationalization/icudt64l/lang/yue_Hans.res" 1450
"../../../Engine/Content/Internationalization/icudt64l/lang/yue_CN.res" 1451
"../../../Engine/Content/Internationalization/icudt64l/lang/yue_Hans_CN.res" 1452
"../../../Engine/Content/Internationalization/icudt64l/region/yue_CN.res" 1453
"../../../Engine/Content/Internationalization/icudt64l/region/yue_Hans_CN.res" 1454
"../../../Engine/Content/Internationalization/icudt64l/region/yue_Hans.res" 1455
"../../../Engine/Content/Internationalization/icudt64l/lang/yue_Hant.res" 1456
"../../../Engine/Content/Internationalization/icudt64l/lang/yue_HK.res" 1457
"../../../Engine/Content/Internationalization/icudt64l/lang/yue_Hant_HK.res" 1458
"../../../Engine/Content/Internationalization/icudt64l/region/yue_HK.res" 1459
"../../../Engine/Content/Internationalization/icudt64l/region/yue_Hant_HK.res" 1460
"../../../Engine/Content/Internationalization/icudt64l/region/yue_Hant.res" 1461
"../../../Engine/Content/Internationalization/icudt64l/region/yue.res" 1462
"../../../Engine/Content/Internationalization/icudt64l/lang/zgh.res" 1463
"../../../Engine/Content/Internationalization/icudt64l/region/zgh.res" 1464
"../../../Engine/Content/Internationalization/icudt64l/lang/zh.res" 1465
"../../../Engine/Content/Internationalization/icudt64l/lang/zh_Hans.res" 1466
"../../../Engine/Content/Internationalization/icudt64l/lang/zh_CN.res" 1467
"../../../Engine/Content/Internationalization/icudt64l/lang/zh_Hans_CN.res" 1468
"../../../Engine/Content/Internationalization/icudt64l/region/zh_CN.res" 1469
"../../../Engine/Content/Internationalization/icudt64l/region/zh_Hans_CN.res" 1470
"../../../Engine/Content/Internationalization/icudt64l/region/zh_Hans.res" 1471
"../../../Engine/Content/Internationalization/icudt64l/region/zh.res" 1472
"../../../Engine/Content/Internationalization/icudt64l/lang/zh_HK.res" 1473
"../../../Engine/Content/Internationalization/icudt64l/lang/zh_Hant_HK.res" 1474
"../../../Engine/Content/Internationalization/icudt64l/lang/zh_Hant.res" 1475
"../../../Engine/Content/Internationalization/icudt64l/region/zh_HK.res" 1476
"../../../Engine/Content/Internationalization/icudt64l/region/zh_Hant_HK.res" 1477
"../../../Engine/Content/Internationalization/icudt64l/region/zh_Hant.res" 1478
"../../../Engine/Content/Internationalization/icudt64l/lang/zh_MO.res" 1479
"../../../Engine/Content/Internationalization/icudt64l/lang/zh_Hant_MO.res" 1480
"../../../Engine/Content/Internationalization/icudt64l/region/zh_MO.res" 1481
"../../../Engine/Content/Internationalization/icudt64l/region/zh_Hant_MO.res" 1482
"../../../Engine/Content/Internationalization/icudt64l/lang/zh_SG.res" 1483
"../../../Engine/Content/Internationalization/icudt64l/lang/zh_Hans_SG.res" 1484
"../../../Engine/Content/Internationalization/icudt64l/region/zh_SG.res" 1485
"../../../Engine/Content/Internationalization/icudt64l/region/zh_Hans_SG.res" 1486
"../../../Engine/Content/Internationalization/icudt64l/lang/zh_TW.res" 1487
"../../../Engine/Content/Internationalization/icudt64l/lang/zh_Hant_TW.res" 1488
"../../../Engine/Content/Internationalization/icudt64l/region/zh_TW.res" 1489
"../../../Engine/Content/Internationalization/icudt64l/region/zh_Hant_TW.res" 1490
"../../../Engine/Content/Internationalization/icudt64l/lang/zu.res" 1491
"../../../Engine/Content/Internationalization/icudt64l/region/zu.res" 1492
"../../../Engine/Content/Internationalization/icudt64l/lang/no.res" 1493
"../../../Engine/Content/Internationalization/icudt64l/lang/tl.res" 1494
"../../../Engine/Plugins/FX/Niagara/Shaders/Private/NiagaraSpriteVertexFactory.ush" 1495
"../../../Engine/Shaders/Private/VertexFactoryCommon.ush" 1496
"../../../Engine/Shaders/Private/Common.ush" 1497
"../../../Engine/Shaders/Public/Platform.ush" 1498
"../../../Engine/Shaders/Public/FP16Math.ush" 1499
"../../../Engine/Shaders/Public/Platform/D3D/D3DCommon.ush" 1500
"../../../Engine/Shaders/Public/ShaderVersion.ush" 1501
"../../../Engine/Shaders/Private/CommonViewUniformBuffer.ush" 1502
"../../../Engine/Shaders/Private/InstancedStereo.ush" 1503
"../../../Engine/Shaders/Private/Definitions.usf" 1504
"../../../Engine/Shaders/Private/FastMath.ush" 1505
"../../../Engine/Shaders/Private/Random.ush" 1506
"../../../Engine/Shaders/Private/ParticleVertexFactoryCommon.ush" 1507
"../../../Engine/Plugins/FX/Niagara/Shaders/Private/NiagaraVFParticleAccess.usf" 1508
"../../../Engine/Plugins/FX/Niagara/Shaders/Private/NiagaraRibbonVertexFactory.ush" 1509
"../../../Engine/Plugins/FX/Niagara/Shaders/Private/NiagaraMeshVertexFactory.ush" 1510
"../../../Engine/Plugins/FX/Niagara/Shaders/Private/NiagaraCommon.ush" 1511
"../../../Engine/Shaders/Private/RayTracing/RayTracingCommon.ush" 1512
"../../../Engine/Shaders/Private/ShadingCommon.ush" 1513
"../../../Engine/Shaders/Shared/RayTracingDefinitions.h" 1514
"../../../Engine/Shaders/Private/RayTracing/RayTracingHitGroupCommon.ush" 1515
"../../../Engine/Shaders/Shared/RayTracingBuiltInResources.h" 1516
"../../../Engine/Shaders/Private/VectorFieldVisualizationVertexFactory.ush" 1517
"../../../Engine/Shaders/Private/ParticleSpriteVertexFactory.ush" 1518
"../../../Engine/Shaders/Private/ParticleGPUSpriteVertexFactory.ush" 1519
"../../../Engine/Shaders/Private/ParticleBeamTrailVertexFactory.ush" 1520
"../../../Engine/Shaders/Private/MeshParticleVertexFactory.ush" 1521
"../../../Engine/Shaders/Private/LocalVertexFactory.ush" 1522
"../../../Engine/Shaders/Private/LocalVertexFactoryCommon.ush" 1523
"../../../Engine/Shaders/Private/LightmapData.ush" 1524
"../../../Engine/Shaders/Private/GpuSkinCommon.ush" 1525
"../../../Engine/Shaders/Private/GpuSkinVertexFactory.ush" 1526
"../../../Engine/Shaders/Private/GeometryCacheVertexFactory.ush" 1527
"../../../Engine/Shaders/Private/LandscapeVertexFactory.ush" 1528
"../../../Engine/Plugins/Media/WmfMedia/Shaders/Private/MediaHardwareVideoDecoding.usf" 1529
"../../../Engine/Shaders/Private/GammaCorrectionCommon.ush" 1530
"../../../Engine/Shaders/Private/ColorUtils.ush" 1531
"../../../Engine/Plugins/Media/ImgMedia/Shaders/Private/ExrSwizzler.usf" 1532
"../../../Engine/Plugins/FX/Niagara/Shaders/Private/NiagaraSortKeyGen.usf" 1533
"../../../Engine/Plugins/FX/Niagara/Shaders/Private/NiagaraGPURayTracingTransforms.usf" 1534
"../../../Engine/Plugins/FX/Niagara/Shaders/Private/NiagaraDrawIndirectArgsGen.usf" 1535
"../../../Engine/Plugins/FX/Niagara/Shaders/Private/NiagaraFillIntBuffer.usf" 1536
"../../../Engine/Plugins/FX/Niagara/Shaders/Private/NiagaraComputeFreeIDs.usf" 1537
"../../../Engine/Plugins/FX/Niagara/Shaders/Private/NiagaraInitFreeIDBuffer.usf" 1538
"../../../Engine/Plugins/FX/Niagara/Shaders/Private/NiagaraEmitterInstanceShader.usf" 1539
"../../../Engine/Plugins/FX/Niagara/Shaders/Private/NiagaraShaderVersion.ush" 1540
"../../../Engine/Shaders/Private/GlobalDistanceFieldShared.ush" 1541
"../../../Engine/Shaders/Private/SceneTexturesCommon.ush" 1542
"../../../Engine/Plugins/FX/Niagara/Shaders/Private/NiagaraPhysicsCommon.ush" 1543
"../../../Engine/Plugins/FX/Niagara/Shaders/Private/NiagaraDebugDraw.usf" 1544
"../../../Engine/Plugins/FX/Niagara/Shaders/Private/NiagaraDebugDraw.ush" 1545
"../../../Engine/Plugins/FX/Niagara/Shaders/Private/NiagaraVisualizeTexture.usf" 1546
"../../../Engine/Plugins/FX/Niagara/Shaders/Private/NiagaraBatchedElements.usf" 1547
"../../../Engine/Shaders/Private/SlateElementPixelShader.usf" 1548
"../../../Engine/Shaders/Private/SlateShaderCommon.ush" 1549
"../../../Engine/Shaders/Private/MaterialTemplate.ush" 1550
"../../../Engine/Shaders/Private/EyeAdaptationCommon.ush" 1551
"../../../Engine/Shaders/Private/SobolRandom.ush" 1552
"../../../Engine/Shaders/Private/MonteCarlo.ush" 1553
"../../../Engine/Shaders/Private/DepthOfFieldCommon.ush" 1554
"../../../Engine/Shaders/Private/CircleDOFCommon.ush" 1555
"../../../Engine/Shaders/Private/PhysicsFieldSampler.ush" 1556
"../../../Engine/Shaders/Private/PhysicsFieldShared.ush" 1557
"../../../Engine/Shaders/Private/SceneData.ush" 1558
"../../../Engine/Shaders/Private/HairShadingCommon.ush" 1559
"../../../Engine/Shaders/Private/HairStrands/HairCardsAttributeCommon.ush" 1560
"../../../Engine/Shaders/Private/HairStrands/HairStrandsVertexFactoryCommon.ush" 1561
"../../../Engine/Shaders/Private/HairStrands/HairStrandsAttributeCommon.ush" 1562
"../../../Engine/Shaders/Private/SpeedTreeCommon.ush" 1563
"../../../Engine/Shaders/Private/VirtualTextureCommon.ush" 1564
"../../../Engine/Shaders/Private/MinMaterialTexCoords.ush" 1565
"../../../Engine/Shaders/Private/AtmosphereCommon.ush" 1566
"../../../Engine/Shaders/Private/SkyAtmosphereCommon.ush" 1567
"../../../Engine/Shaders/Private/SingleLayerWaterCommon.ush" 1568
"../../../Engine/Shaders/Private/PaniniProjection.ush" 1569
"../../../Engine/Shaders/Private/DeferredShadingCommon.ush" 1570
"../../../Engine/Shaders/Private/LightAccumulator.ush" 1571
"../../../Engine/Shaders/Private/CompositeUIPixelShader.usf" 1572
"../../../Engine/Shaders/Private/TonemapCommon.ush" 1573
"../../../Engine/Shaders/Private/ACES.ush" 1574
"../../../Engine/Shaders/Private/SlateMaskingShader.usf" 1575
"../../../Engine/Shaders/Private/SlatePostProcessColorDeficiencyPixelShader.usf" 1576
"../../../Engine/Shaders/Private/ColorSpace.ush" 1577
"../../../Engine/Shaders/Private/SlatePostProcessPixelShader.usf" 1578
"../../../Engine/Shaders/Private/SlateVertexShader.usf" 1579
"../../../Engine/Shaders/Private/TranslucentLightingShaders.usf" 1580
"../../../Engine/Shaders/Private/SHCommon.ush" 1581
"../../../Engine/Shaders/Private/ShadowProjectionCommon.ush" 1582
"../../../Engine/Shaders/Private/CubemapCommon.ush" 1583
"../../../Engine/Shaders/Private/VectorFieldCompositeShaders.usf" 1584
"../../../Engine/Shaders/Private/UpdateTextureShaders.usf" 1585
"../../../Engine/Shaders/Private/StereoLayerShader.usf" 1586
"../../../Engine/Shaders/Private/MorphTargets.usf" 1587
"../../../Engine/Shaders/Private/SimpleElementColorChannelMaskPixelShader.usf" 1588
"../../../Engine/Shaders/Private/SimpleElementHitProxyPixelShader.usf" 1589
"../../../Engine/Shaders/Private/SimpleElementPixelShader.usf" 1590
"../../../Engine/Shaders/Private/IESLightProfilesCommon.ush" 1591
"../../../Engine/Shaders/Private/SimpleElementVertexShader.usf" 1592
"../../../Engine/Shaders/Private/ScreenPixelShaderOES.usf" 1593
"../../../Engine/Shaders/Private/ScreenVertexShader.usf" 1594
"../../../Engine/Shaders/Private/ScreenPixelShader.usf" 1595
"../../../Engine/Shaders/Private/VolumetricLightmapStreaming.usf" 1596
"../../../Engine/Shaders/Private/PhysicsFieldReset.usf" 1597
"../../../Engine/Shaders/Private/PhysicsFieldBuilder.usf" 1598
"../../../Engine/Shaders/Private/ParticleSortKeyGen.usf" 1599
"../../../Engine/Shaders/Private/ParticleBoundsShader.usf" 1600
"../../../Engine/Shaders/Private/ParticleSimVisualizeShader.usf" 1601
"../../../Engine/Shaders/Private/ParticleInjectionShader.usf" 1602
"../../../Engine/Shaders/Private/ParticleSimulationShader.usf" 1603
"../../../Engine/Shaders/Private/ParticleCurveInjectionShader.usf" 1604
"../../../Engine/Shaders/Private/CopyUIntBuffer.usf" 1605
"../../../Engine/Shaders/Private/RadixSortShaders.usf" 1606
"../../../Engine/Shaders/Private/RecomputeTangentsPerVertexPass.usf" 1607
"../../../Engine/Shaders/Private/RecomputeTangentsCommon.ush" 1608
"../../../Engine/Shaders/Private/RecomputeTangentsPerTrianglePass.usf" 1609
"../../../Engine/Shaders/Private/GpuSkinCacheComputeShader.usf" 1610
"../../../Engine/Shaders/Private/DistanceFieldDownsampling.usf" 1611
"../../../Engine/Shaders/Private/HeightFieldAtlasManagement.usf" 1612
"../../../Engine/Shaders/Private/LandscapePhysicalMaterial.usf" 1613
"../../../Engine/Shaders/Private/LandscapeGrassWeight.usf" 1614
"../../../Engine/Shaders/Private/LandscapeLayersCS.usf" 1615
"../../../Engine/Shaders/Private/LandscapeLayersPS.usf" 1616
"../../../Engine/Shaders/Private/LandscapeLayersVS.usf" 1617
"../../../Engine/Shaders/Private/WideCustomResolveShaders.usf" 1618
"../../../Engine/Shaders/Private/WideCustomResolve_Wide.ush" 1619
"../../../Engine/Shaders/Private/WideCustomResolve_Wider.ush" 1620
"../../../Engine/Shaders/Private/WideCustomResolve_Widest.ush" 1621
"../../../Engine/Shaders/Private/PageTableUpdate.usf" 1622
"../../../Engine/Shaders/Private/VirtualTextureCompress.usf" 1623
"../../../Engine/Shaders/Private/BCCompressionCommon.ush" 1624
"../../../Engine/Shaders/Private/ETCCompressionCommon.ush" 1625
"../../../Engine/Shaders/Private/VirtualTextureMaterial.usf" 1626
"../../../Engine/Shaders/Private/PixelShaderOutputCommon.ush" 1627
"../../../Engine/Shaders/Private/VolumetricRenderTarget.usf" 1628
"../../../Engine/Shaders/Private/SceneTextureParameters.ush" 1629
"../../../Engine/Shaders/Private/VolumetricFogVoxelization.usf" 1630
"../../../Engine/Shaders/Private/VolumetricCloudMaterialPixelCommon.ush" 1631
"../../../Engine/Shaders/Private/VolumetricFogLightFunction.usf" 1632
"../../../Engine/Shaders/Private/LightFunctionCommon.ush" 1633
"../../../Engine/Shaders/Private/VolumetricFog.usf" 1634
"../../../Engine/Shaders/Private/DeferredLightingCommon.ush" 1635
"../../../Engine/Shaders/Private/DynamicLightingCommon.ush" 1636
"../../../Engine/Shaders/Private/CapsuleLightIntegrate.ush" 1637
"../../../Engine/Shaders/Private/ShadingModels.ush" 1638
"../../../Engine/Shaders/Private/BRDF.ush" 1639
"../../../Engine/Shaders/Private/CapsuleLight.ush" 1640
"../../../Engine/Shaders/Private/RectLight.ush" 1641
"../../../Engine/Shaders/Private/TransmissionCommon.ush" 1642
"../../../Engine/Shaders/Private/SubsurfaceProfileCommon.ush" 1643
"../../../Engine/Shaders/Private/BurleyNormalizedSSSCommon.ush" 1644
"../../../Engine/Shaders/Private/HairBsdf.ush" 1645
"../../../Engine/Shaders/Private/CapsuleLightSampling.ush" 1646
"../../../Engine/Shaders/Private/RectLightIntegrate.ush" 1647
"../../../Engine/Shaders/Private/LightGridCommon.ush" 1648
"../../../Engine/Shaders/Private/HeightFogCommon.ush" 1649
"../../../Engine/Shaders/Private/DistanceFieldAOShared.ush" 1650
"../../../Engine/Shaders/Private/VolumeLightingCommon.ush" 1651
"../../../Engine/Shaders/Private/ShadowFilteringCommon.ush" 1652
"../../../Engine/Shaders/Private/PixelQuadMessagePassing.ush" 1653
"../../../Engine/Shaders/Private/VolumeLightingCommonSampling.ush" 1654
"../../../Engine/Shaders/Private/VolumetricLightmapShared.ush" 1655
"../../../Engine/Shaders/Private/ForwardShadowingCommon.ush" 1656
"../../../Engine/Shaders/Private/ParticipatingMediaCommon.ush" 1657
"../../../Engine/Shaders/Private/VolumetricCloudCommon.ush" 1658
"../../../Engine/Shaders/Private/VolumetricCloud.usf" 1659
"../../../Engine/Shaders/Private/ReflectionEnvironmentShared.ush" 1660
"../../../Engine/Shaders/Private/ShaderDrawDebug.ush" 1661
"../../../Engine/Shaders/Private/VisualizeVolumetricLightmap.usf" 1662
"../../../Engine/Shaders/Private/ViewMode/LODColorationPixelShader.usf" 1663
"../../../Engine/Shaders/Private/DebugViewModeCommon.ush" 1664
"../../../Engine/Shaders/Private/VelocityShader.usf" 1665
"../../../Engine/Shaders/Private/VelocityCommon.ush" 1666
"../../../Engine/Shaders/Private/Tessellation.ush" 1667
"../../../Engine/Shaders/Private/FlatTessellation.ush" 1668
"../../../Engine/Shaders/Private/PNTriangles.ush" 1669
"../../../Engine/Shaders/Private/VariableRateShading.usf" 1670
"../../../Engine/Shaders/Private/TranslucencyUpsampling.usf" 1671
"../../../Engine/Shaders/Private/SeparateTranslucency.ush" 1672
"../../../Engine/Shaders/Private/TranslucentLightInjectionShaders.usf" 1673
"../../../Engine/Shaders/Private/TranslucentShadowDepthShaders.usf" 1674
"../../../Engine/Shaders/Private/ShadowDepthCommon.ush" 1675
"../../../Engine/Shaders/Private/TiledDeferredLightShaders.usf" 1676
"../../../Engine/Shaders/Private/RayTracing/RayTracingTest.usf" 1677
"../../../Engine/Shaders/Private/SkyAtmosphere.usf" 1678
"../../../Engine/Shaders/Private/MiniFontCommon.ush" 1679
"../../../Engine/Shaders/Private/SingleLayerWaterComposite.usf" 1680
"../../../Engine/Shaders/Private/ReflectionEnvironmentComposite.ush" 1681
"../../../Engine/Shaders/Private/ShadowProjectionPixelShader.usf" 1682
"../../../Engine/Shaders/Private/ShadowPercentageCloserFiltering.ush" 1683
"../../../Engine/Shaders/Private/TransmissionThickness.ush" 1684
"../../../Engine/Shaders/Private/HairStrands/HairStrandsVisibilityCommon.ush" 1685
"../../../Engine/Shaders/Private/HairStrands/HairStrandsVisibilityCommonStruct.ush" 1686
"../../../Engine/Shaders/Private/ShadowProjectionVertexShader.usf" 1687
"../../../Engine/Shaders/Private/CopyShadowMaps.usf" 1688
"../../../Engine/Shaders/Private/ShadowDepthPixelShader.usf" 1689
"../../../Engine/Shaders/Private/LPVListEntry.ush" 1690
"../../../Engine/Shaders/Private/LPVWriteVplCommon.ush" 1691
"../../../Engine/Shaders/Private/LPVWriteCommon.ush" 1692
"../../../Engine/Shaders/Private/LPVCommon.ush" 1693
"../../../Engine/Shaders/Private/ShadowDepthVertexShader.usf" 1694
"../../../Engine/Shaders/Private/ShaderPrintDraw.usf" 1695
"../../../Engine/Shaders/Private/ShaderPrintCommon.ush" 1696
"../../../Engine/Shaders/Private/ShaderComplexityAccumulatePixelShader.usf" 1697
"../../../Engine/Shaders/Private/QuadOverdraw.ush" 1698
"../../../Engine/Shaders/Private/SSRT/SSRTDiffuseIndirect.usf" 1699
"../../../Engine/Shaders/Private/SSRT/SSRTRayCast.ush" 1700
"../../../Engine/Shaders/Private/SSRT/SSRTTileClassificationBuffer.ush" 1701
"../../../Engine/Shaders/Private/SSRT/SSRTReflections.usf" 1702
"../../../Engine/Shaders/Private/ScreenSpaceDenoise/SSDPublic.ush" 1703
"../../../Engine/Shaders/Private/SSRT/SSRTTileClassification.usf" 1704
"../../../Engine/Shaders/Private/SSRT/SSRTPrevFrameReduction.usf" 1705
"../../../Engine/Shaders/Private/ScreenSpaceDenoise/SSDComposeHarmonics.usf" 1706
"../../../Engine/Shaders/Private/ScreenSpaceDenoise/SSDDefinitions.ush" 1707
"../../../Engine/Shaders/Private/ScreenSpaceDenoise/SSDPublicHarmonics.ush" 1708
"../../../Engine/Shaders/Private/LightShaderParameters.ush" 1709
"../../../Engine/Shaders/Private/ScreenSpaceDenoise/SSDSignalFramework.ush" 1710
"../../../Engine/Shaders/Private/ScreenSpaceDenoise/SSDCommon.ush" 1711
"../../../Engine/Shaders/Private/SphericalGaussian.ush" 1712
"../../../Engine/Shaders/Public/WaveBroadcastIntrinsics.ush" 1713
"../../../Engine/Shaders/Private/ScreenSpaceDenoise/SSDMetadata.ush" 1714
"../../../Engine/Shaders/Private/ScreenSpaceDenoise/SSDSignalCore.ush" 1715
"../../../Engine/Shaders/Private/QuasiRandom.ush" 1716
"../../../Engine/Shaders/Private/BlueNoise.ush" 1717
"../../../Engine/Shaders/Private/Halton.ush" 1718
"../../../Engine/Shaders/Private/MortonCode.ush" 1719
"../../../Engine/Shaders/Private/ScreenSpaceDenoise/SSDSignalArray.ush" 1720
"../../../Engine/Shaders/Private/ScreenSpaceDenoise/SSDSignalBufferEncoding.ush" 1721
"../../../Engine/Shaders/Private/ScreenSpaceDenoise/SSDPublicBufferEncoding.ush" 1722
"../../../Engine/Shaders/Private/ScreenSpaceDenoise/SSDTemporalAccumulation.usf" 1723
"../../../Engine/Shaders/Private/ScreenSpaceDenoise/SSDSpatialKernel.ush" 1724
"../../../Engine/Shaders/Private/ScreenSpaceDenoise/SSDSignalAccumulatorArray.ush" 1725
"../../../Engine/Shaders/Private/ScreenSpaceDenoise/SSDSignalAccumulator.ush" 1726
"../../../Engine/Shaders/Private/ScreenSpaceDenoise/SSDSignalCompression.ush" 1727
"../../../Engine/Shaders/Private/TextureSampling.ush" 1728
"../../../Engine/Shaders/Private/ScreenSpaceDenoise/SSDSpatialAccumulation.usf" 1729
"../../../Engine/Shaders/Private/ScreenSpaceDenoise/SSDInjest.usf" 1730
"../../../Engine/Shaders/Private/ScreenSpaceDenoise/SSDCompressMetadata.usf" 1731
"../../../Engine/Shaders/Private/DownsampleDepthPixelShader.usf" 1732
"../../../Engine/Shaders/Private/ScreenPass.usf" 1733
"../../../Engine/Shaders/Private/HZB.usf" 1734
"../../../Engine/Shaders/Private/ReductionCommon.ush" 1735
"../../../Engine/Shaders/Private/HZBOcclusion.usf" 1736
"../../../Engine/Shaders/Private/OcclusionQueryPixelShader.usf" 1737
"../../../Engine/Shaders/Private/OcclusionQueryVertexShader.usf" 1738
"../../../Engine/Shaders/Private/HitProxyPixelShader.usf" 1739
"../../../Engine/Shaders/Private/HitProxyVertexShader.usf" 1740
"../../../Engine/Shaders/Private/ODSCapture.usf" 1741
"../../../Engine/Shaders/Private/SceneCapturePixelShader.usf" 1742
"../../../Engine/Shaders/Private/RequiredTextureResolutionPixelShader.usf" 1743
"../../../Engine/Shaders/Private/RTWriteMaskDecode.usf" 1744
"../../../Engine/Shaders/Private/ReflectionEnvironmentShaders.usf" 1745
"../../../Engine/Shaders/Private/SkyLightingShared.ush" 1746
"../../../Engine/Shaders/Private/RayTracing/VisualizeSkyLightMipTreePS.usf" 1747
"../../../Engine/Shaders/Private/RayTracing/MipTreeCommon.ush" 1748
"../../../Engine/Shaders/Private/RayTracing/CompositeSkyLightPS.usf" 1749
"../../../Engine/Shaders/Private/RayTracing/GenerateSkyLightVisibilityRaysCS.usf" 1750
"../../../Engine/Shaders/Private/RayTracing/RayTracingSkyLightCommon.ush" 1751
"../../../Engine/Shaders/Private/RayTracing/SkyLightVisibilityRaysData.ush" 1752
"../../../Engine/Shaders/Private/PathTracing/Utilities/PathTracingRandomSequence.ush" 1753
"../../../Engine/Shaders/Private/Raytracing/RaytracingSkylightRGS.usf" 1754
"../../../Engine/Shaders/Private/HairStrands/HairStrandsVoxelPageCommonStruct.ush" 1755
"../../../Engine/Shaders/Private/HairStrands/HairStrandsRaytracing.ush" 1756
"../../../Engine/Shaders/Private/HairStrands/HairStrandsVoxelPageCommon.ush" 1757
"../../../Engine/Shaders/Private/HairStrands/HairStrandsVoxelPageTraversal.ush" 1758
"../../../Engine/Shaders/Private/Raytracing/RayTracingSkyLightEvaluation.ush" 1759
"../../../Engine/Shaders/Private/Raytracing/RayTracingDeferredShadingCommon.ush" 1760
"../../../Engine/Shaders/Private/RayTracing/RayTracingOcclusionRGS.usf" 1761
"../../../Engine/Shaders/Private/RayTracing/RayTracingDirectionalLight.ush" 1762
"../../../Engine/Shaders/Private/RayTracing/RayTracingRectLight.ush" 1763
"../../../Engine/Shaders/Private/RayTracing/RayTracingSphereLight.ush" 1764
"../../../Engine/Shaders/Private/RayTracing/RayTracingSpotLight.ush" 1765
"../../../Engine/Shaders/Private/RayTracing/RayTracingDiskLight.ush" 1766
"../../../Engine/Shaders/Private/RayTracing/RayTracingPointLight.ush" 1767
"../../../Engine/Shaders/Private/RayTracing/SplitImaginaryReflectionGBufferCS.usf" 1768
"../../../Engine/Shaders/Private/RayTracing/RayTracingReflectionsCommon.ush" 1769
"../../../Engine/Shaders/Private/RayTracing/RayTracingReflections.usf" 1770
"../../../Engine/Shaders/Private/RayTracing/RayTracingLightingCommon.ush" 1771
"../../../Engine/Shaders/Private/RayTracing/RayTracingLightCullingCommon.ush" 1772
"../../../Engine/Shaders/Private/RayTracing/RayTracingReflectionEnvironment.ush" 1773
"../../../Engine/Shaders/Private/RayTracing/RayTracingPrimaryRays.usf" 1774
"../../../Engine/Shaders/Private/RayTracing/RayTracingMaterialDefaultHitShaders.usf" 1775
"../../../Engine/Shaders/Private/RayTracing/RayTracingMaterialHitShaders.usf" 1776
"../../../Engine/Shaders/Private/LightmapCommon.ush" 1777
"../../../Engine/Shaders/Private/PathTracing/Material/PathTracingFresnel.ush" 1778
"../../../Engine/Shaders/Private/PathTracing/Material/PathTracingThinGlass.ush" 1779
"../../../Engine/Shaders/Private/PathTracing/Material/PathTracingMaterialCommon.ush" 1780
"../../../Engine/Shaders/Private/PathTracing/PathTracingCommon.ush" 1781
"../../../Engine/Shaders/Private/PathTracing/PathTracingDefinitions.ush" 1782
"../../../Engine/Shaders/Private/PathTracing/Material/PathTracingGlossy.ush" 1783
"../../../Engine/Shaders/Private/RayTracing/RayTracingLightingMS.usf" 1784
"../../../Engine/Shaders/Private/RayTracing/GenerateCulledLightListCS.usf" 1785
"../../../Engine/Shaders/Private/RayTracing/RayTracingFinalGatherRGS.usf" 1786
"../../../Engine/Shaders/Private/RayTracing/RayTracingGatherPoints.ush" 1787
"../../../Engine/Shaders/Private/PathTracing/Light/PathTracingLightSampling.ush" 1788
"../../../Engine/Shaders/Private/PathTracing/Light/PathTracingLightCommon.ush" 1789
"../../../Engine/Shaders/Shared/RayTracingTypes.h" 1790
"../../../Engine/Shaders/Shared/PathTracingDefinitions.h" 1791
"../../../Engine/Shaders/Private/PathTracing/Light/PathTracingDirectionalLight.ush" 1792
"../../../Engine/Shaders/Private/PathTracing/Light/PathTracingPointLight.ush" 1793
"../../../Engine/Shaders/Private/PathTracing/Light/PathTracingCapsuleLight.ush" 1794
"../../../Engine/Shaders/Private/PathTracing/Light/PathTracingRectLight.ush" 1795
"../../../Engine/Shaders/Private/PathTracing/Light/PathTracingSkyLight.ush" 1796
"../../../Engine/Shaders/Private/PathTracing/Light/PathTracingSpotLight.ush" 1797
"../../../Engine/Shaders/Private/PathTracing/Material/PathTracingMaterialSampling.ush" 1798
"../../../Engine/Shaders/Private/PathTracing/Material/PathTracingLambert.ush" 1799
"../../../Engine/Shaders/Private/PathTracing/Material/PathTracingRadianceProbe.ush" 1800
"../../../Engine/Shaders/Private/PathTracing/Material/FirstBounceRayGuidingCommon.ush" 1801
"../../../Engine/Shaders/Private/PathTracing/Material/PathTracingSpecularReflection.ush" 1802
"../../../Engine/Shaders/Private/PathTracing/Material/PathTracingSpecularTransmission.ush" 1803
"../../../Engine/Shaders/Private/PathTracing/Material/PathTracingSolidGlass.ush" 1804
"../../../Engine/Shaders/Private/PathTracing/Material/PathTracingDefaultLit.ush" 1805
"../../../Engine/Shaders/Private/PathTracing/Material/PathTracingClearCoat.ush" 1806
"../../../Engine/Shaders/Private/PathTracing/Material/PathTracingTwoSidedFoliage.ush" 1807
"../../../Engine/Shaders/Private/PathTracing/Material/PathTracingCloth.ush" 1808
"../../../Engine/Shaders/Private/PathTracing/Material/PathTracingSubsurfaceProfile.ush" 1809
"../../../Engine/Shaders/Private/RayTracing/RayTracingCreateGatherPointsRGS.usf" 1810
"../../../Engine/Shaders/Private/RayTracing/RayTracingGlobalIlluminationRGS.usf" 1811
"../../../Engine/Shaders/Private/RayTracing/RayTracingDynamicMesh.usf" 1812
"../../../Engine/Shaders/Private/RayTracing/RayTracingDeferredReflections.usf" 1813
"../../../Engine/Shaders/Private/RayTracing/RayTracingDeferredMaterials.ush" 1814
"../../../Engine/Shaders/Shared/ThirdParty/AMD/ags_shader_intrinsics_dx12.h" 1815
"../../../Engine/Shaders/Private/RayTracing/RayTracingDeferredReflections.ush" 1816
"../../../Engine/Shaders/Private/RayTracing/RayTracingReflectionResolve.usf" 1817
"../../../Engine/Shaders/Private/RayTracing/RayTracingReflectionsGenerateRaysCS.usf" 1818
"../../../Engine/Shaders/Private/RayTracing/MaterialSort.usf" 1819
"../../../Engine/Shaders/Private/RayTracing/RayTracingDeferredMaterials.usf" 1820
"../../../Engine/Shaders/Private/RayTracing/RayTracingDebug.usf" 1821
"../../../Engine/Shaders/Shared/RayTracingDebugDefinitions.h" 1822
"../../../Engine/Shaders/Private/RayTracing/RayTracingBarycentrics.usf" 1823
"../../../Engine/Shaders/Private/RayTracing/RayTracingAmbientOcclusionRGS.usf" 1824
"../../../Engine/Shaders/Private/PrimitiveDistanceAccuracyPixelShader.usf" 1825
"../../../Engine/Shaders/Private/VisualizeShadingModels.usf" 1826
"../../../Engine/Shaders/Private/PostProcessCommon.ush" 1827
"../../../Engine/Shaders/Private/TemporalAA/TAAUpdateHistory.usf" 1828
"../../../Engine/Shaders/Private/TemporalAA/TAACommon.ush" 1829
"../../../Engine/Shaders/Private/TemporalAA/TAADilateRejection.usf" 1830
"../../../Engine/Shaders/Private/TemporalAA/TAACompareHistory.usf" 1831
"../../../Engine/Shaders/Private/TemporalAA/TAAFilterFrequencies.usf" 1832
"../../../Engine/Shaders/Private/TemporalAA/TAADecimateHistory.usf" 1833
"../../../Engine/Shaders/Private/TemporalAA/TAADilateVelocity.usf" 1834
"../../../Engine/Shaders/Private/TemporalAA/TAAClearPrevTextures.usf" 1835
"../../../Engine/Shaders/Private/TemporalAA/TAAStandalone.usf" 1836
"../../../Engine/Shaders/Private/FilterPixelShader.usf" 1837
"../../../Engine/Shaders/Private/ScreenPass.ush" 1838
"../../../Engine/Shaders/Private/FilterVertexShader.usf" 1839
"../../../Engine/Shaders/Private/PostProcessVisualizeHDR.usf" 1840
"../../../Engine/Shaders/Private/PostProcessHistogramCommon.ush" 1841
"../../../Engine/Shaders/Private/ShaderComplexityApplyPixelShader.usf" 1842
"../../../Engine/Shaders/Private/PostProcessVisualizeBuffer.usf" 1843
"../../../Engine/Shaders/Private/PostProcessUpscale.usf" 1844
"../../../Engine/Shaders/Private/PostProcessTonemap.usf" 1845
"../../../Engine/Shaders/Private/PostProcessTestImage.usf" 1846
"../../../Engine/Shaders/Private/PostProcessSubsurface.usf" 1847
"../../../Engine/Shaders/Private/SeparableSSS.ush" 1848
"../../../Engine/Shaders/Private/SubsurfaceBurleyNormalized.ush" 1849
"../../../Engine/Shaders/Private/PostProcessSelectionOutline.usf" 1850
"../../../Engine/Shaders/Private/PostProcessPixelProjectedReflectionMobile.usf" 1851
"../../../Engine/Shaders/Private/PostProcessNoiseBlur.usf" 1852
"../../../Engine/Shaders/Private/PostProcessMotionBlur.usf" 1853
"../../../Engine/Shaders/Private/PostProcessVelocityFlatten.usf" 1854
"../../../Engine/Shaders/Private/PostProcessMobile.usf" 1855
"../../../Engine/Shaders/Private/PostProcessMitchellNetravali.usf" 1856
"../../../Engine/Shaders/Private/PostProcessMaterialShaders.usf" 1857
"../../../Engine/Shaders/Private/PostProcessLensFlares.usf" 1858
"../../../Engine/Shaders/Private/ComposeSeparateTranslucency.usf" 1859
"../../../Engine/Shaders/Private/PostProcessHMD.usf" 1860
"../../../Engine/Shaders/Private/PostProcessHistogramReduce.usf" 1861
"../../../Engine/Shaders/Private/PostProcessHistogram.usf" 1862
"../../../Engine/Shaders/Private/PostProcessGBufferHints.usf" 1863
"../../../Engine/Shaders/Private/PostProcessFFTBloom.usf" 1864
"../../../Engine/Shaders/Private/PostProcessEyeAdaptation.usf" 1865
"../../../Engine/Shaders/Private/PostProcessDownsample.usf" 1866
"../../../Engine/Shaders/Private/PostProcessDOF.usf" 1867
"../../../Engine/Shaders/Private/PostProcessDeviceEncodingOnly.usf" 1868
"../../../Engine/Shaders/Private/PostProcessCompositeEditorPrimitives.usf" 1869
"../../../Engine/Shaders/Private/PostProcessCombineLUTs.usf" 1870
"../../../Engine/Shaders/Private/PostProcessVisualizeDOF.usf" 1871
"../../../Engine/Shaders/Private/PostProcessBloom.usf" 1872
"../../../Engine/Shaders/Private/PostProcessAmbientOcclusionMobile.usf" 1873
"../../../Engine/Shaders/Private/PostProcessAmbientOcclusionCommon.ush" 1874
"../../../Engine/Shaders/Private/FXAAShader.usf" 1875
"../../../Engine/Shaders/Private/Fxaa3_11.ush" 1876
"../../../Engine/Shaders/Private/DiaphragmDOF/DOFRecombine.usf" 1877
"../../../Engine/Shaders/Private/DiaphragmDOF/DOFCommon.ush" 1878
"../../../Engine/Shaders/Private/DiaphragmDOF/DOFHybridScatterPixelShader.usf" 1879
"../../../Engine/Shaders/Private/DiaphragmDOF/DOFHybridScatterCommon.ush" 1880
"../../../Engine/Shaders/Private/DiaphragmDOF/DOFHybridScatterVertexShader.usf" 1881
"../../../Engine/Shaders/Private/DiaphragmDOF/DOFPostfiltering.usf" 1882
"../../../Engine/Shaders/Private/DiaphragmDOF/DOFGatherTileSuggest.ush" 1883
"../../../Engine/Shaders/Private/DiaphragmDOF/DOFCocTileCommon.ush" 1884
"../../../Engine/Shaders/Private/DiaphragmDOF/DOFGatherPass.usf" 1885
"../../../Engine/Shaders/Private/DiaphragmDOF/DOFGatherCommon.ush" 1886
"../../../Engine/Shaders/Private/DiaphragmDOF/DOFGatherAccumulator.ush" 1887
"../../../Engine/Shaders/Private/DiaphragmDOF/DOFGatherKernel.ush" 1888
"../../../Engine/Shaders/Private/DiaphragmDOF/DOFBokehLUT.usf" 1889
"../../../Engine/Shaders/Private/DiaphragmDOF/DOFHybridScatterCompilation.usf" 1890
"../../../Engine/Shaders/Private/DiaphragmDOF/DOFReduce.usf" 1891
"../../../Engine/Shaders/Private/DiaphragmDOF/DOFDownsample.ush" 1892
"../../../Engine/Shaders/Private/DiaphragmDOF/DOFHybridScatterCompilation.ush" 1893
"../../../Engine/Shaders/Private/DiaphragmDOF/DOFDownsample.usf" 1894
"../../../Engine/Shaders/Private/DiaphragmDOF/DOFCocTileDilate.usf" 1895
"../../../Engine/Shaders/Private/DiaphragmDOF/DOFCocTileFlatten.usf" 1896
"../../../Engine/Shaders/Private/DiaphragmDOF/DOFSetup.usf" 1897
"../../../Engine/Shaders/Private/PlanarReflectionShaders.usf" 1898
"../../../Engine/Shaders/Private/PlanarReflectionShared.ush" 1899
"../../../Engine/Shaders/Private/PathTracing/PathTracingCompositingPixelShader.usf" 1900
"../../../Engine/Shaders/Private/PathTracing/PathTracingIESAtlas.usf" 1901
"../../../Engine/Shaders/Private/PathTracing/PathTracing.usf" 1902
"../../../Engine/Shaders/Private/PathTracing/Light/PathTracingLightGrid.ush" 1903
"../../../Engine/Shaders/Private/PathTracing/PathTracingCamera.ush" 1904
"../../../Engine/Shaders/Private/PathTracing/Sensor/PathTracingPinholeCamera.ush" 1905
"../../../Engine/Shaders/Private/PathTracing/PathTracingBuildLightGrid.usf" 1906
"../../../Engine/Shaders/Private/PathTracing/PathTracingSkylightMISCompensation.usf" 1907
"../../../Engine/Shaders/Private/PathTracing/PathTracingSkylightPrepare.usf" 1908
"../../../Engine/Shaders/Private/MobileSceneCapture.usf" 1909
"../../../Engine/Shaders/Private/DistortApplyScreenPS.usf" 1910
"../../../Engine/Shaders/Private/MobileDeferredShading.usf" 1911
"../../../Engine/Shaders/Private/MobileShadingModels.ush" 1912
"../../../Engine/Shaders/Private/MobileGGX.ush" 1913
"../../../Engine/Shaders/Private/MobileBasePassPixelShader.usf" 1914
"../../../Engine/Shaders/Private/MobileBasePassCommon.ush" 1915
"../../../Engine/Shaders/Private/SingleLayerWaterShading.ush" 1916
"../../../Engine/Shaders/Private/DistortionCommon.ush" 1917
"../../../Engine/Shaders/Private/MobileBasePassVertexShader.usf" 1918
"../../../Engine/Shaders/Private/MeshTexCoordSizeAccuracyPixelShader.usf" 1919
"../../../Engine/Shaders/Private/MaterialTexCoordScalesPixelShader.usf" 1920
"../../../Engine/Shaders/Private/LightShaftShader.usf" 1921
"../../../Engine/Shaders/Private/StationaryLightOverlapShaders.usf" 1922
"../../../Engine/Shaders/Private/DeferredLightPixelShaders.usf" 1923
"../../../Engine/Shaders/Private/HairStrands/HairStrandsCommon.ush" 1924
"../../../Engine/Shaders/Private/HairStrands/HairStrandsDeepTransmittanceCommon.ush" 1925
"../../../Engine/Shaders/Private/HairStrands/HairStrandsDeepTransmittanceDualScattering.ush" 1926
"../../../Engine/Shaders/Private/DeferredLightVertexShaders.usf" 1927
"../../../Engine/Shaders/Private/LPVVisualise.usf" 1928
"../../../Engine/Shaders/Private/LPVGeometryVolumeCommon.ush" 1929
"../../../Engine/Shaders/Private/LPVDirectLightInject.usf" 1930
"../../../Engine/Shaders/Private/LPVPropagate.usf" 1931
"../../../Engine/Shaders/Private/LPVPacking.ush" 1932
"../../../Engine/Shaders/Private/LPVBuildGeometryVolume.usf" 1933
"../../../Engine/Shaders/Private/LPVDirectionalOcclusion.usf" 1934
"../../../Engine/Shaders/Private/LPVInject_AccumulateVplLists.usf" 1935
"../../../Engine/Shaders/Private/LPVInject_GenerateVplLists.usf" 1936
"../../../Engine/Shaders/Private/LPVClearLists.usf" 1937
"../../../Engine/Shaders/Private/LPVClear.usf" 1938
"../../../Engine/Shaders/Private/LightMapDensityShader.usf" 1939
"../../../Engine/Shaders/Private/LightGridInjection.usf" 1940
"../../../Engine/Shaders/Private/LightFunctionPixelShader.usf" 1941
"../../../Engine/Shaders/Private/LightFunctionVertexShader.usf" 1942
"../../../Engine/Shaders/Private/ReflectionEnvironmentPixelShader.usf" 1943
"../../../Engine/Shaders/Private/AmbientCubemapComposite.usf" 1944
"../../../Engine/Shaders/Private/DiffuseIndirectComposite.usf" 1945
"../../../Engine/Shaders/Private/HeightfieldLighting.usf" 1946
"../../../Engine/Shaders/Private/DistanceFieldLightingShared.ush" 1947
"../../../Engine/Shaders/Private/DistanceFieldShadowingShared.ush" 1948
"../../../Engine/Shaders/Private/HeightfieldLightingShared.ush" 1949
"../../../Engine/Shaders/Private/HdrCustomResolveShaders.usf" 1950
"../../../Engine/Shaders/Private/HairStrands/HairStrandsVoxelMip.usf" 1951
"../../../Engine/Shaders/Private/HairStrands/HairStrandsVoxelRasterCompute.usf" 1952
"../../../Engine/Shaders/Private/HairStrands/HairStrandsVoxelPageAllocation.usf" 1953
"../../../Engine/Shaders/Private/Matrices.ush" 1954
"../../../Engine/Shaders/Private/HairStrands/HairStrandsAABBCommon.ush" 1955
"../../../Engine/Shaders/Private/HairStrands/HairStrandsVoxelOpaque.usf" 1956
"../../../Engine/Shaders/Private/HairStrands/HairStrandsVisibilityRasterCompute.usf" 1957
"../../../Engine/Shaders/Shared/ThirdParty/NVIDIA/nvHLSLExtns.h" 1958
"../../../Engine/Shaders/Shared/ThirdParty/NVIDIA/nvHLSLExtnsInternal.h" 1959
"../../../Engine/Shaders/Shared/ThirdParty/NVIDIA/nvShaderExtnEnums.h" 1960
"../../../Engine/Shaders/Shared/ThirdParty/AMD/ags_shader_intrinsics_dx11.h" 1961
"../../../Engine/Shaders/Private/HairStrands/HairStrandsCoverage.usf" 1962
"../../../Engine/Shaders/Private/HairStrands/HairStrandsVisibilityDepthPS.usf" 1963
"../../../Engine/Shaders/Private/HairStrands/HairStrandsVisibilityTransmittanceDepthPS.usf" 1964
"../../../Engine/Shaders/Private/HairStrands/HairStrandsVisibilityFillOpaqueDepthPS.usf" 1965
"../../../Engine/Shaders/Private/HairStrands/HairStrandsVisibilityTile.usf" 1966
"../../../Engine/Shaders/Private/HairStrands/HairStrandsVisibilityCompactionComputeRaster.usf" 1967
"../../../Engine/Shaders/Private/HairStrands/HairStrandsVisibilityCompaction.usf" 1968
"../../../Engine/Shaders/Private/HairStrands/HairStrandsVisibilityCopyIndirectArg.usf" 1969
"../../../Engine/Shaders/Private/HairStrands/HairStrandsVisibilityClearPS.usf" 1970
"../../../Engine/Shaders/Private/HairStrands/HairStrandsVisibilityPS.usf" 1971
"../../../Engine/Shaders/Private/HairStrands/HairStrandsVisibilityVS.usf" 1972
"../../../Engine/Shaders/Private/HairStrands/HairStrandsLightChannelMask.usf" 1973
"../../../Engine/Shaders/Private/HairStrands/HairStrandsVelocity.usf" 1974
"../../../Engine/Shaders/Private/HairStrands/HairStrandsVisibilityComputeSampleCoverage.usf" 1975
"../../../Engine/Shaders/Private/HairStrands/HairStrandsMaterialPS.usf" 1976
"../../../Engine/Shaders/Private/HairStrands/HairStrandsMaterialCommon.ush" 1977
"../../../Engine/Shaders/Private/HairStrands/HairStrandsMaterialVS.usf" 1978
"../../../Engine/Shaders/Private/HairStrands/HairStrandsMaterialGBufferPS.usf" 1979
"../../../Engine/Shaders/Private/HairStrands/HairStrandsGBufferCommon.ush" 1980
"../../../Engine/Shaders/Private/HairStrands/HairStrandsMaterialGBufferVS.usf" 1981
"../../../Engine/Shaders/Private/HairStrands/HairStrandsLightSample.usf" 1982
"../../../Engine/Shaders/Private/HairStrands/HairStrandsDeepShadowMask.usf" 1983
"../../../Engine/Shaders/Private/HairStrands/HairStrandsDeepShadowCommonStruct.ush" 1984
"../../../Engine/Shaders/Private/HairStrands/HairStrandsDebugCommon.ush" 1985
"../../../Engine/Shaders/Private/HairStrands/HairStrandsDeepShadowCommon.ush" 1986
"../../../Engine/Shaders/Private/HairStrands/HairStrandsDeepTransmittanceMask.usf" 1987
"../../../Engine/Shaders/Private/HairStrands/HairScatter.usf" 1988
"../../../Engine/Shaders/Private/HairStrands/HairScatterCompose.usf" 1989
"../../../Engine/Shaders/Private/HairStrands/HairStrandsDeepShadowPS.usf" 1990
"../../../Engine/Shaders/Private/HairStrands/HairStrandsDeepShadowVS.usf" 1991
"../../../Engine/Shaders/Private/HairStrands/HairStrandsLUT.usf" 1992
"../../../Engine/Shaders/Private/HairStrands/HairStrandsEnvironmentLighting.usf" 1993
"../../../Engine/Shaders/Private/HairStrands/HairStrandsEnvironmentLightingCommon.ush" 1994
"../../../Engine/Shaders/Private/HairStrands/HairStrandsDebugCommonStruct.ush" 1995
"../../../Engine/Shaders/Private/HairStrands/HairStrandsEnvironmentAO.usf" 1996
"../../../Engine/Shaders/Private/HairStrands/HairStrandsDeepShadowAllocation.usf" 1997
"../../../Engine/Shaders/Private/HairStrands/HairStrandsVoxelDepthInjection.usf" 1998
"../../../Engine/Shaders/Private/HairStrands/HairStrandsClusterCulling.usf" 1999
"../../../Engine/Shaders/Private/HairStrands/HairStrandsClusterCommon.ush" 2000
"../../../Engine/Shaders/Private/HairStrands/HairStrandsVisibilityPPLLDebug.usf" 2001
"../../../Engine/Shaders/Private/HairStrands/HairStrandsBsdfPlot.usf" 2002
"../../../Engine/Shaders/Private/HairStrands/HairStrandsVoxelPageRayMarching.usf" 2003
"../../../Engine/Shaders/Private/HairStrands/HairStrandsDeepShadowDebug.usf" 2004
"../../../Engine/Shaders/Private/HairStrands/HairStrandsDebug.usf" 2005
"../../../Engine/Shaders/Private/HairStrands/HairStrandsDebugPrint.usf" 2006
"../../../Engine/Shaders/Private/HairStrands/HairStrandsGBufferWrite.usf" 2007
"../../../Engine/Shaders/Private/HairStrands/HairStrandsVisibilityComposeSubPixelPS.usf" 2008
"../../../Engine/Shaders/Private/HairStrands/HairStrandsAABB.usf" 2009
"../../../Engine/Shaders/Private/GPUFastFourierTransform.usf" 2010
"../../../Engine/Shaders/Private/GPUFastFourierTransform2DCore.ush" 2011
"../../../Engine/Shaders/Private/GPUFastFourierTransformCore.ush" 2012
"../../../Engine/Shaders/Private/ShaderDrawDebug.usf" 2013
"../../../Engine/Shaders/Private/GPUBenchmark.usf" 2014
"../../../Engine/Shaders/Private/GlobalDistanceField.usf" 2015
"../../../Engine/Shaders/Private/GammaCorrection.usf" 2016
"../../../Engine/Shaders/Private/HeightFogPixelShader.usf" 2017
"../../../Engine/Shaders/Private/HeightFogVertexShader.usf" 2018
"../../../Engine/Shaders/Private/DistortAccumulatePS.usf" 2019
"../../../Engine/Shaders/Private/DistortAccumulateVS.usf" 2020
"../../../Engine/Shaders/Private/DistanceFieldVisualization.usf" 2021
"../../../Engine/Shaders/Private/DistanceFieldShadowing.usf" 2022
"../../../Engine/Shaders/Private/DistanceFieldScreenGridLighting.usf" 2023
"../../../Engine/Shaders/Private/DistanceFieldObjectCulling.usf" 2024
"../../../Engine/Shaders/Private/DistanceFieldLightingPost.usf" 2025
"../../../Engine/Shaders/Private/DitheredTransitionStencil.usf" 2026
"../../../Engine/Shaders/Private/DepthOnlyPixelShader.usf" 2027
"../../../Engine/Shaders/Private/DepthOnlyVertexShader.usf" 2028
"../../../Engine/Shaders/Private/PositionOnlyDepthVertexShader.usf" 2029
"../../../Engine/Shaders/Private/DeferredDecal.usf" 2030
"../../../Engine/Shaders/Private/DecalCommon.ush" 2031
"../../../Engine/Shaders/Private/DBufferDecalShared.ush" 2032
"../../../Engine/Shaders/Private/DebugViewModeVertexShader.usf" 2033
"../../../Engine/Shaders/Private/PostProcessPassThrough.usf" 2034
"../../../Engine/Shaders/Private/MeshDecals.usf" 2035
"../../../Engine/Shaders/Private/PostProcessLpvIndirect.usf" 2036
"../../../Engine/Shaders/Private/LPVFinalPass.ush" 2037
"../../../Engine/Shaders/Private/PostProcessAmbientOcclusion.usf" 2038
"../../../Engine/Shaders/Private/ClusteredDeferredShadingPixelShader.usf" 2039
"../../../Engine/Shaders/Private/CapsuleShadowShaders.usf" 2040
"../../../Engine/Shaders/Private/BasePassPixelShader.usf" 2041
"../../../Engine/Shaders/Private/BasePassCommon.ush" 2042
"../../../Engine/Shaders/Private/ShadingModelsMaterial.ush" 2043
"../../../Engine/Shaders/Private/ThinTranslucentCommon.ush" 2044
"../../../Engine/Shaders/Private/ForwardLightingCommon.ush" 2045
"../../../Engine/Shaders/Private/BasePassTessellationShaders.usf" 2046
"../../../Engine/Shaders/Private/BasePassVertexCommon.ush" 2047
"../../../Engine/Shaders/Private/BasePassVertexShader.usf" 2048
"../../../Engine/Shaders/Private/AtmospherePrecomputeInscatter.usf" 2049
"../../../Engine/Shaders/Private/AtmospherePrecomputeCommon.ush" 2050
"../../../Engine/Shaders/Private/AtmospherePrecompute.usf" 2051
"../../../Engine/Shaders/Private/AtmosphericFogShader.usf" 2052
"../../../Engine/Shaders/Private/AnisotropyPassShader.usf" 2053
"../../../Engine/Shaders/Private/SimpleElementVolumeTexturePreviewPixelShader.usf" 2054
"../../../Engine/Shaders/Private/SimpleElementTexture2DPreviewPixelShader.usf" 2055
"../../../Engine/Shaders/Private/SimpleElementNormalMapPixelShader.usf" 2056
"../../../Engine/Shaders/Private/meshpaintdilatepixelshader.usf" 2057
"../../../Engine/Shaders/Private/meshpaintdilatevertexshader.usf" 2058
"../../../Engine/Shaders/Private/MeshPaintPixelShader.usf" 2059
"../../../Engine/Shaders/Private/MeshPaintVertexShader.usf" 2060
"../../../Engine/Shaders/Private/Tools/VisualizeTexture.usf" 2061
"../../../Engine/Shaders/Private/ByteBuffer.usf" 2062
"../../../Engine/Shaders/Private/ResolveVertexShader.usf" 2063
"../../../Engine/Shaders/Private/ResolvePixelShader.usf" 2064
"../../../Engine/Shaders/Private/Tools/ClearUAV.usf" 2065
"../../../Engine/Shaders/Private/ClearReplacementShaders.usf" 2066
"../../../Engine/Shaders/Private/Raytracing/RayTracingInstanceCopy.usf" 2067
"../../../Engine/Shaders/Private/RenderGraphUtilities.usf" 2068
"../../../Engine/Shaders/Private/OneColorShader.usf" 2069
"../../../Engine/Shaders/Private/OculusShaders.usf" 2070
"../../../Engine/Shaders/Private/MediaShaders.usf" 2071
"../../../Engine/Shaders/Private/NullPixelShader.usf" 2072
"../../../Engine/Shaders/Private/ComputeGenerateMips.usf" 2073
"../../../Engine/Shaders/Private/CopyTextureShaders.usf" 2074
"../../../Engine/Shaders/Private/Tools/FullscreenVertexShader.usf" 2075
"../../../Engine/Shaders/Private/RayTracing/RayTracingBuiltInShaders.usf" 2076
"C:/Users/dws24/AppData/Local/UnrealEngine/4.27/DerivedDataCache/Boot.ddc" 2077
"../../../Engine/DerivedDataCache/Compressed.ddp" 2078
"C:/Users/dws24/AppData/Local/UnrealEngine/Common/DerivedDataCache/TestData/0/TestData_4kb.dat" 2079
"C:/Users/dws24/AppData/Local/UnrealEngine/Common/DerivedDataCache/TestData/1/TestData_4kb.dat" 2080
"C:/Users/dws24/AppData/Local/UnrealEngine/Common/DerivedDataCache/TestData/0/TestData_8kb.dat" 2081
"C:/Users/dws24/AppData/Local/UnrealEngine/Common/DerivedDataCache/TestData/1/TestData_8kb.dat" 2082
"C:/Users/dws24/AppData/Local/UnrealEngine/Common/DerivedDataCache/TestData/0/TestData_16kb.dat" 2083
"C:/Users/dws24/AppData/Local/UnrealEngine/Common/DerivedDataCache/TestData/1/TestData_16kb.dat" 2084
"C:/Users/dws24/AppData/Local/UnrealEngine/Common/DerivedDataCache/TestData/0/TestData_64kb.dat" 2085
"C:/Users/dws24/AppData/Local/UnrealEngine/Common/DerivedDataCache/TestData/1/TestData_64kb.dat" 2086
"C:/Users/dws24/AppData/Local/UnrealEngine/Common/DerivedDataCache/TestData/0/TestData_128kb.dat" 2087
"C:/Users/dws24/AppData/Local/UnrealEngine/Common/DerivedDataCache/TestData/1/TestData_128kb.dat" 2088
"C:/Users/dws24/AppData/Local/UnrealEngine/Common/DerivedDataCache/TestData/0/TestData_256kb.dat" 2089
"C:/Users/dws24/AppData/Local/UnrealEngine/Common/DerivedDataCache/TestData/1/TestData_256kb.dat" 2090
"../../../Engine/Content/EditorResources/S_Actor.uasset" 2091
"../../../Engine/Content/EngineResources/WhiteSquareTexture.uasset" 2092
"../../../Engine/Content/EngineResources/GradientTexture0.uasset" 2093
"../../../Engine/Content/EngineResources/Black.uasset" 2094
"../../../Engine/Content/EngineMeshes/Sphere.uasset" 2095
"../../../Engine/Content/EditorMaterials/MatineeGroups/MAT_Groups_Float.uasset" 2096
"../../../Engine/Content/EditorMaterials/MatineeGroups/MAT_Groups_Anim.uasset" 2097
"../../../Engine/Content/EditorMaterials/MatineeGroups/MAT_Groups_AudioMaster.uasset" 2098
"../../../Engine/Content/EditorMaterials/MatineeGroups/MAT_ColorTrack.uasset" 2099
"../../../Engine/Content/EditorMaterials/MatineeGroups/MAT_Groups_Fade.uasset" 2100
"../../../Engine/Content/EditorMaterials/MatineeGroups/MAT_Groups_Director.uasset" 2101
"../../../Engine/Content/EditorMaterials/MatineeGroups/MAT_Groups_Event.uasset" 2102
"../../../Engine/Content/EditorMaterials/MatineeGroups/MAT_Groups_Move.uasset" 2103
"../../../Engine/Content/EditorMaterials/MatineeGroups/MAT_Groups_Slomo.uasset" 2104
"../../../Engine/Content/EditorMaterials/MatineeGroups/MAT_Groups_Sound.uasset" 2105
"../../../Engine/Content/EditorMaterials/MAT_Groups_Toggle.uasset" 2106
"../../../Engine/Content/EditorMaterials/MatineeGroups/MAT_Groups_Vector.uasset" 2107
"../../../Engine/Content/EditorMaterials/MAT_Groups_Visibility.uasset" 2108
"../../../Engine/Content/EngineResources/DefaultTexture.uasset" 2109
"../../../Engine/Content/EngineResources/DefaultTextureCube.uasset" 2110
"../../../Engine/Content/EngineResources/DefaultVolumeTexture.uasset" 2111
"../../../Engine/Content/EngineResources/DefaultVolumeTexture2D.uasset" 2112
"../../../Engine/Content/EngineFonts/RobotoDistanceField.uasset" 2113
"../../../Engine/Content/EngineMaterials/DefaultTextMaterialOpaque.uasset" 2114
"../../../Engine/Content/Functions/Engine_MaterialFunctions01/Shading/PowerToRoughness.uasset" 2115
"../../../Engine/Content/Functions/Engine_MaterialFunctions01/Shading/ConvertFromDiffSpec.uasset" 2116
"../../../Engine/Content/EngineMaterials/WorldGridMaterial.uasset" 2117
"../../../Engine/Content/Functions/Engine_MaterialFunctions01/Opacity/CameraDepthFade.uasset" 2118
"../../../Engine/Content/EngineMaterials/T_Default_Material_Grid_M.uasset" 2119
"../../../Engine/Content/EngineMaterials/T_Default_Material_Grid_N.uasset" 2120
"../../../Engine/Content/EngineMaterials/DefaultDeferredDecalMaterial.uasset" 2121
"../../../Engine/Content/EngineMaterials/DefaultDiffuse.uasset" 2122
"../../../Engine/Content/EngineMaterials/DefaultLightFunctionMaterial.uasset" 2123
"../../../Engine/Content/EngineMaterials/DefaultPostProcessMaterial.uasset" 2124
"../../../Engine/Content/Functions/Engine_MaterialFunctions02/Utility/BreakOutFloat2Components.uasset" 2125
"../../../Engine/Content/EditorResources/S_Trigger.uasset" 2126
"../../../Engine/Content/EngineSky/VolumetricClouds/m_SimpleVolumetricCloud_Inst.uasset" 2127
"../../../Engine/Content/EngineSky/VolumetricClouds/m_SimpleVolumetricCloud.uasset" 2128
"../../../Engine/Content/Functions/Engine_MaterialFunctions02/Utility/MakeFloat2.uasset" 2129
"../../../Engine/Content/EngineSky/VolumetricClouds/CloudGradientTexture.uasset" 2130
"../../../Engine/Content/EngineSky/VolumetricClouds/CloudWeatherTexture.uasset" 2131
"../../../Engine/Content/EngineSky/VolumetricClouds/T_VolumeNoiseErosion32.uasset" 2132
"../../../Engine/Content/EngineSky/VolumetricClouds/T_NoiseErosion.uasset" 2133
"../../../Engine/Content/EngineSky/VolumetricClouds/T_VolumeNoiseShape64.uasset" 2134
"../../../Engine/Content/EngineSky/VolumetricClouds/T_NoiseShape64.uasset" 2135
"../../../Engine/Content/EngineMaterials/BaseFlattenMaterial.uasset" 2136
"../../../Engine/Content/EngineMaterials/BaseFlattenDiffuseMap.uasset" 2137
"../../../Engine/Content/EngineMaterials/BaseFlattenEmissiveMap.uasset" 2138
"../../../Engine/Content/EngineMaterials/BaseFlattenGrayscaleMap.uasset" 2139
"../../../Engine/Content/EngineMaterials/BaseFlattenNormalMap.uasset" 2140
"../../../Engine/Content/EngineDamageTypes/DmgTypeBP_Environmental.uasset" 2141
"../../../Engine/Content/VREditor/TransformGizmo/SM_Sequencer_Key.uasset" 2142
"../../../Engine/Content/VREditor/TransformGizmo/Main.uasset" 2143
"../../../Engine/Content/VREditor/TransformGizmo/Xray.uasset" 2144
"../../../Engine/Content/EngineMaterials/Widget3DPassThrough_Translucent.uasset" 2145
"../../../Engine/Content/EngineMaterials/Widget3DPassThrough.uasset" 2146
"../../../Engine/Config/TVOS/TVOSEngine.ini" 2147
"../../../Engine/Content/EngineMaterials/Widget3DPassThrough_Translucent_OneSided.uasset" 2148
"../../../Engine/Content/EngineMaterials/Widget3DPassThrough_Opaque.uasset" 2149
"../../../Engine/Content/EngineMaterials/Widget3DPassThrough_Opaque_OneSided.uasset" 2150
"../../../Engine/Content/EngineMaterials/Widget3DPassThrough_Masked.uasset" 2151
"../../../Engine/Content/EngineMaterials/Widget3DPassThrough_Masked_OneSided.uasset" 2152
"../../../Engine/Content/VREditor/TransformGizmo/PlaneTranslationHandle.uasset" 2153
"../../../Engine/Content/VREditor/TransformGizmo/TransformGizmoMaterial.uasset" 2154
"../../../Engine/Content/VREditor/LaserPointer/VR_LaserPower_01.uasset" 2155
"../../../Engine/Content/VREditor/TransformGizmo/TranslucentTransformGizmoMaterial.uasset" 2156
"../../../Engine/Content/VREditor/TransformGizmo/BoundingBoxCorner.uasset" 2157
"../../../Engine/Content/VREditor/TransformGizmo/BoundingBoxEdge.uasset" 2158
"../../../Engine/Content/EditorMeshes/Camera/SM_CraneRig_Base.uasset" 2159
"../../../Engine/Content/EditorMaterials/Camera/MI_CineMat_Rig.uasset" 2160
"../../../Engine/Content/EditorMaterials/Camera/CineMat.uasset" 2161
"../../../Engine/Content/EditorMeshes/Camera/SM_CraneRig_Arm.uasset" 2162
"../../../Engine/Content/EditorMeshes/Camera/SM_CraneRig_Mount.uasset" 2163
"../../../Engine/Content/EditorMeshes/Camera/SM_CraneRig_Body.uasset" 2164
"../../../Engine/Content/EditorMeshes/Camera/SM_RailRig_Track.uasset" 2165
"../../../Engine/Content/EditorMeshes/Camera/SM_RailRig_Mount.uasset" 2166
"../../../Engine/Content/ArtTools/RenderToTexture/Meshes/S_1_Unit_Plane.uasset" 2167
"../../../Engine/Content/EngineDebugMaterials/M_SimpleUnlitTranslucent.uasset" 2168
"../../../Engine/Content/EngineFonts/Roboto.uasset" 2169
"../../../Engine/Content/EngineFonts/Faces/DroidSansFallback.uasset" 2170
"../../../Engine/Content/EngineFonts/Faces/RobotoBold.uasset" 2171
"../../../Engine/Content/EngineFonts/Faces/RobotoBoldItalic.uasset" 2172
"../../../Engine/Content/EngineFonts/Faces/RobotoItalic.uasset" 2173
"../../../Engine/Content/EngineFonts/Faces/RobotoLight.uasset" 2174
"../../../Engine/Content/EngineFonts/Faces/RobotoRegular.uasset" 2175
"../../../Engine/Content/EditorMaterials/ParticleSystems/PSysThumbnail_NoImage.uasset" 2176
"../../../Engine/Content/EditorMaterials/ParticleSystems/PSysThumbnail_OOD.uasset" 2177
"../../../Engine/Content/Maps/Templates/Thumbnails/Default.uasset" 2178
"../../../Engine/Content/Maps/Templates/Thumbnails/TimeOfDay.uasset" 2179
"../../../Engine/Content/Maps/Templates/Thumbnails/VR-Basic.uasset" 2180
"../../../Engine/Content/EditorLandscapeResources/DataLayer.uasset" 2181
"../../../Engine/Content/VREditor/TransformGizmo/SM_Sequencer_Node.uasset" 2182
"../../../Engine/Content/Internationalization/icudt64l/coll/ucadata.icu" 2183
"../../../Engine/Content/Internationalization/icudt64l/coll/en.res" 2184
"../../../Engine/Content/Internationalization/icudt64l/coll/root.res" 2185
"../../../Engine/Content/Tutorial/Basics/LevelEditorAttract.uasset" 2186
"../../../Engine/Content/Tutorial/Basics/LevelEditorOverview.uasset" 2187
"../../../Engine/Content/Tutorial/Basics/TutorialAssets/icon_tab_Levels_40x.uasset" 2188
"../../../Engine/Content/Tutorial/BlueprintTutorials/BlueprintEditorTutorial.uasset" 2189
"../../../Engine/Content/Tutorial/BlueprintTutorials/TutorialAssets/Blueprint_64x.uasset" 2190
"../../../Engine/Content/Tutorial/ContentIntroCurve.uasset" 2191
"../../Plugins/2D/Paper2D/Content/MaskedUnlitSpriteMaterial.uasset" 2192
"../../Plugins/2D/Paper2D/Content/DefaultSpriteMaterial.uasset" 2193
"../../Plugins/2D/Paper2D/Content/PlaceholderTextures/DummySpriteTexture.uasset" 2194
"../../Plugins/2D/Paper2D/Content/OpaqueUnlitSpriteMaterial.uasset" 2195
"../../Plugins/2D/Paper2D/Content/DefaultPaperTerrainMaterial.uasset" 2196
"../../Plugins/2D/Paper2D/Content/DummySprite.uasset" 2197
"../../Plugins/Lumin/MagicLeapPassableWorld/Content/MagicLeapARPinInfoActor.uasset" 2198
"../../../Engine/Content/ArtTools/RenderToTexture/Materials/Debug/M_Emissive_Color.uasset" 2199
"../../../Engine/Content/BasicShapes/Cylinder.uasset" 2200
"../../../Engine/Content/EngineMaterials/DefaultMaterial.uasset" 2201
"../../../Engine/Content/EngineDebugMaterials/VertexColorMaterial.uasset" 2202
"../../../Engine/Content/EngineDebugMaterials/WireframeMaterial.uasset" 2203
"../../../Engine/Content/EngineMeshes/Cylinder.uasset" 2204
"../../Plugins/Experimental/ControlRig/Content/Controls/DefaultGizmoLibrary.uasset" 2205
"../../Plugins/Experimental/ControlRig/Content/M_Manip.uasset" 2206
"../../../Engine/Content/Functions/Engine_MaterialFunctions02/WorldPositionOffset/CameraOffset.uasset" 2207
"X:/Unreal Projects/Momentum/Momentum/Content/ThirdPersonCPP/Blueprints/ThirdPersonCharacter.uasset" 2208
"X:/Unreal Projects/Momentum/Momentum/Content/Rig/KinzieAnimBP.uasset" 2209
"X:/Unreal Projects/Momentum/Momentum/Content/Rig/CartoonDriftSharp_MyCharacter_MyCharacterAction.uasset" 2210
"../../../Engine/Content/Animation/DefaultAnimBoneCompressionSettings.uasset" 2211
"../../../Engine/Content/Animation/DefaultAnimCurveCompressionSettings.uasset" 2212
"X:/Unreal Projects/Momentum/Momentum/Content/Rig/TestImportRig_Skeleton.uasset" 2213
"X:/Unreal Projects/Momentum/Momentum/Content/Rig/CartoonDriftSharpRight_MyCharacter_MyCharacterAction.uasset" 2214
"X:/Unreal Projects/Momentum/Momentum/Content/Rig/CartoonJump2_MyCharacter_Idle.uasset" 2215
"X:/Unreal Projects/Momentum/Momentum/Content/Rig/CartoonRedirectBurst_MyCharacter_MyCharacterAction_001.uasset" 2216
"X:/Unreal Projects/Momentum/Momentum/Content/Rig/CartoonSkate_MyCharacter_Idle.uasset" 2217
"X:/Unreal Projects/Momentum/Momentum/Content/Rig/KinzieGrind.uasset" 2218
"X:/Unreal Projects/Momentum/Momentum/Content/Rig/KinzieJump.uasset" 2219
"X:/Unreal Projects/Momentum/Momentum/Content/Rig/KinzieLocomotionBS.uasset" 2220
"X:/Unreal Projects/Momentum/Momentum/Content/Rig/KinzieAccelerate2.uasset" 2221
"X:/Unreal Projects/Momentum/Momentum/Content/Rig/KinzieIdle.uasset" 2222
"../../../Engine/Content/EditorBlueprintResources/StandardMacros.uasset" 2223
"X:/Unreal Projects/Momentum/Momentum/Content/Blueprints/CharacterAbilities/DriftComponent.uasset" 2224
"X:/Unreal Projects/Momentum/Momentum/Content/PlayerInterface.uasset" 2225
"X:/Unreal Projects/Momentum/Momentum/Content/ActivateIntroCinematic.uasset" 2226
"X:/Unreal Projects/Momentum/Momentum/Content/CinePlayer.uasset" 2227
"X:/Unreal Projects/Momentum/Momentum/Content/PlayerLevelSignalsComponent.uasset" 2228
"X:/Unreal Projects/Momentum/Momentum/Content/Blueprints/CharacterAbilities/BrakeComponent.uasset" 2229
"X:/Unreal Projects/Momentum/Momentum/Content/Blueprints/CharacterAbilities/RedirectBurstComponent.uasset" 2230
"X:/Unreal Projects/Momentum/Momentum/Content/Sounds/FX/Character/grindSound.uasset" 2231
"X:/Unreal Projects/Momentum/Momentum/Content/ThirdPersonCPP/Balance.uasset" 2232
"X:/Unreal Projects/Momentum/Momentum/Content/CharacterCustomizerRandom.uasset" 2233
"X:/Unreal Projects/Momentum/Momentum/Content/ColorPicker.uasset" 2234
"X:/Unreal Projects/Momentum/Momentum/Content/ColorTypes.uasset" 2235
"X:/Unreal Projects/Momentum/Momentum/Content/Male/CartoonMaleShirt.uasset" 2236
"X:/Unreal Projects/Momentum/Momentum/Content/Male/Material.uasset" 2237
"X:/Unreal Projects/Momentum/Momentum/Content/Male/CartoonMaleShorts.uasset" 2238
"X:/Unreal Projects/Momentum/Momentum/Content/Male/Material_005.uasset" 2239
"X:/Unreal Projects/Momentum/Momentum/Content/Models/Character/CartoonBaggyShorts.uasset" 2240
"X:/Unreal Projects/Momentum/Momentum/Content/Models/Character/CartoonCapris.uasset" 2241
"X:/Unreal Projects/Momentum/Momentum/Content/Models/Character/CartoonFemaleShortSleeve.uasset" 2242
"X:/Unreal Projects/Momentum/Momentum/Content/Models/Character/Female/CartoonLongSleeve.uasset" 2243
"X:/Unreal Projects/Momentum/Momentum/Content/Material.uasset" 2244
"X:/Unreal Projects/Momentum/Momentum/Content/Models/Character/Female/CartoonLongSleeve_PhysicsAsset.uasset" 2245
"X:/Unreal Projects/Momentum/Momentum/Content/Models/Character/Female/CartoonPants.uasset" 2246
"X:/Unreal Projects/Momentum/Momentum/Content/Material_005.uasset" 2247
"X:/Unreal Projects/Momentum/Momentum/Content/Rig/TestImportRigShirt.uasset" 2248
"X:/Unreal Projects/Momentum/Momentum/Content/Rig/Material.uasset" 2249
"X:/Unreal Projects/Momentum/Momentum/Content/Rig/TestImportRigShirt_PhysicsAsset.uasset" 2250
"X:/Unreal Projects/Momentum/Momentum/Content/Rig/TestImportRigShorts.uasset" 2251
"X:/Unreal Projects/Momentum/Momentum/Content/Rig/Material_005.uasset" 2252
"X:/Unreal Projects/Momentum/Momentum/Content/DropShadow_Mat.uasset" 2253
"X:/Unreal Projects/Momentum/Momentum/Content/DropShadow.uasset" 2254
"X:/Unreal Projects/Momentum/Momentum/Content/HealthComponent.uasset" 2255
"X:/Unreal Projects/Momentum/Momentum/Content/AfterImageSystem.uasset" 2256
"../../Plugins/FX/Niagara/Content/DefaultAssets/DefaultRIbbonMaterial.uasset" 2257
"../../Plugins/FX/Niagara/Content/DefaultAssets/DefaultSpriteMaterial.uasset" 2258
"X:/Unreal Projects/Momentum/Momentum/Content/AfterImage.uasset" 2259
"../../Plugins/FX/Niagara/Content/DynamicInputs/TypeConversions/VectorFromFloat.uasset" 2260
"../../Plugins/FX/Niagara/Content/DynamicInputs/ValueFromCurve/FloatFromCurve.uasset" 2261
"../../Plugins/FX/Niagara/Content/DynamicInputs/ValueFromCurve/VectorFromCurve.uasset" 2262
"../../Plugins/FX/Niagara/Content/Modules/Emitter/EmitterState.uasset" 2263
"../../Plugins/FX/Niagara/Content/Functions/Emitter/EmitterChangeState.uasset" 2264
"../../Plugins/FX/Niagara/Content/Enums/ENiagara_EmitterStateOptions.uasset" 2265
"../../Plugins/FX/Niagara/Content/Enums/ENiagara_InfiniteLoopDuration.uasset" 2266
"../../Plugins/FX/Niagara/Content/Enums/ENiagaraEmitterLifeCycleMode.uasset" 2267
"../../Plugins/FX/Niagara/Content/Enums/ENiagaraEmitterScalabilityMode_Limited.uasset" 2268
"../../Plugins/FX/Niagara/Content/Enums/ENiagaraExecutionStateManagement.uasset" 2269
"../../Plugins/FX/Niagara/Content/Enums/ENiagaraInactiveMode.uasset" 2270
"../../Plugins/FX/Niagara/Content/Modules/Emitter/SpawnBurst_Instantaneous.uasset" 2271
"../../Plugins/FX/Niagara/Content/Functions/V2/CalculateRandomRangeFloat.uasset" 2272
"../../Plugins/FX/Niagara/Content/Enums/ENiagaraRandomnessEvaluation.uasset" 2273
"../../Plugins/FX/Niagara/Content/Enums/ENiagaraRandomnessMode.uasset" 2274
"../../Plugins/FX/Niagara/Content/Modules/Solvers/SolveForcesAndVelocity.uasset" 2275
"../../Plugins/FX/Niagara/Content/Functions/DirectionAndLengthSafe.uasset" 2276
"../../Plugins/FX/Niagara/Content/Functions/Localspace/SimulationPosition.uasset" 2277
"../../Plugins/FX/Niagara/Content/Modules/Spawn/Initialization/V2/InitializeParticle.uasset" 2278
"../../Plugins/FX/Niagara/Content/Functions/LinearColor/HueShiftLinearColor.uasset" 2279
"../../Plugins/FX/Niagara/Content/Functions/Localspace/TransformVector.uasset" 2280
"../../Plugins/FX/Niagara/Content/Functions/Localspace/TransformBase.uasset" 2281
"../../Plugins/FX/Niagara/Content/Functions/V2/CalculateRandomBool.uasset" 2282
"../../Plugins/FX/Niagara/Content/Functions/V2/CalculateRandomRangeInteger.uasset" 2283
"../../Plugins/FX/Niagara/Content/Functions/V2/CalculateRandomRange.uasset" 2284
"../../Plugins/FX/Niagara/Content/Enums/ENiagara_ColorInitializationMode.uasset" 2285
"../../Plugins/FX/Niagara/Content/Enums/ENiagara_LifetimeMode.uasset" 2286
"../../Plugins/FX/Niagara/Content/Enums/ENiagara_MassInitializationMode.uasset" 2287
"../../Plugins/FX/Niagara/Content/Enums/ENiagara_PositionInitializationMode.uasset" 2288
"../../Plugins/FX/Niagara/Content/Enums/ENiagara_SizeScaleMode.uasset" 2289
"../../Plugins/FX/Niagara/Content/Enums/ENiagara_SpriteRotationMode.uasset" 2290
"../../Plugins/FX/Niagara/Content/Enums/ENiagara_UVFlippingMode.uasset" 2291
"../../Plugins/FX/Niagara/Content/Enums/ENiagaraChannelCorrelation.uasset" 2292
"../../Plugins/FX/Niagara/Content/Enums/Ribbons/ENiagara_UnsetDirectSetRandom.uasset" 2293
"../../Plugins/FX/Niagara/Content/Modules/Spawn/Location/V2/SphereLocation.uasset" 2294
"../../Plugins/FX/Niagara/Content/Functions/Rotation/FindQuatBetween.uasset" 2295
"../../Plugins/FX/Niagara/Content/Functions/Rotation/MultiplyVectorWithQuaternion.uasset" 2296
"../../Plugins/FX/Niagara/Content/Functions/SphericalToCartesianCoordinates.uasset" 2297
"../../Plugins/FX/Niagara/Content/Functions/V2/CalculateRandomPointInSphere.uasset" 2298
"../../Plugins/FX/Niagara/Content/Enums/ENiagaraExpansionMode.uasset" 2299
"../../Plugins/FX/Niagara/Content/Enums/ENiagaraSphereDistributionMode.uasset" 2300
"../../Plugins/FX/Niagara/Content/Modules/Spawn/MeshInterface/Initialize_MeshReproductionSprite.uasset" 2301
"../../Plugins/FX/Niagara/Content/Functions/CalculateTriangleArea.uasset" 2302
"../../Plugins/FX/Niagara/Content/Functions/GetRandomInfo.uasset" 2303
"../../Plugins/FX/Niagara/Content/Functions/RandomRangeFloat.uasset" 2304
"../../Plugins/FX/Niagara/Content/Modules/Update/Color/ScaleColor.uasset" 2305
"../../Plugins/FX/Niagara/Content/Enums/ENiagaraScaleColorMode.uasset" 2306
"../../Plugins/FX/Niagara/Content/Modules/Update/Forces/Drag.uasset" 2307
"../../Plugins/FX/Niagara/Content/Modules/Update/Lifetime/ParticleState.uasset" 2308
"X:/Unreal Projects/Momentum/Momentum/Content/SpeedTrailLines.uasset" 2309
"../../Plugins/FX/Niagara/Content/DynamicInputs/UniformRange/V2/RandomRangeFloat.uasset" 2310
"../../Plugins/FX/Niagara/Content/Modules/Emitter/SpawnRate.uasset" 2311
"../../Plugins/FX/Niagara/Content/Modules/Spawn/Location/V2/SkeletalMeshLocation.uasset" 2312
"../../Plugins/FX/Niagara/Content/Functions/Localspace/TransformPosition.uasset" 2313
"../../Plugins/FX/Niagara/Content/Functions/Rotation/InvertQuaternion.uasset" 2314
"../../Plugins/FX/Niagara/Content/Functions/Rotation/MakeQuaternionFrom3BasisVectors.uasset" 2315
"../../Plugins/FX/Niagara/Content/Functions/Rotation/MatrixToQuaternion.uasset" 2316
"../../Plugins/FX/Niagara/Content/Functions/Rotation/MultiplyQuaternion.uasset" 2317
"../../Plugins/FX/Niagara/Content/Enums/ENiagara_AttributeSamplingApplyOutput.uasset" 2318
"../../Plugins/FX/Niagara/Content/Enums/ENiagaraBoneSamplingMode.uasset" 2319
"../../Plugins/FX/Niagara/Content/Enums/ENiagaraBoneSocketSamplingMode.uasset" 2320
"../../Plugins/FX/Niagara/Content/Enums/ENiagaraMeshTransforms.uasset" 2321
"../../Plugins/FX/Niagara/Content/Enums/ENiagaraSkelMeshPositionSamplingMode.uasset" 2322
"../../Plugins/FX/Niagara/Content/Enums/ENiagaraSkelMeshTransforms.uasset" 2323
"../../Plugins/FX/Niagara/Content/Enums/ENiagaraSkelSamplingModeFull.uasset" 2324
"../../Plugins/FX/Niagara/Content/Enums/ENiagaraSocketSamplingMode.uasset" 2325
"../../Plugins/FX/Niagara/Content/Enums/ENiagaraTriangleSamplingMode.uasset" 2326
"../../Plugins/FX/Niagara/Content/Enums/ENiagaraVertexSamplingMode.uasset" 2327
"../../Plugins/FX/Niagara/Content/Modules/Spawn/Velocity/AddVelocityInCone.uasset" 2328
"../../Plugins/FX/Niagara/Content/Functions/Math/RemapValueRange.uasset" 2329
"../../Plugins/FX/Niagara/Content/Functions/RandomVectorInCone.uasset" 2330
"../../Plugins/FX/Niagara/Content/Functions/PolarToCartesianCoordinates.uasset" 2331
"../../Plugins/FX/Niagara/Content/Modules/Update/Forces/GravityForce.uasset" 2332
"../../Plugins/FX/Niagara/Content/Modules/System/SystemState.uasset" 2333
"../../Plugins/FX/Niagara/Content/Functions/System/SystemChangeState.uasset" 2334
"../../Plugins/FX/Niagara/Content/Enums/ENiagaraSystemInactiveMode.uasset" 2335
"X:/Unreal Projects/Momentum/Momentum/Content/ParticlesFX/EnergyChargingSystem.uasset" 2336
"X:/Unreal Projects/Momentum/Momentum/Content/ParticlesFX/EnergyCharging.uasset" 2337
"../../Plugins/FX/Niagara/Content/DynamicInputs/TypeConversions/Vector2DFromFloat.uasset" 2338
"../../Plugins/FX/Niagara/Content/DynamicInputs/UniformRange/UniformRangedFloat.uasset" 2339
"../../Plugins/FX/Niagara/Content/DynamicInputs/UniformRange/UniformRangedInt.uasset" 2340
"../../Plugins/FX/Niagara/Content/Functions/RandomRangeInteger.uasset" 2341
"../../Plugins/FX/Niagara/Content/Modules/Spawn/Initialization/InitializeParticle.uasset" 2342
"../../Plugins/FX/Niagara/Content/Modules/Spawn/Velocity/AddVelocityFromPoint.uasset" 2343
"../../Plugins/FX/Niagara/Content/Functions/DistanceBasedFalloff.uasset" 2344
"../../Plugins/FX/Niagara/Content/Functions/NormalizeDistanceRange.uasset" 2345
"../../Plugins/FX/Niagara/Content/Functions/RandomVector.uasset" 2346
"../../Plugins/FX/Niagara/Content/Functions/RandomUnitVector.uasset" 2347
"../../Plugins/FX/Niagara/Content/Modules/Update/Size/ScaleSpriteSizeBySpeed.uasset" 2348
"X:/Unreal Projects/Momentum/Momentum/Content/P_ky_shot_dark.uasset" 2349
"X:/Unreal Projects/Momentum/Momentum/Content/MI_ky_aura14_dark.uasset" 2350
"X:/Unreal Projects/Momentum/Momentum/Content/AdvancedMagicFX12/Materials/M_ky_aura14.uasset" 2351
"../../../Engine/Content/Functions/Engine_MaterialFunctions01/Gradient/LinearGradient.uasset" 2352
"X:/Unreal Projects/Momentum/Momentum/Content/AdvancedMagicFX12/Materials/Mfunction/MF_ky_AddHilight.uasset" 2353
"X:/Unreal Projects/Momentum/Momentum/Content/AdvancedMagicFX12/Textures/T_ky_maskRGB3.uasset" 2354
"X:/Unreal Projects/Momentum/Momentum/Content/AdvancedMagicFX12/Textures/T_ky_noise16.uasset" 2355
"X:/Unreal Projects/Momentum/Momentum/Content/AdvancedMagicFX12/Textures/T_ky_noise4.uasset" 2356
"X:/Unreal Projects/Momentum/Momentum/Content/AdvancedMagicFX12/Textures/T_ky_noise6.uasset" 2357
"X:/Unreal Projects/Momentum/Momentum/Content/AdvancedMagicFX12/Meshes/SM_ky_sphereHarf03.uasset" 2358
"X:/Unreal Projects/Momentum/Momentum/Content/Rig/TestImportRig.uasset" 2359
"X:/Unreal Projects/Momentum/Momentum/Content/Rig/Material_001.uasset" 2360
"X:/Unreal Projects/Momentum/Momentum/Content/EyeTexture.uasset" 2361
"X:/Unreal Projects/Momentum/Momentum/Content/EyeTextureBlank.uasset" 2362
"X:/Unreal Projects/Momentum/Momentum/Content/EyeTextureColor.uasset" 2363
"X:/Unreal Projects/Momentum/Momentum/Content/Rig/EyeTexture.uasset" 2364
"X:/Unreal Projects/Momentum/Momentum/Content/Rig/Material_002.uasset" 2365
"X:/Unreal Projects/Momentum/Momentum/Content/Rig/Material_003.uasset" 2366
"X:/Unreal Projects/Momentum/Momentum/Content/Rig/Material_004.uasset" 2367
"X:/Unreal Projects/Momentum/Momentum/Content/Rig/TestImportRig_PhysicsAsset.uasset" 2368
"X:/Unreal Projects/Momentum/Momentum/Content/Material_001.uasset" 2369
"X:/Unreal Projects/Momentum/Momentum/Content/Models/Character/CartoonGoggles.uasset" 2370
"X:/Unreal Projects/Momentum/Momentum/Content/Models/Character/GogglesMaterial.uasset" 2371
"X:/Unreal Projects/Momentum/Momentum/Content/Models/Character/GogglesTexture.uasset" 2372
"X:/Unreal Projects/Momentum/Momentum/Content/Practice.uasset" 2373
"../../../Engine/Content/Functions/Engine_MaterialFunctions02/Texturing/ScreenAlignedPixelToPixelUVs.uasset" 2374
"../../../Engine/Content/Functions/Engine_MaterialFunctions02/Utility/DitherTemporalAA.uasset" 2375
"../../../Engine/Content/EngineMaterials/Good64x64TilingNoiseHighFreq.uasset" 2376
"X:/Unreal Projects/Momentum/Momentum/Content/AccelerateAnim.uasset" 2377
"X:/Unreal Projects/Momentum/Momentum/Content/HairRetopoMat.uasset" 2378
"X:/Unreal Projects/Momentum/Momentum/Content/Material_004.uasset" 2379
"X:/Unreal Projects/Momentum/Momentum/Content/TestImport_LowPoly_Skeleton.uasset" 2380
"X:/Unreal Projects/Momentum/Momentum/Content/Models/Character/CartoonHeadphones.uasset" 2381
"X:/Unreal Projects/Momentum/Momentum/Content/Models/Character/HeadphonesMaterial.uasset" 2382
"X:/Unreal Projects/Momentum/Momentum/Content/Rig/TestImportRigSkates.uasset" 2383
"X:/Unreal Projects/Momentum/Momentum/Content/Rig/TestImportRigSkates_PhysicsAsset.uasset" 2384
"X:/Unreal Projects/Momentum/Momentum/Content/TestChildInput.uasset" 2385
"X:/Unreal Projects/Momentum/Momentum/Content/TestComponentInput.uasset" 2386
"X:/Unreal Projects/Momentum/Momentum/Content/MomentumGameInstance.uasset" 2387
"X:/Unreal Projects/Momentum/Momentum/Content/Experimental/GlobalSaveInfo.uasset" 2388
"X:/Unreal Projects/Momentum/Momentum/Content/Experimental/LevelResultsSave.uasset" 2389
"X:/Unreal Projects/Momentum/Momentum/Content/Experimental/LevelResultInfo.uasset" 2390
"X:/Unreal Projects/Momentum/Momentum/Content/MenuOption.uasset" 2391
"X:/Unreal Projects/Momentum/Momentum/Content/Interfaces/MenuItem.uasset" 2392
"X:/Unreal Projects/Momentum/Momentum/Content/Experimental/LevelProgression.uasset" 2393
"X:/Unreal Projects/Momentum/Momentum/Content/Fonts/Fast_Blaze_Mat.uasset" 2394
"X:/Unreal Projects/Momentum/Momentum/Content/Fonts/FAST_BLAZE_Font_2.uasset" 2395
"X:/Unreal Projects/Momentum/Momentum/Content/UI/Levels/UIManager.uasset" 2396
"X:/Unreal Projects/Momentum/Momentum/Content/FadeScreen.uasset" 2397
"X:/Unreal Projects/Momentum/Momentum/Content/UI/Levels/LevelStart.uasset" 2398
"X:/Unreal Projects/Momentum/Momentum/Content/Experimental/LevelDataTable.uasset" 2399
"X:/Unreal Projects/Momentum/Momentum/Content/Red.uasset" 2400
"X:/Unreal Projects/Momentum/Momentum/Content/RedOff.uasset" 2401
"X:/Unreal Projects/Momentum/Momentum/Content/Audio/SFX/SkatesJump_Cue.uasset" 2402
"X:/Unreal Projects/Momentum/Momentum/Content/Audio/SFX/SkatesJump.uasset" 2403
"X:/Unreal Projects/Momentum/Momentum/Content/Sounds/FX/Character/MetalBracketHit_FSHOF_629.uasset" 2404
"X:/Unreal Projects/Momentum/Momentum/Content/Audio/NewSoundMix.uasset" 2405
"X:/Unreal Projects/Momentum/Momentum/Content/StartingPointHandler.uasset" 2406
"X:/Unreal Projects/Momentum/Momentum/Content/UphillMovementComponent.uasset" 2407
"X:/Unreal Projects/Momentum/Momentum/Content/ThirdPersonCPP/GrindRail.uasset" 2408
"X:/Unreal Projects/Momentum/Momentum/Content/RailMat.uasset" 2409
"X:/Unreal Projects/Momentum/Momentum/Content/Geometry/Rail.uasset" 2410
"X:/Unreal Projects/Momentum/Momentum/Content/Male/CartoonMale.uasset" 2411
"X:/Unreal Projects/Momentum/Momentum/Content/Male/Material_001.uasset" 2412
"X:/Unreal Projects/Momentum/Momentum/Content/Male/EyeTexture.uasset" 2413
"X:/Unreal Projects/Momentum/Momentum/Content/Male/Material_002.uasset" 2414
"X:/Unreal Projects/Momentum/Momentum/Content/Male/Material_003.uasset" 2415
"X:/Unreal Projects/Momentum/Momentum/Content/Male/Material_004.uasset" 2416
"X:/Unreal Projects/Momentum/Momentum/Content/Male/CartoonMale_PhysicsAsset.uasset" 2417
"X:/Unreal Projects/Momentum/Momentum/Content/Male/CartoonMaleHair.uasset" 2418
"X:/Unreal Projects/Momentum/Momentum/Content/Rig/Kinzie.uasset" 2419
"X:/Unreal Projects/Momentum/Momentum/Content/Rig/Kinzie_PhysicsAsset.uasset" 2420
"X:/Unreal Projects/Momentum/Momentum/Content/SkaterFemaleHair.uasset" 2421
"X:/Unreal Projects/Momentum/Momentum/Content/SkaterFemaleHair_Skeleton.uasset" 2422
"X:/Unreal Projects/Momentum/Momentum/Content/Rig/NewAnimMontage.uasset" 2423
"X:/Unreal Projects/Momentum/Momentum/Content/Rig/KinzieAccelerate.uasset" 2424
"X:/Unreal Projects/Momentum/Momentum/Content/Blueprints/CharacterData/SkinManager.uasset" 2425
"X:/Unreal Projects/Momentum/Momentum/Content/CharacterSave.uasset" 2426
"X:/Unreal Projects/Momentum/Momentum/Content/CharacterPartData.uasset" 2427
"X:/Unreal Projects/Momentum/Momentum/Content/CharacterParts.uasset" 2428
"X:/Unreal Projects/Momentum/Momentum/Content/DamageComponent.uasset" 2429
"X:/Unreal Projects/Momentum/Momentum/Content/AccelerationCurve.uasset" 2430
"X:/Unreal Projects/Momentum/Momentum/Content/JumpForceCurve.uasset" 2431
"X:/Unreal Projects/Momentum/Momentum/Content/MovementSpeed.uasset" 2432
"X:/Unreal Projects/Momentum/Momentum/Content/ParticlesFX/GrindSparksSystem.uasset" 2433
"X:/Unreal Projects/Momentum/Momentum/Content/ParticlesFX/GrindSparks.uasset" 2434
"X:/Unreal Projects/Momentum/Momentum/Content/Sounds/FX/Character/FA_Whoosh_1_2.uasset" 2435
"X:/Unreal Projects/Momentum/Momentum/Content/StarterContent/Audio/Explosion01.uasset" 2436
"X:/Unreal Projects/Momentum/Momentum/Content/ParticlesFX/PushSparks.uasset" 2437
"../../Plugins/FX/Niagara/Content/Modules/Spawn/Velocity/AddVelocity.uasset" 2438
"X:/Unreal Projects/Momentum/Momentum/Content/Sounds/FX/Character/ConcreteSoundCue.uasset" 2439
"X:/Unreal Projects/Momentum/Momentum/Content/Sounds/FX/Character/Snow_Slide_Medium_.uasset" 2440
"../../../Engine/Plugins/FX/Niagara/Shaders/Private/NiagaraDataInterfaceSkeletalMesh.ush" 2441
"../../../Engine/Plugins/FX/Niagara/Shaders/Private/NiagaraBaryCentricUtils.ush" 2442
"../../Plugins/Editor/SpeedTreeImporter/Content/SpeedTree9/SpeedTreeMaster.uasset" 2443
"../../../Engine/Content/Functions/Engine_MaterialFunctions02/ObjectLocalBounds.uasset" 2444
"../../../Engine/Content/Functions/Engine_MaterialFunctions02/SafeNormalize.uasset" 2445
"../../../Engine/Content/Functions/Engine_MaterialFunctions02/Utility/BreakOutFloat3Components.uasset" 2446
"../../../Engine/Content/Functions/Engine_MaterialFunctions02/Utility/VectorLength.uasset" 2447
"../../../Engine/Content/Functions/Engine_MaterialFunctions02/UVs/BoundingBoxBased_0-1_UVW.uasset" 2448
"../../../Engine/Content/Functions/Engine_MaterialFunctions02/WorldPositionOffset/ObjectScale.uasset" 2449
"../../Plugins/Editor/SpeedTreeImporter/Content/SpeedTree9/SpeedTreeBranchMotion.uasset" 2450
"../../Plugins/Editor/SpeedTreeImporter/Content/SpeedTree9/SpeedTreeWindMotion.uasset" 2451
"../../Plugins/Editor/SpeedTreeImporter/Content/SpeedTree9/game_wind_noise.uasset" 2452
"../../Plugins/Editor/SpeedTreeImporter/Content/SpeedTree9/UnpackDirection.uasset" 2453
"../../Plugins/Editor/SpeedTreeImporter/Content/SpeedTree9/UnpackInteger3.uasset" 2454
"../../Plugins/Editor/SpeedTreeImporter/Content/SpeedTree9/SpeedTreeCameraFacing.uasset" 2455
"../../Plugins/Editor/SpeedTreeImporter/Content/SpeedTree9/SpeedTreeWind.uasset" 2456
"../../Plugins/Editor/SpeedTreeImporter/Content/SpeedTree9/Empty.uasset" 2457
"../../Plugins/Editor/SpeedTreeImporter/Content/SpeedTree9/EmptyNormal.uasset" 2458
"../../Plugins/Editor/SpeedTreeImporter/Content/SpeedTree9/SpeedTreeBillboardMaster.uasset" 2459
"../../Plugins/Editor/SpeedTreeImporter/Content/SpeedTree9/SpeedTreeBillboard.uasset" 2460
"../../../Engine/Content/EditorResources/S_Solver.uasset" 2461
"../../../Engine/Content/EditorResources/S_Note.uasset" 2462
"../../../Engine/Content/EngineDebugMaterials/VolumeToRender.uasset" 2463
"../../../Engine/Content/EngineDebugMaterials/M_VolumeRenderSphereTracePP.uasset" 2464
"../../../Engine/Content/Functions/Engine_MaterialFunctions02/Utility/CameraDirectionVector.uasset" 2465
"../../../Engine/Content/EngineMaterials/RemoveSurfaceMaterial.uasset" 2466
"../../../Engine/Content/EngineDebugMaterials/DebugMeshMaterial.uasset" 2467
"../../../Engine/Content/EngineMaterials/EmissiveMeshMaterial.uasset" 2468
"../../../Engine/Content/EngineMaterials/DefaultWhiteGrid_Low.uasset" 2469
"../../../Engine/Content/EngineMaterials/M_InvalidLightmapSettings.uasset" 2470
"../../../Engine/Content/EngineMaterials/InvalidLightmapSettings.uasset" 2471
"../../../Engine/Content/EngineMaterials/GizmoMaterial.uasset" 2472
"../../../Engine/Content/EngineMaterials/PhAT_JointLimitMaterial.uasset" 2473
"../../../Engine/Content/EngineMaterials/DefaultBokeh.uasset" 2474
"../../../Engine/Content/EngineMaterials/DefaultBloomKernel.uasset" 2475
"../../../Engine/Content/EngineMaterials/PreintegratedSkinBRDF.uasset" 2476
"../../../Engine/Content/EngineMaterials/MiniFont.uasset" 2477
"../../../Engine/Content/EngineMaterials/WeightMapPlaceholderTexture.uasset" 2478
"../../../Engine/Content/EngineMaterials/DefaultWhiteGrid.uasset" 2479
"../../../Engine/Content/EngineMaterials/BlueNoise.uasset" 2480
"../../../Engine/Content/EngineMaterials/DefaultPhysicalMaterial.uasset" 2481
"X:/Unreal Projects/Momentum/Momentum/Intermediate/AssetRegistryCache/311563bb.bin" 2482
"X:/Unreal Projects/Momentum/Momentum/Intermediate/AssetRegistryCache/c90e3f55.bin" 2483
"X:/Unreal Projects/Momentum/Momentum/Content/CollectibleManager.uasset" 2484
"X:/Unreal Projects/Momentum/Momentum/Content/ControllerButton.uasset" 2485
"X:/Unreal Projects/Momentum/Momentum/Content/GeometrySpline_Decoration.uasset" 2486
"X:/Unreal Projects/Momentum/Momentum/Content/Ghost.uasset" 2487
"X:/Unreal Projects/Momentum/Momentum/Content/HandleAutoManualCamera.uasset" 2488
"X:/Unreal Projects/Momentum/Momentum/Content/MainMenuController.uasset" 2489
"X:/Unreal Projects/Momentum/Momentum/Content/MainMenuGameMode.uasset" 2490
"X:/Unreal Projects/Momentum/Momentum/Content/MainMenuPHController.uasset" 2491
"X:/Unreal Projects/Momentum/Momentum/Content/PanningCamera.uasset" 2492
"X:/Unreal Projects/Momentum/Momentum/Content/PanningCameraPH.uasset" 2493
"X:/Unreal Projects/Momentum/Momentum/Content/Test.uasset" 2494
"X:/Unreal Projects/Momentum/Momentum/Content/Blueprints/ActionBlockIdeas/Collectible.uasset" 2495
"X:/Unreal Projects/Momentum/Momentum/Content/Blueprints/CharacterAbilities/CatchWallComponent.uasset" 2496
"X:/Unreal Projects/Momentum/Momentum/Content/Blueprints/CharacterAbilities/JumpQoLComponent.uasset" 2497
"X:/Unreal Projects/Momentum/Momentum/Content/Blueprints/CharacterAbilities/CorrectRotationComponent.uasset" 2498
"X:/Unreal Projects/Momentum/Momentum/Content/Blueprints/CharacterAbilities/RunComponent.uasset" 2499
"X:/Unreal Projects/Momentum/Momentum/Content/Experimental/MenuWidget.uasset" 2500
"X:/Unreal Projects/Momentum/Momentum/Content/Experimental/MainMenuCaroussel.uasset" 2501
"X:/Unreal Projects/Momentum/Momentum/Content/Experimental/M_CitySkysphere.uasset" 2502
"X:/Unreal Projects/Momentum/Momentum/Content/Experimental/CubeMap/CityRenderTarget_Tex2.uasset" 2503
"X:/Unreal Projects/Momentum/Momentum/Content/Audio/NewSoundClass.uasset" 2504
"X:/Unreal Projects/Momentum/Momentum/Content/Experimental/CubeMap/CityRenderTarget_Tex.uasset" 2505
"X:/Unreal Projects/Momentum/Momentum/Content/Experimental/CubeMap/CityRenderTarget_Tex1.uasset" 2506
"X:/Unreal Projects/Momentum/Momentum/Content/Levels/MainMenuPH.umap" 2507
"X:/Unreal Projects/Momentum/Momentum/Content/Levels/MainMenu_BuiltData.uasset" 2508
"X:/Unreal Projects/Momentum/Momentum/Content/Models/Material_001_Inst.uasset" 2509
"X:/Unreal Projects/Momentum/Momentum/Content/Models/Material_Inst.uasset" 2510
"X:/Unreal Projects/Momentum/Momentum/Content/Levels/StartingPoint/LevelStart.uasset" 2511
"X:/Unreal Projects/Momentum/Momentum/Content/Models/Geometry/BlobShadowReal_Mat.uasset" 2512
"X:/Unreal Projects/Momentum/Momentum/Content/Levels/Levels/Level3Extended.umap" 2513
"X:/Unreal Projects/Momentum/Momentum/Content/Levels/Levels/Level1and2.umap" 2514
"X:/Unreal Projects/Momentum/Momentum/Content/Levels/Levels/Level3Extended_BuiltData.uasset" 2515
"X:/Unreal Projects/Momentum/Momentum/Content/Levels/Levels/LevelTonz.umap" 2516
"X:/Unreal Projects/Momentum/Momentum/Content/Levels/Levels/LevelCubemapGeneration.umap" 2517
"X:/Unreal Projects/Momentum/Momentum/Content/Levels/MainMenu.umap" 2518
"X:/Unreal Projects/Momentum/Momentum/Content/Levels/Levels/LevelTut1.umap" 2519
"X:/Unreal Projects/Momentum/Momentum/Content/Models/Geometry/BlobShadowReal_Mat1.uasset" 2520
"X:/Unreal Projects/Momentum/Momentum/Content/Skater_Skye/SkaterSkyeCharacter_BP.uasset" 2521
"X:/Unreal Projects/Momentum/Momentum/Content/Skater_Skye/SkaterSkye_ABP.uasset" 2522
"X:/Unreal Projects/Momentum/Momentum/Content/UI/UE-logo-2023-SplashScreen-primary-vertical-White.uasset" 2523
"X:/Unreal Projects/Momentum/Momentum/Content/UI/Spedometer.uasset" 2524
"X:/Unreal Projects/Momentum/Momentum/Content/UI/Levels/LevelInformationActor.uasset" 2525
"X:/Unreal Projects/Momentum/Momentum/Content/UI/Levels/GameOver.uasset" 2526
"X:/Unreal Projects/Momentum/Momentum/Content/UI/Levels/LevelFailed.uasset" 2527
"X:/Unreal Projects/Momentum/Momentum/Content/UI/MenuController/LevelSelectMenuButton.uasset" 2528
"X:/Unreal Projects/Momentum/Momentum/Content/UI/MenuController/MenuComboBox.uasset" 2529
"X:/Unreal Projects/Momentum/Momentum/Content/UI/MenuController/MenuSlider.uasset" 2530
"X:/Unreal Projects/Momentum/Momentum/Content/UI/MenuController/VerticalMenu.uasset" 2531
"X:/Unreal Projects/Momentum/Momentum/Content/UI/MenuController/MenuButton.uasset" 2532
"X:/Unreal Projects/Momentum/Momentum/Content/UI/Menus/LevelSelectMenu.uasset" 2533
"X:/Unreal Projects/Momentum/Momentum/Content/UI/Menus/GetConfirmation.uasset" 2534
"X:/Unreal Projects/Momentum/Momentum/Content/UI/Menus/MainMenuMinimal.uasset" 2535
"X:/Unreal Projects/Momentum/Momentum/Content/UI/Menus/MainMenuHome.uasset" 2536
"X:/Unreal Projects/Momentum/Momentum/Content/UI/Menus/OptionsMenu.uasset" 2537
"X:/Unreal Projects/Momentum/Momentum/Content/UI/Menus/SplashScreen.uasset" 2538
"../../../Engine/Content/BasicShapes/Cube.uasset" 2539
"../../../Engine/Content/BasicShapes/Sphere.uasset" 2540
"../../../Engine/Content/BasicShapes/Cone.uasset" 2541
"../../../Engine/Content/BasicShapes/Plane.uasset" 2542
"../../../Engine/Content/EditorLandscapeResources/DefaultAlphaTexture.uasset" 2543
"../../../Engine/Content/EditorResources/S_Terrain.uasset" 2544
"../../../Engine/Content/EditorResources/SequenceRecorder/Countdown.uasset" 2545
"../../../Engine/Content/EditorResources/SequenceRecorder/RecordingIndicator.uasset" 2546
"X:/Unreal Projects/Momentum/Momentum/Intermediate/AssetRegistryCache/a399c672.bin" 2547
"X:/Unreal Projects/Momentum/Momentum/Saved/Cooked/WindowsNoEditor/MomentumPlatformer/Metadata/CookedIniVersion.txt" 2548
"C:/Users/dws24/AppData/Local/UnrealEngine/Common/DerivedDataCache/0/9/7/STREAMEDAUDIO_BC6E92FBBD314E3B9B9EC6778749EB5E_OGG10000$2D1$2D1$2D1$2D1$2D1_4_F58F8C0A4A7FB4D366F00FBFF219556D.udd" 2549
"C:/Users/dws24/AppData/Local/UnrealEngine/Common/DerivedDataCache/6/8/5/STREAMEDAUDIO_BC6E92FBBD314E3B9B9EC6778749EB5E_OGG10000$2D1$2D1$2D1$2D1$2D1_4_A2154B7848D8E44C69BA8E948EDB460C.udd" 2550
"C:/Users/dws24/AppData/Local/UnrealEngine/Common/DerivedDataCache/3/1/1/ANIMSEQ_D0E639028BB74237AD0F9775C097BB85_0_68F68D7137320473D3A095636C847CBCD20__8F0BC86328625172A0B5285601D59D720BC39019.udd" 2551
"C:/Users/dws24/AppData/Local/UnrealEngine/Common/DerivedDataCache/8/9/4/MATSM_0BA69734E4FD45E082FA4560DBE25454_PCD3D_SM5_8__BC5N_NOCCBN_NOIRIS_DEV_SL___7A10361A88AE308BFB5BB806F23318086CA9F8BF.udd" 2552
"C:/Users/dws24/AppData/Local/UnrealEngine/Common/DerivedDataCache/0/9/6/MATSM_0BA69734E4FD45E082FA4560DBE25454_PCD3D_SM5_8__BC5N_NOCCBN_NOIRIS_DEV_SL___9F2089C4A4BE25736B45F7275F64B98F3CF3086C.udd" 2553
"C:/Users/dws24/AppData/Local/UnrealEngine/Common/DerivedDataCache/5/8/9/MATSM_0BA69734E4FD45E082FA4560DBE25454_PCD3D_SM5_8__BC5N_NOCCBN_NOIRIS_DEV_SL___3D93BCF010646A88DE1C88AEA90A81DEB9BA298C.udd" 2554
"C:/Users/dws24/AppData/Local/UnrealEngine/Common/DerivedDataCache/5/1/0/MATSM_0BA69734E4FD45E082FA4560DBE25454_PCD3D_SM5_8__BC5N_NOCCBN_NOIRIS_DEV_SL___2090E11D830DFCBC510C45B2451AA92D7FCE0B32.udd" 2555
"C:/Users/dws24/AppData/Local/UnrealEngine/Common/DerivedDataCache/2/3/7/TEXTURE_E01F4250BECD420DA9CE63B5EECEC2C2_OODLE_AUTODXT_11_9E29589F4FD9594F1E5F__3845C1FD9642CECCF60ADA48AF5DC51CE5CD9F81.udd" 2556
"C:/Users/dws24/AppData/Local/UnrealEngine/Common/DerivedDataCache/5/2/8/PHYSX_A08609EF508D460CBB6710540B03AACF_PHYSXPC_0F924BDA4771E8B102596ABD61DCFA0__2990612D31299C170EEDD653E7B5C9BD413A65B0.udd" 2557
"C:/Users/dws24/AppData/Local/UnrealEngine/Common/DerivedDataCache/0/9/5/TEXTURE_E01F4250BECD420DA9CE63B5EECEC2C2_OODLE_AUTODXT_11_9E29589F4FD9594F1E5F__1F4823A5F6EF3C4E51BDB5609F3A1F911FAE9037.udd" 2558
"C:/Users/dws24/AppData/Local/UnrealEngine/Common/DerivedDataCache/4/6/5/TEXTURE_E01F4250BECD420DA9CE63B5EECEC2C2_OODLE_AUTODXT_11_9E29589F4FD9594F1E5F__029B4D3F80043CA16C410358A66D8E1962B65A9E.udd" 2559
"C:/Users/dws24/AppData/Local/UnrealEngine/Common/DerivedDataCache/2/6/8/TEXTURE_E01F4250BECD420DA9CE63B5EECEC2C2_OODLE_AUTODXT_11_9E29589F4FD9594F1E5F__B51C069669CFD0921F93CCBAB93BEA08D59B6E98.udd" 2560
"C:/Users/dws24/AppData/Local/UnrealEngine/Common/DerivedDataCache/1/7/9/TEXTURE_E01F4250BECD420DA9CE63B5EECEC2C2_OODLE_AUTODXT_11_9E29589F4FD9594F1E5F__E474CAB235651A3C057C4DA53AE4BEA8A95DF62B.udd" 2561
"C:/Users/dws24/AppData/Local/UnrealEngine/Common/DerivedDataCache/9/0/2/MATSM_0BA69734E4FD45E082FA4560DBE25454_PCD3D_SM5_8__BC5N_NOCCBN_NOIRIS_DEV_SL___0109D02F9F3155D8538BBDD24700F798DB0842C9.udd" 2562
"C:/Users/dws24/AppData/Local/UnrealEngine/Common/DerivedDataCache/7/4/5/STREAMEDAUDIO_BC6E92FBBD314E3B9B9EC6778749EB5E_OGG10000$2D1$2D1$2D1$2D1$2D1_4_875961E14E9902F7B36EA19FD3B262AA.udd" 2563
"C:/Users/dws24/AppData/Local/UnrealEngine/Common/DerivedDataCache/5/9/5/MATSM_0BA69734E4FD45E082FA4560DBE25454_PCD3D_SM5_8__BC5N_NOCCBN_NOIRIS_DEV_SL___E1A4B1448BB08D87307A2A166AAB30B2066B6B77.udd" 2564
"C:/Users/dws24/AppData/Local/UnrealEngine/Common/DerivedDataCache/1/4/5/STREAMEDAUDIO_BC6E92FBBD314E3B9B9EC6778749EB5E_OGG10000$2D1$2D1$2D1$2D1$2D1_4_73B5B7AA436DE2B2EAE58483D5324A6C.udd" 2565
"C:/Users/dws24/AppData/Local/UnrealEngine/Common/DerivedDataCache/0/0/6/MATSM_0BA69734E4FD45E082FA4560DBE25454_PCD3D_SM5_8__BC5N_NOCCBN_NOIRIS_DEV_SL___E9C66D5F478D5645DC916C3742ED6950D9D5FAB5.udd" 2566
"C:/Users/dws24/AppData/Local/UnrealEngine/Common/DerivedDataCache/2/7/5/TEXTURE_E01F4250BECD420DA9CE63B5EECEC2C2_G8_39F0E6C746EB5F1B22679C8F1EFF107F_0__01853B33FA4663F8656018B70D4D844D6D821FAA.udd" 2567
"C:/Users/dws24/AppData/Local/UnrealEngine/Common/DerivedDataCache/4/9/6/MATSM_0BA69734E4FD45E082FA4560DBE25454_PCD3D_SM5_8__BC5N_NOCCBN_NOIRIS_DEV_SL___DABA17F3345FBAAFB5558D30848773C8DD07A94C.udd" 2568
"C:/Users/dws24/AppData/Local/UnrealEngine/Common/DerivedDataCache/7/6/0/TEXTURE_E01F4250BECD420DA9CE63B5EECEC2C2_G8_C74358E342735A3D1F1948B082D565E5_0__8BBB1ED012BD0073ABDDE8194B3A3630BF57E293.udd" 2569
"C:/Users/dws24/AppData/Local/UnrealEngine/Common/DerivedDataCache/3/5/1/MATSM_0BA69734E4FD45E082FA4560DBE25454_PCD3D_SM5_8__BC5N_NOCCBN_NOIRIS_DEV_SL___202BD94A9343BF0124C45963527A310175175364.udd" 2570
"C:/Users/dws24/AppData/Local/UnrealEngine/Common/DerivedDataCache/3/5/8/MATSM_0BA69734E4FD45E082FA4560DBE25454_PCD3D_SM5_8__BC5N_NOCCBN_NOIRIS_DEV_SL___A9F9C3E1916E0601CBE3AB21A75071DB881599C3.udd" 2571
"C:/Users/dws24/AppData/Local/UnrealEngine/Common/DerivedDataCache/5/9/1/MATSM_0BA69734E4FD45E082FA4560DBE25454_PCD3D_SM5_8__BC5N_NOCCBN_NOIRIS_DEV_SL___DC371E2BCCE109B1B985730E80E585C0F3C2FBD2.udd" 2572
"C:/Users/dws24/AppData/Local/UnrealEngine/Common/DerivedDataCache/9/6/0/MATSM_0BA69734E4FD45E082FA4560DBE25454_PCD3D_SM5_8__BC5N_NOCCBN_NOIRIS_DEV_SL___CCF1D5EFA4678C8DF75E069AA0CED79588C376BF.udd" 2573
"C:/Users/dws24/AppData/Local/UnrealEngine/Common/DerivedDataCache/8/2/4/TEXTURE_E01F4250BECD420DA9CE63B5EECEC2C2_OODLE_AUTODXT_11_0DC606414DA9C433A572__84C351A5BCCE29BF9913C08DE2764560F3BEAB02.udd" 2574
"C:/Users/dws24/AppData/Local/UnrealEngine/Common/DerivedDataCache/6/3/6/TEXTURE_E01F4250BECD420DA9CE63B5EECEC2C2_OODLE_AUTODXT_11_0DC606414DA9C433A572__3A067C67206F6C2273135147C0B45C02A50AA0D4.udd" 2575
"C:/Users/dws24/AppData/Local/UnrealEngine/Common/DerivedDataCache/6/3/8/TEXTURE_E01F4250BECD420DA9CE63B5EECEC2C2_OODLE_AUTODXT_11_0DC606414DA9C433A572__D3A9717902451671BC825BDFD44464E660613CB3.udd" 2576
"C:/Users/dws24/AppData/Local/UnrealEngine/Common/DerivedDataCache/9/9/3/TEXTURE_E01F4250BECD420DA9CE63B5EECEC2C2_OODLE_AUTODXT_11_0DC606414DA9C433A572__2C0232FE9FA3A2AEEB0DFA4C34181B01CB0AF0BB.udd" 2577
"C:/Users/dws24/AppData/Local/UnrealEngine/Common/DerivedDataCache/0/8/3/MATSM_0BA69734E4FD45E082FA4560DBE25454_PCD3D_SM5_8__BC5N_NOCCBN_NOIRIS_DEV_SL___1F1B1E11BEC5BECB7854FCC61C13D6E17DCEC52B.udd" 2578
"C:/Users/dws24/AppData/Local/UnrealEngine/Common/DerivedDataCache/8/2/3/MATSM_0BA69734E4FD45E082FA4560DBE25454_PCD3D_SM5_8__BC5N_NOCCBN_NOIRIS_DEV_SL___73B72B5362EB1A15266D454BBB522521C1463BAF.udd" 2579
"C:/Users/dws24/AppData/Local/UnrealEngine/Common/DerivedDataCache/6/2/8/MATSM_0BA69734E4FD45E082FA4560DBE25454_PCD3D_SM5_8__BC5N_NOCCBN_NOIRIS_DEV_SL___40C072238DCD6B16F90B432A465636994389F4C1.udd" 2580
"C:/Users/dws24/AppData/Local/UnrealEngine/Common/DerivedDataCache/6/7/9/MATSM_0BA69734E4FD45E082FA4560DBE25454_PCD3D_SM5_8__BC5N_NOCCBN_NOIRIS_DEV_SL___C19C6A02135474CCE71FA153B24E56336B638F2F.udd" 2581
"C:/Users/dws24/AppData/Local/UnrealEngine/Common/DerivedDataCache/2/5/1/MATSM_0BA69734E4FD45E082FA4560DBE25454_PCD3D_SM5_8__BC5N_NOCCBN_NOIRIS_DEV_SL___B5065B82A20477D5BE7A168519D578CAF31199BD.udd" 2582
"C:/Users/dws24/AppData/Local/UnrealEngine/Common/DerivedDataCache/7/1/1/TEXTURE_E01F4250BECD420DA9CE63B5EECEC2C2_OODLE_AUTODXT_11_739307D3418235E0E857__392CFAB331090B2E8447DF2B158FC01C75A2D244.udd" 2583
"C:/Users/dws24/AppData/Local/UnrealEngine/Common/DerivedDataCache/6/7/2/TEXTURE_E01F4250BECD420DA9CE63B5EECEC2C2_OODLE_AUTODXT_11_770E780343B31255A762__3D76B3D06467DE3EE26E6108A667D1976988FBE5.udd" 2584
"C:/Users/dws24/AppData/Local/UnrealEngine/Common/DerivedDataCache/9/8/0/TEXTURE_E01F4250BECD420DA9CE63B5EECEC2C2_OODLE_AUTODXT_11_739307D3418235E0E857__D4D946BD253B9AD751E32F75874A072B16A469F5.udd" 2585
"C:/Users/dws24/AppData/Local/UnrealEngine/Common/DerivedDataCache/5/7/3/TEXTURE_E01F4250BECD420DA9CE63B5EECEC2C2_OODLE_AUTODXT_11_739307D3418235E0E857__1E96E3A3D4538BBD1A928937E996741D6FBE1CB5.udd" 2586
"C:/Users/dws24/AppData/Local/UnrealEngine/Common/DerivedDataCache/4/0/6/TEXTURE_E01F4250BECD420DA9CE63B5EECEC2C2_OODLE_AUTODXT_11_770E780343B31255A762__D6AE2B04826E888344E56A842261649678A728F1.udd" 2587
"C:/Users/dws24/AppData/Local/UnrealEngine/Common/DerivedDataCache/5/4/4/TEXTURE_E01F4250BECD420DA9CE63B5EECEC2C2_OODLE_AUTODXT_11_770E780343B31255A762__FC4D723ED5FBD3DAB9416F69F6E15F9DDE958999.udd" 2588
"C:/Users/dws24/AppData/Local/UnrealEngine/Common/DerivedDataCache/4/1/9/TEXTURE_E01F4250BECD420DA9CE63B5EECEC2C2_OODLE_AUTODXT_11_B8FE09C14A1D3E0C7566__75088AB16D64E11797A99DDE6525655871CF9560.udd" 2589
"C:/Users/dws24/AppData/Local/UnrealEngine/Common/DerivedDataCache/7/2/7/TEXTURE_E01F4250BECD420DA9CE63B5EECEC2C2_OODLE_AUTODXT_11_770E780343B31255A762__3C4E1B986F2316B570EF0786D73CEAF28A6F8E81.udd" 2590
"C:/Users/dws24/AppData/Local/UnrealEngine/Common/DerivedDataCache/4/7/3/TEXTURE_E01F4250BECD420DA9CE63B5EECEC2C2_OODLE_AUTODXT_11_739307D3418235E0E857__AD4C3EA86682D08A6CD7F71F8C7566E70D63C23A.udd" 2591
"C:/Users/dws24/AppData/Local/UnrealEngine/Common/DerivedDataCache/2/4/3/TEXTURE_E01F4250BECD420DA9CE63B5EECEC2C2_OODLE_AUTODXT_11_739307D3418235E0E857__BECC6726336DE127013100759A93814E8A7FF0E0.udd" 2592
"C:/Users/dws24/AppData/Local/UnrealEngine/Common/DerivedDataCache/3/0/0/TEXTURE_E01F4250BECD420DA9CE63B5EECEC2C2_OODLE_AUTODXT_11_770E780343B31255A762__B718FCA25A2812FA53E01F531D6ECB41824B68E4.udd" 2593
"C:/Users/dws24/AppData/Local/UnrealEngine/Common/DerivedDataCache/4/1/2/MATSM_0BA69734E4FD45E082FA4560DBE25454_PCD3D_SM5_8__BC5N_NOCCBN_NOIRIS_DEV_SL___183C184107C3B5D6602042D0792A3DD4AB05E07E.udd" 2594
"C:/Users/dws24/AppData/Local/UnrealEngine/Common/DerivedDataCache/8/5/9/TEXTURE_E01F4250BECD420DA9CE63B5EECEC2C2_OODLE_AUTODXT_11_082ED5D442C7D24BE1EB__4AEAC9790DD72F8C9D2DCF18326116C772B35F14.udd" 2595
"C:/Users/dws24/AppData/Local/UnrealEngine/Common/DerivedDataCache/1/8/9/TEXTURE_E01F4250BECD420DA9CE63B5EECEC2C2_OODLE_AUTODXT_11_082ED5D442C7D24BE1EB__9E8F9063831EC038F99B6184DABA02560811BF22.udd" 2596
"C:/Users/dws24/AppData/Local/UnrealEngine/Common/DerivedDataCache/0/5/4/TEXTURE_E01F4250BECD420DA9CE63B5EECEC2C2_OODLE_AUTODXT_11_082ED5D442C7D24BE1EB__56A3BD6EADC228ABA7FB8D79026B381257F6B7D0.udd" 2597
"C:/Users/dws24/AppData/Local/UnrealEngine/Common/DerivedDataCache/6/7/1/TEXTURE_E01F4250BECD420DA9CE63B5EECEC2C2_OODLE_AUTODXT_11_082ED5D442C7D24BE1EB__A937AA7A2B782C5DCDB03A7B32384B3E94D40510.udd" 2598
"C:/Users/dws24/AppData/Local/UnrealEngine/Common/DerivedDataCache/2/7/6/TEXTURE_E01F4250BECD420DA9CE63B5EECEC2C2_OODLE_AUTODXT_11_082ED5D442C7D24BE1EB__4BCADAABB16220DF5D9BA0F409B385F216290BC5.udd" 2599
"C:/Users/dws24/AppData/Local/UnrealEngine/Common/DerivedDataCache/1/1/7/TEXTURE_E01F4250BECD420DA9CE63B5EECEC2C2_OODLE_AUTODXT_11_B8FE09C14A1D3E0C7566__DA6BF65A9C19A7065BCE6E22CD81D9A1F41DE9B1.udd" 2600
"C:/Users/dws24/AppData/Local/UnrealEngine/Common/DerivedDataCache/8/0/5/TEXTURE_E01F4250BECD420DA9CE63B5EECEC2C2_OODLE_AUTODXT_11_B8FE09C14A1D3E0C7566__D8D86AB84722AA150A64CD1397ACB3C0994A9EF5.udd" 2601
"C:/Users/dws24/AppData/Local/UnrealEngine/Common/DerivedDataCache/0/4/5/PHYSX_A08609EF508D460CBB6710540B03AACF_PHYSXPC_3797637A544A6C2B25ABD593EC05F43__52170A1902971699C7BACAB49AF860302FAA6FCA.udd" 2602
"C:/Users/dws24/AppData/Local/UnrealEngine/Common/DerivedDataCache/0/3/8/TEXTURE_E01F4250BECD420DA9CE63B5EECEC2C2_OODLE_AUTODXT_11_B8FE09C14A1D3E0C7566__D25A7DEEEA10386B0ED60431C9D09F87A58FFB10.udd" 2603
"C:/Users/dws24/AppData/Local/UnrealEngine/Common/DerivedDataCache/3/7/7/TEXTURE_E01F4250BECD420DA9CE63B5EECEC2C2_OODLE_AUTODXT_11_B8FE09C14A1D3E0C7566__DBAB33200180DBD2B2F5225D5BA4BCE47E238B8D.udd" 2604
"C:/Users/dws24/AppData/Local/UnrealEngine/Common/DerivedDataCache/2/7/7/TEXTURE_E01F4250BECD420DA9CE63B5EECEC2C2_OODLE_AUTODXT_11_C6941C46054B8839A3DE__42DF4023A6A747976C545CE7F80BB45CEC62B78F.udd" 2605
"C:/Users/dws24/AppData/Local/UnrealEngine/Common/DerivedDataCache/5/6/9/TEXTURE_E01F4250BECD420DA9CE63B5EECEC2C2_OODLE_AUTODXT_11_C6941C46054B8839A3DE__79E8DE569FD9F524BB0752F554792D9FA303BEF8.udd" 2606
"C:/Users/dws24/AppData/Local/UnrealEngine/Common/DerivedDataCache/7/6/8/TEXTURE_E01F4250BECD420DA9CE63B5EECEC2C2_OODLE_AUTODXT_11_C6941C46054B8839A3DE__52A1221A253502CCC3994FE0E5ADEC4D3603A86E.udd" 2607
"C:/Users/dws24/AppData/Local/UnrealEngine/Common/DerivedDataCache/5/4/6/TEXTURE_E01F4250BECD420DA9CE63B5EECEC2C2_OODLE_AUTODXT_11_C6941C46054B8839A3DE__50C7C154F6D919C2A2B774730DD22FA22FA77365.udd" 2608
"C:/Users/dws24/AppData/Local/UnrealEngine/Common/DerivedDataCache/4/2/7/TEXTURE_E01F4250BECD420DA9CE63B5EECEC2C2_OODLE_AUTODXT_11_C6941C46054B8839A3DE__2F702017583786DF3F557FA3896BD4EC82CA10CD.udd" 2609
"C:/Users/dws24/AppData/Local/UnrealEngine/Common/DerivedDataCache/9/9/9/TEXTURE_E01F4250BECD420DA9CE63B5EECEC2C2_OODLE_DXT1_11_8128E3F53148762176BC609__DA2D0E50FCC110A583EB368E5A9E8CD788C400DA.udd" 2610
"C:/Users/dws24/AppData/Local/UnrealEngine/Common/DerivedDataCache/0/8/4/TEXTURE_E01F4250BECD420DA9CE63B5EECEC2C2_OODLE_DXT1_11_8128E3F53148762176BC609__483DA108BB0033B4AD8DE34870BF0B395AB29954.udd" 2611
"C:/Users/dws24/AppData/Local/UnrealEngine/Common/DerivedDataCache/9/0/8/TEXTURE_E01F4250BECD420DA9CE63B5EECEC2C2_OODLE_DXT1_11_8128E3F53148762176BC609__E508D341C9C6B33D5F7742DF38F7F13184739008.udd" 2612
"C:/Users/dws24/AppData/Local/UnrealEngine/Common/DerivedDataCache/5/9/2/TEXTURE_E01F4250BECD420DA9CE63B5EECEC2C2_OODLE_DXT1_11_CC397CDF9D48DA8F022F02A__407BB323954E4BE5E21E65D4BE68342D6C777EC7.udd" 2613
"C:/Users/dws24/AppData/Local/UnrealEngine/Common/DerivedDataCache/7/3/6/TEXTURE_E01F4250BECD420DA9CE63B5EECEC2C2_OODLE_DXT1_11_8128E3F53148762176BC609__949E82256B9DB08B5003804F5251F8FB76FBDC34.udd" 2614
"C:/Users/dws24/AppData/Local/UnrealEngine/Common/DerivedDataCache/4/2/1/TEXTURE_E01F4250BECD420DA9CE63B5EECEC2C2_OODLE_DXT1_11_8128E3F53148762176BC609__F58F738946BC14D7D749EB03E3167D5FE7DC50A0.udd" 2615
"C:/Users/dws24/AppData/Local/UnrealEngine/Common/DerivedDataCache/7/3/4/TEXTURE_E01F4250BECD420DA9CE63B5EECEC2C2_OODLE_DXT1_11_CC397CDF9D48DA8F022F02A__45432D5572CAB9D2330326599A4F848A000AFBCF.udd" 2616
"C:/Users/dws24/AppData/Local/UnrealEngine/Common/DerivedDataCache/2/6/1/TEXTURE_E01F4250BECD420DA9CE63B5EECEC2C2_OODLE_DXT1_11_CC397CDF9D48DA8F022F02A__ED9D59DB1D9527627F671D369B39F61D1E5AE24F.udd" 2617
"C:/Users/dws24/AppData/Local/UnrealEngine/Common/DerivedDataCache/2/9/9/TEXTURE_E01F4250BECD420DA9CE63B5EECEC2C2_OODLE_DXT1_11_CC397CDF9D48DA8F022F02A__FD3BD366CE03EC411399B77345C9A0AB22606356.udd" 2618
"C:/Users/dws24/AppData/Local/UnrealEngine/Common/DerivedDataCache/9/4/9/TEXTURE_E01F4250BECD420DA9CE63B5EECEC2C2_OODLE_DXT1_11_CC397CDF9D48DA8F022F02A__CD03F7449011F29199AFE513B620DA61EEE685E7.udd" 2619
"C:/Users/dws24/AppData/Local/UnrealEngine/Common/DerivedDataCache/5/2/5/TEXTURE_E01F4250BECD420DA9CE63B5EECEC2C2_OODLE_AUTODXT_11_7836D81E8846CA019528__6486183E63E504DFC7E902BA5D28D5A51AD91DB5.udd" 2620
"C:/Users/dws24/AppData/Local/UnrealEngine/Common/DerivedDataCache/1/1/5/TEXTURE_E01F4250BECD420DA9CE63B5EECEC2C2_OODLE_AUTODXT_11_7836D81E8846CA019528__5EE91FA6ED4A601784EF2F51CB000E6AD2E769A3.udd" 2621
"C:/Users/dws24/AppData/Local/UnrealEngine/Common/DerivedDataCache/3/9/3/TEXTURE_E01F4250BECD420DA9CE63B5EECEC2C2_OODLE_AUTODXT_11_7836D81E8846CA019528__C91CF61C40440D2F320B2CC45C50935FB60141CA.udd" 2622
"C:/Users/dws24/AppData/Local/UnrealEngine/Common/DerivedDataCache/4/8/8/TEXTURE_E01F4250BECD420DA9CE63B5EECEC2C2_OODLE_AUTODXT_11_7836D81E8846CA019528__88A8EEE1987BC6AB78E771945BFA365B9CEDDCF6.udd" 2623
"C:/Users/dws24/AppData/Local/UnrealEngine/Common/DerivedDataCache/8/2/9/TEXTURE_E01F4250BECD420DA9CE63B5EECEC2C2_OODLE_AUTODXT_11_7836D81E8846CA019528__F3719E51B777FB1A838C0BE105DF55CCAB6920A9.udd" 2624
"C:/Users/dws24/AppData/Local/UnrealEngine/Common/DerivedDataCache/6/8/8/MATSM_0BA69734E4FD45E082FA4560DBE25454_PCD3D_SM5_8__BC5N_NOCCBN_NOIRIS_DEV_SL___502C5623732AA57CEC65135E9B15AC99C296558C.udd" 2625
"C:/Users/dws24/AppData/Local/UnrealEngine/Common/DerivedDataCache/8/4/9/TEXTURE_E01F4250BECD420DA9CE63B5EECEC2C2_OODLE_DXT1_11_E66E1E68BA4753DBDAF2239__14FF28CA03F4AEEC0136C10115BF69E400538F2F.udd" 2626
"C:/Users/dws24/AppData/Local/UnrealEngine/Common/DerivedDataCache/2/2/4/TEXTURE_E01F4250BECD420DA9CE63B5EECEC2C2_OODLE_DXT1_11_E66E1E68BA4753DBDAF2239__A9F0BEE4F9093A9C3AE1407BF902C4795F1720CA.udd" 2627
"C:/Users/dws24/AppData/Local/UnrealEngine/Common/DerivedDataCache/8/0/6/TEXTURE_E01F4250BECD420DA9CE63B5EECEC2C2_OODLE_DXT1_11_E66E1E68BA4753DBDAF2239__B065E25B0C94D27353EB683D6D1EE5C00A75295C.udd" 2628
"C:/Users/dws24/AppData/Local/UnrealEngine/Common/DerivedDataCache/6/2/6/TEXTURE_E01F4250BECD420DA9CE63B5EECEC2C2_OODLE_DXT1_11_E66E1E68BA4753DBDAF2239__74D96A2336A74CF79DE24845FD350EA49406C125.udd" 2629
"C:/Users/dws24/AppData/Local/UnrealEngine/Common/DerivedDataCache/0/2/1/MATSM_0BA69734E4FD45E082FA4560DBE25454_PCD3D_SM5_8__BC5N_NOCCBN_NOIRIS_DEV_SL___53AD45BBDD0525E7C2C1D2B2C6CBBF32119A47A9.udd" 2630
"C:/Users/dws24/AppData/Local/UnrealEngine/Common/DerivedDataCache/3/5/8/TEXTURE_E01F4250BECD420DA9CE63B5EECEC2C2_G8_8D24F88646215C70FF9300869888523E_0__01580912B70A9AA2D4361B9951CBDECC34C250EC.udd" 2631
"C:/Users/dws24/AppData/Local/UnrealEngine/Common/DerivedDataCache/1/4/9/TEXTURE_E01F4250BECD420DA9CE63B5EECEC2C2_G8_8D24F88646215C70FF9300869888523E_0__AB3881FF40183D8A3E92FB1098729279BE085BB4.udd" 2632
"C:/Users/dws24/AppData/Local/UnrealEngine/Common/DerivedDataCache/2/3/8/MATSM_0BA69734E4FD45E082FA4560DBE25454_PCD3D_SM5_8__BC5N_NOCCBN_NOIRIS_DEV_SL___19650111952B059D8984EB266BBDC9BBBD562EE3.udd" 2633
"C:/Users/dws24/AppData/Local/UnrealEngine/Common/DerivedDataCache/3/9/8/MATSM_0BA69734E4FD45E082FA4560DBE25454_PCD3D_SM5_8__BC5N_NOCCBN_NOIRIS_DEV_SL___59D5300104237F9D4BB5624F2F88A52AB3FD7DD2.udd" 2634
"C:/Users/dws24/AppData/Local/UnrealEngine/Common/DerivedDataCache/3/0/1/MATSM_0BA69734E4FD45E082FA4560DBE25454_PCD3D_SM5_8__BC5N_NOCCBN_NOIRIS_DEV_SL___67F2E67254B5B130CAA6DB81603F73999695B0C9.udd" 2635
"C:/Users/dws24/AppData/Local/UnrealEngine/Common/DerivedDataCache/7/6/4/MATSM_0BA69734E4FD45E082FA4560DBE25454_PCD3D_SM5_8__BC5N_NOCCBN_NOIRIS_DEV_SL___3E926D250E3E716A78C7FC5D8A7CF618C73A8D5B.udd" 2636
"C:/Users/dws24/AppData/Local/UnrealEngine/Common/DerivedDataCache/3/3/5/MATSM_0BA69734E4FD45E082FA4560DBE25454_PCD3D_SM5_8__BC5N_NOCCBN_NOIRIS_DEV_SL___AF3E03CAD58D795FE27541262B22C350192BDA77.udd" 2637
"C:/Users/dws24/AppData/Local/UnrealEngine/Common/DerivedDataCache/7/7/9/MATSM_0BA69734E4FD45E082FA4560DBE25454_PCD3D_SM5_8__BC5N_NOCCBN_NOIRIS_DEV_SL___375E3965A79C77225EF84F4CF17D16ED9AA39360.udd" 2638
"C:/Users/dws24/AppData/Local/UnrealEngine/Common/DerivedDataCache/5/9/0/MATSM_0BA69734E4FD45E082FA4560DBE25454_PCD3D_SM5_8__BC5N_NOCCBN_NOIRIS_DEV_SL___7504291F051469FD84266BC9C0D3EC15BFC3BC03.udd" 2639
"C:/Users/dws24/AppData/Local/UnrealEngine/Common/DerivedDataCache/6/1/8/STREAMEDAUDIO_BC6E92FBBD314E3B9B9EC6778749EB5E_OGG10000$2D1$2D1$2D1$2D1$2D1_4_12BAA01D4A0F7924AC6775A70261E249.udd" 2640
"C:/Users/dws24/AppData/Local/UnrealEngine/Common/DerivedDataCache/4/3/7/ANIMSEQ_D0E639028BB74237AD0F9775C097BB85_0_AB2BC7087BC11B27B1B5E485DDFFF3B3D20__A4B77CC658D7935E98DD413ABFB09C8E644D1879.udd" 2641
"C:/Users/dws24/AppData/Local/UnrealEngine/Common/DerivedDataCache/8/7/8/ANIMSEQ_D0E639028BB74237AD0F9775C097BB85_0_2A961FD1B197EDAD8B23ABEB9DB195D3D20__3816F2C485A38FF23CF78C35BA047ED53F00CFAE.udd" 2642
"C:/Users/dws24/AppData/Local/UnrealEngine/Common/DerivedDataCache/4/0/4/ANIMSEQ_D0E639028BB74237AD0F9775C097BB85_0_516A45CC950213527A6DECFD195E0E26D20__30CFC0B518A91859948195E18AC4F47337B39E44.udd" 2643
"C:/Users/dws24/AppData/Local/UnrealEngine/Common/DerivedDataCache/0/6/2/ANIMSEQ_D0E639028BB74237AD0F9775C097BB85_0_2C3D7ECC3D3D681C3AC459AE5008B902D20__2AB0620D39F7D0119B4BB1C7DBAFFC3654CBCEC1.udd" 2644
"C:/Users/dws24/AppData/Local/UnrealEngine/Common/DerivedDataCache/4/4/7/ANIMSEQ_D0E639028BB74237AD0F9775C097BB85_0_2ED0F0864B5F68F06EA63EA56B54CFAED20__1E075BDA779404ABC096FAD60CC6624A71AD084A.udd" 2645
"C:/Users/dws24/AppData/Local/UnrealEngine/Common/DerivedDataCache/7/7/0/ANIMSEQ_D0E639028BB74237AD0F9775C097BB85_0_FB488A8897067D06D1EFDCF3A45E7855D20__85A768768227FA29832E97001D8ED9C6435128A6.udd" 2646
"C:/Users/dws24/AppData/Local/UnrealEngine/Common/DerivedDataCache/5/1/0/ANIMSEQ_D0E639028BB74237AD0F9775C097BB85_0_2EB4A33700251A7F6025668CCC1BBE44D20__A7D1AF8EE8CA0EB960C798DFF8E16069624BE57F.udd" 2647
"C:/Users/dws24/AppData/Local/UnrealEngine/Common/DerivedDataCache/9/7/9/ANIMSEQ_D0E639028BB74237AD0F9775C097BB85_0_F08A3E05438BABA81A9A5F4D1A022C0BD20__788FB3E1453EB7FCF1A83CEB876FE4787CA87AB0.udd" 2648
"C:/Users/dws24/AppData/Local/UnrealEngine/Common/DerivedDataCache/2/4/4/ANIMSEQ_D0E639028BB74237AD0F9775C097BB85_0_0A379DCAAE124C837605DE3CC23C3CA4D20__F8DEADB8B5CE797B625F6D7752A5A7230BDA939F.udd" 2649
"C:/Users/dws24/AppData/Local/UnrealEngine/Common/DerivedDataCache/7/2/9/MATSM_0BA69734E4FD45E082FA4560DBE25454_PCD3D_SM5_8__BC5N_NOCCBN_NOIRIS_DEV_SL___3B686AC349EA522BC29AEAD26775539EDA590E5D.udd" 2650
"C:/Users/dws24/AppData/Local/UnrealEngine/Common/DerivedDataCache/7/5/8/MATSM_0BA69734E4FD45E082FA4560DBE25454_PCD3D_SM5_8__BC5N_NOCCBN_NOIRIS_DEV_SL___CBD8327481D755C3251EE284A97BD87EA03B90F3.udd" 2651
"../../../Engine/Plugins/Experimental/ControlRig/Content/Controls/ControlRig_Wedge_solid.uasset" 2652
"../../../Engine/Plugins/Experimental/ControlRig/Content/Controls/ControlRig_Wedge_3mm.uasset" 2653
"../../../Engine/Plugins/Experimental/ControlRig/Content/Controls/ControlRig_Triangle_solid.uasset" 2654
"C:/Users/dws24/AppData/Local/UnrealEngine/Common/DerivedDataCache/2/5/5/STATICMESH_9CE2B6FB46754B699726C4AA1515F12E_228332BAE0224DD294E232B87D83948FQU__CF9837DABAD2C648E3BB0AFF99496066BF68A804.udd" 2655
"../../../Engine/Plugins/Experimental/ControlRig/Content/Controls/ControlRig_Wedge_1mm.uasset" 2656
"C:/Users/dws24/AppData/Local/UnrealEngine/Common/DerivedDataCache/9/2/6/PHYSX_A08609EF508D460CBB6710540B03AACF_PHYSXPC_198DE44A7A455B366EFCDA92FED0501__F03CDAEBC338B34C569B5B79D5D1302DEE7DD03D.udd" 2657
"../../../Engine/Plugins/Experimental/ControlRig/Content/Controls/ControlRig_Triangle_1mm.uasset" 2658
"C:/Users/dws24/AppData/Local/UnrealEngine/Common/DerivedDataCache/4/6/4/NAVCOLLISION_2983273BE5D6425391E8C0B3D1C0A55D_NAVCOLLISION_X_198DE44A7A455B366__0CF1E4FF864AB1B5B66CE60F14006C0D95D05E0A.udd" 2659
"../../../Engine/Plugins/Experimental/ControlRig/Content/Controls/ControlRig_Triangle_3mm.uasset" 2660
"../../../Engine/Plugins/Experimental/ControlRig/Content/Controls/ControlRig_Square_3mm.uasset" 2661
"../../../Engine/Plugins/Experimental/ControlRig/Content/Controls/ControlRig_Star4_solid.uasset" 2662
"C:/Users/dws24/AppData/Local/UnrealEngine/Common/DerivedDataCache/0/4/6/STATICMESH_9CE2B6FB46754B699726C4AA1515F12E_228332BAE0224DD294E232B87D83948FQU__44340FA45E1288C09A49788017200D7A7D8DD287.udd" 2663
"../../../Engine/Plugins/Experimental/ControlRig/Content/Controls/ControlRig_Square_solid.uasset" 2664
"../../../Engine/Plugins/Experimental/ControlRig/Content/Controls/ControlRig_Star4_3mm.uasset" 2665
"../../../Engine/Plugins/Experimental/ControlRig/Content/Controls/ControlRig_Sphere_3mm.uasset" 2666
"../../../Engine/Plugins/Experimental/ControlRig/Content/Controls/ControlRig_Star4_1mm.uasset" 2667
"../../../Engine/Plugins/Experimental/ControlRig/Content/Controls/ControlRig_Sphere_1mm.uasset" 2668
"C:/Users/dws24/AppData/Local/UnrealEngine/Common/DerivedDataCache/9/2/3/PHYSX_A08609EF508D460CBB6710540B03AACF_PHYSXPC_34D4AD0F92410193B94131B344206BF__3CACF38AA03F9D64265716458E5E73803001E963.udd" 2669
"../../../Engine/Plugins/Experimental/ControlRig/Content/Controls/ControlRig_RoundedTriangle_3mm.uasset" 2670
"C:/Users/dws24/AppData/Local/UnrealEngine/Common/DerivedDataCache/3/2/0/NAVCOLLISION_2983273BE5D6425391E8C0B3D1C0A55D_NAVCOLLISION_X_34D4AD0F92410193B__7D7E69C6AFE7E03EE33E8899FBCD9A4D11C1F0B5.udd" 2671
"../../../Engine/Plugins/Experimental/ControlRig/Content/Controls/ControlRig_RoundedTriangle_solid.uasset" 2672
"../../../Engine/Plugins/Experimental/ControlRig/Content/Controls/ControlRig_RoundedSquare_solid.uasset" 2673
"../../../Engine/Plugins/Experimental/ControlRig/Content/Controls/ControlRig_RoundedTriangle_1mm.uasset" 2674
"C:/Users/dws24/AppData/Local/UnrealEngine/Common/DerivedDataCache/5/2/9/STATICMESH_9CE2B6FB46754B699726C4AA1515F12E_228332BAE0224DD294E232B87D83948FQU__232AC9EB7FCDA7FD3D304F0E47119AABD9663E48.udd" 2675
"../../../Engine/Plugins/Experimental/ControlRig/Content/Controls/ControlRig_Square_1mm.uasset" 2676
"C:/Users/dws24/AppData/Local/UnrealEngine/Common/DerivedDataCache/0/7/1/PHYSX_A08609EF508D460CBB6710540B03AACF_PHYSXPC_8B1F22E98D4D48A6C4A76D99E58A0BB__0BDC0EEB286F6AAB51A0E51999F81D74767F15A7.udd" 2677
"C:/Users/dws24/AppData/Local/UnrealEngine/Common/DerivedDataCache/2/9/4/NAVCOLLISION_2983273BE5D6425391E8C0B3D1C0A55D_NAVCOLLISION_X_8B1F22E98D4D48A6C__5E8BBC2B193342DF49CD3821AD97F547A2A29CFC.udd" 2678
"C:/Users/dws24/AppData/Local/UnrealEngine/Common/DerivedDataCache/7/7/0/STATICMESH_9CE2B6FB46754B699726C4AA1515F12E_228332BAE0224DD294E232B87D83948FQU__41E6BA00D8F63D2D1EF64C84893179D05ED8D01F.udd" 2679
"../../../Engine/Plugins/Experimental/ControlRig/Content/Controls/ControlRig_RoundedSquare_3mm.uasset" 2680
"C:/Users/dws24/AppData/Local/UnrealEngine/Common/DerivedDataCache/9/1/2/PHYSX_A08609EF508D460CBB6710540B03AACF_PHYSXPC_9084A922C74F0CE0F9548898A62A05F__0C8C91369B234D4F42E15F4C8A4BB4F2673E6601.udd" 2681
"C:/Users/dws24/AppData/Local/UnrealEngine/Common/DerivedDataCache/0/3/7/NAVCOLLISION_2983273BE5D6425391E8C0B3D1C0A55D_NAVCOLLISION_X_9084A922C74F0CE0F__63858BEE141C2F2B6C096076D6F10B7450867178.udd" 2682
"C:/Users/dws24/AppData/Local/UnrealEngine/Common/DerivedDataCache/5/8/0/STATICMESH_9CE2B6FB46754B699726C4AA1515F12E_228332BAE0224DD294E232B87D83948FQU__FB5557B107E4E39608F51ED599BA565F82649350.udd" 2683
"../../../Engine/Plugins/Experimental/ControlRig/Content/Controls/ControlRig_RoundedSquare_1mm.uasset" 2684
"C:/Users/dws24/AppData/Local/UnrealEngine/Common/DerivedDataCache/9/0/8/PHYSX_A08609EF508D460CBB6710540B03AACF_PHYSXPC_022034160C4A0B4462EE4B89F1E4D53__D38816722B4C6901D6B02EB916E2069E4C92CF71.udd" 2685
"C:/Users/dws24/AppData/Local/UnrealEngine/Common/DerivedDataCache/7/5/2/NAVCOLLISION_2983273BE5D6425391E8C0B3D1C0A55D_NAVCOLLISION_X_022034160C4A0B446__50E27218E8602841BC65590AE1AC2F60030CF744.udd" 2686
"../../../Engine/Plugins/Experimental/ControlRig/Content/Controls/ControlRig_QuarterCircle_solid.uasset" 2687
"C:/Users/dws24/AppData/Local/UnrealEngine/Common/DerivedDataCache/8/1/3/STATICMESH_9CE2B6FB46754B699726C4AA1515F12E_228332BAE0224DD294E232B87D83948FQU__ED4DAB9FEC18F6F29AB6ADF5DFCF1AA3D24B8477.udd" 2688
"C:/Users/dws24/AppData/Local/UnrealEngine/Common/DerivedDataCache/8/5/6/PHYSX_A08609EF508D460CBB6710540B03AACF_PHYSXPC_0CEF3252B149D4F7A086A18983177B8__85C8468CDCDE24C3D71FBD1AAC87A1143DF11317.udd" 2689
"C:/Users/dws24/AppData/Local/UnrealEngine/Common/DerivedDataCache/6/6/9/NAVCOLLISION_2983273BE5D6425391E8C0B3D1C0A55D_NAVCOLLISION_X_0CEF3252B149D4F7A__58A700D666D1456DA3F4E5228390C5B1C528075D.udd" 2690
"../../../Engine/Plugins/Experimental/ControlRig/Content/Controls/ControlRig_QuarterCircle_3mm.uasset" 2691
"C:/Users/dws24/AppData/Local/UnrealEngine/Common/DerivedDataCache/2/4/9/STATICMESH_9CE2B6FB46754B699726C4AA1515F12E_228332BAE0224DD294E232B87D83948FQU__A0CC7EF40B78532AB52048D4BF74A75516780D86.udd" 2692
"C:/Users/dws24/AppData/Local/UnrealEngine/Common/DerivedDataCache/8/2/9/PHYSX_A08609EF508D460CBB6710540B03AACF_PHYSXPC_8610CA3E8045D053BC2043B4E48AB86__250B985C526A50F9ABEE1DECDD22B9917012B408.udd" 2693
"C:/Users/dws24/AppData/Local/UnrealEngine/Common/DerivedDataCache/5/0/1/NAVCOLLISION_2983273BE5D6425391E8C0B3D1C0A55D_NAVCOLLISION_X_8610CA3E8045D053B__AFE093D05D7DF5424BEC2211EA18A8798810EE6A.udd" 2694
"../../../Engine/Plugins/Experimental/ControlRig/Content/Controls/ControlRig_QuarterCircle_1mm.uasset" 2695
"C:/Users/dws24/AppData/Local/UnrealEngine/Common/DerivedDataCache/3/1/3/STATICMESH_9CE2B6FB46754B699726C4AA1515F12E_228332BAE0224DD294E232B87D83948FQU__7F42B52EB8A8686D0DB8526276378E1EB74B918E.udd" 2696
"C:/Users/dws24/AppData/Local/UnrealEngine/Common/DerivedDataCache/0/1/7/PHYSX_A08609EF508D460CBB6710540B03AACF_PHYSXPC_3E08CD01A14A69EF4EB7859158381AC__D3E9CFE130C80CF2A4FA16E74C09777C939737F4.udd" 2697
"C:/Users/dws24/AppData/Local/UnrealEngine/Common/DerivedDataCache/9/4/9/NAVCOLLISION_2983273BE5D6425391E8C0B3D1C0A55D_NAVCOLLISION_X_3E08CD01A14A69EF4__71102863A7652A3AB86E49CA0C132621DC2035C8.udd" 2698
"../../../Engine/Plugins/Experimental/ControlRig/Content/Controls/ControlRig_Pyramid_solid.uasset" 2699
"C:/Users/dws24/AppData/Local/UnrealEngine/Common/DerivedDataCache/6/1/0/STATICMESH_9CE2B6FB46754B699726C4AA1515F12E_228332BAE0224DD294E232B87D83948FQU__0F97ADE30155B808345682F1ECF89AE59B16BA1C.udd" 2700
"C:/Users/dws24/AppData/Local/UnrealEngine/Common/DerivedDataCache/5/9/8/PHYSX_A08609EF508D460CBB6710540B03AACF_PHYSXPC_5B8CE2DFEA4781AB1E8A32A617EC305__A3177FFC66E21067C546EA51F2F0012FEA33C211.udd" 2701
"C:/Users/dws24/AppData/Local/UnrealEngine/Common/DerivedDataCache/1/6/8/NAVCOLLISION_2983273BE5D6425391E8C0B3D1C0A55D_NAVCOLLISION_X_5B8CE2DFEA4781AB1__1AB59DD1BB8E3F2648978B0BB2CE14E7368BB030.udd" 2702
"../../../Engine/Plugins/Experimental/ControlRig/Content/Controls/ControlRig_Pyramid_3mm.uasset" 2703
"C:/Users/dws24/AppData/Local/UnrealEngine/Common/DerivedDataCache/6/9/8/STATICMESH_9CE2B6FB46754B699726C4AA1515F12E_228332BAE0224DD294E232B87D83948FQU__87FD7EC0B4B34C4BA1AC941E7525ECEFF308B268.udd" 2704
"C:/Users/dws24/AppData/Local/UnrealEngine/Common/DerivedDataCache/8/1/5/PHYSX_A08609EF508D460CBB6710540B03AACF_PHYSXPC_C6FDBDD6C44D8FBFA0A61C9B5497879__C4EADB241F08CE0615F6962460DF25A5BF709F5F.udd" 2705
"C:/Users/dws24/AppData/Local/UnrealEngine/Common/DerivedDataCache/1/5/5/NAVCOLLISION_2983273BE5D6425391E8C0B3D1C0A55D_NAVCOLLISION_X_C6FDBDD6C44D8FBFA__4B0C1FEE7E62A92F8A1222B1C765D528D2F8A05B.udd" 2706
"C:/Users/dws24/AppData/Local/UnrealEngine/Common/DerivedDataCache/8/5/7/STATICMESH_9CE2B6FB46754B699726C4AA1515F12E_228332BAE0224DD294E232B87D83948FQU__F44137AA8A654923A9404E7DB0BB06228B00BD7A.udd" 2707
"../../../Engine/Plugins/Experimental/ControlRig/Content/Controls/ControlRig_Pyramid_1mm.uasset" 2708
"C:/Users/dws24/AppData/Local/UnrealEngine/Common/DerivedDataCache/2/1/5/PHYSX_A08609EF508D460CBB6710540B03AACF_PHYSXPC_52466AEF2E406CB16119ACB220B3ABB__6E5D7EC275D092825FE865F0F6E804036F0823FB.udd" 2709
"C:/Users/dws24/AppData/Local/UnrealEngine/Common/DerivedDataCache/2/5/3/NAVCOLLISION_2983273BE5D6425391E8C0B3D1C0A55D_NAVCOLLISION_X_52466AEF2E406CB16__4A8868726556430B5C5C58E92E4222E5FB8C6A0D.udd" 2710
"../../../Engine/Plugins/Experimental/ControlRig/Content/Controls/ControlRig_Octagon_solid.uasset" 2711
"C:/Users/dws24/AppData/Local/UnrealEngine/Common/DerivedDataCache/3/3/7/STATICMESH_9CE2B6FB46754B699726C4AA1515F12E_228332BAE0224DD294E232B87D83948FQU__2E6E90095498C27024534CF22089D5B398AD6925.udd" 2712
"C:/Users/dws24/AppData/Local/UnrealEngine/Common/DerivedDataCache/2/2/6/PHYSX_A08609EF508D460CBB6710540B03AACF_PHYSXPC_AD5954FEB447757525D702844CAE19C__A3CE94721A501FDDEC91A968C194976AB7A55064.udd" 2713
"C:/Users/dws24/AppData/Local/UnrealEngine/Common/DerivedDataCache/4/6/8/NAVCOLLISION_2983273BE5D6425391E8C0B3D1C0A55D_NAVCOLLISION_X_AD5954FEB44775752__80C9B8ADFE27B6D2EE50D9D9F018A6ED4800741E.udd" 2714
"../../../Engine/Plugins/Experimental/ControlRig/Content/Controls/ControlRig_Octagon_3mm.uasset" 2715
"C:/Users/dws24/AppData/Local/UnrealEngine/Common/DerivedDataCache/7/6/5/STATICMESH_9CE2B6FB46754B699726C4AA1515F12E_228332BAE0224DD294E232B87D83948FQU__ACFD8E059DD405B74CC893F1CF32C3901C2F79E1.udd" 2716
"C:/Users/dws24/AppData/Local/UnrealEngine/Common/DerivedDataCache/4/0/2/PHYSX_A08609EF508D460CBB6710540B03AACF_PHYSXPC_91D3F3F6484BD2C73FE28D9C8A549A5__0CC924FC6AE6043986512E6D4FD7C08CC9415F26.udd" 2717
"C:/Users/dws24/AppData/Local/UnrealEngine/Common/DerivedDataCache/2/4/8/NAVCOLLISION_2983273BE5D6425391E8C0B3D1C0A55D_NAVCOLLISION_X_91D3F3F6484BD2C73__D4F75804FF756E9DCC64680FC511F1E50185D2E1.udd" 2718
"../../../Engine/Plugins/Experimental/ControlRig/Content/Controls/ControlRig_Octagon_1mm.uasset" 2719
"C:/Users/dws24/AppData/Local/UnrealEngine/Common/DerivedDataCache/1/0/4/STATICMESH_9CE2B6FB46754B699726C4AA1515F12E_228332BAE0224DD294E232B87D83948FQU__1446B4925F4CE90EC8ABEE7C5579AB8216F131B9.udd" 2720
"C:/Users/dws24/AppData/Local/UnrealEngine/Common/DerivedDataCache/8/5/5/PHYSX_A08609EF508D460CBB6710540B03AACF_PHYSXPC_7FAE5B5B1147724E2A9159B36C2C974__E2F50D2D0745AAB4AACED6F7AD62487BDE6634EB.udd" 2721
"C:/Users/dws24/AppData/Local/UnrealEngine/Common/DerivedDataCache/3/1/7/NAVCOLLISION_2983273BE5D6425391E8C0B3D1C0A55D_NAVCOLLISION_X_7FAE5B5B1147724E2__3B2E64ACADB2956553670CF56325E9A091199B9D.udd" 2722
"C:/Users/dws24/AppData/Local/UnrealEngine/Common/DerivedDataCache/5/2/5/STATICMESH_9CE2B6FB46754B699726C4AA1515F12E_228332BAE0224DD294E232B87D83948FQU__456AE545D902BE2B324AD491B7DE99A13B57FAFB.udd" 2723
"../../../Engine/Plugins/Experimental/ControlRig/Content/Controls/ControlRig_Hexagon_solid.uasset" 2724
"C:/Users/dws24/AppData/Local/UnrealEngine/Common/DerivedDataCache/0/8/4/PHYSX_A08609EF508D460CBB6710540B03AACF_PHYSXPC_6A0ADA00C24D53049B88AEA70CFC530__97F90029DD2A70A7FF9B17214D1E8273E0A50EB8.udd" 2725
"C:/Users/dws24/AppData/Local/UnrealEngine/Common/DerivedDataCache/2/6/5/NAVCOLLISION_2983273BE5D6425391E8C0B3D1C0A55D_NAVCOLLISION_X_6A0ADA00C24D53049__9807CCDB9EF093D7CEA6348763B8FE0FCAB1A621.udd" 2726
"../../../Engine/Plugins/Experimental/ControlRig/Content/Controls/ControlRig_Hexagon_3mm.uasset" 2727
"C:/Users/dws24/AppData/Local/UnrealEngine/Common/DerivedDataCache/6/5/5/STATICMESH_9CE2B6FB46754B699726C4AA1515F12E_228332BAE0224DD294E232B87D83948FQU__614F09C2EBFDF3E275AEABBAFD180D9C8F0DE305.udd" 2728
"C:/Users/dws24/AppData/Local/UnrealEngine/Common/DerivedDataCache/9/4/6/PHYSX_A08609EF508D460CBB6710540B03AACF_PHYSXPC_CFAC0CDC9C400A635C714BB9DFEF286__070A32B8FEDEC184A6694D60D46E12518949EB41.udd" 2729
"C:/Users/dws24/AppData/Local/UnrealEngine/Common/DerivedDataCache/6/9/6/NAVCOLLISION_2983273BE5D6425391E8C0B3D1C0A55D_NAVCOLLISION_X_CFAC0CDC9C400A635__49927026241C005A29D2609F006E7CF0F18EAF3B.udd" 2730
"../../../Engine/Plugins/Experimental/ControlRig/Content/Controls/ControlRig_Hexagon_1mm.uasset" 2731
"C:/Users/dws24/AppData/Local/UnrealEngine/Common/DerivedDataCache/6/3/6/STATICMESH_9CE2B6FB46754B699726C4AA1515F12E_228332BAE0224DD294E232B87D83948FQU__A075C0864FA0E75A56FB6419AEDA095E4078676D.udd" 2732
"C:/Users/dws24/AppData/Local/UnrealEngine/Common/DerivedDataCache/2/5/6/PHYSX_A08609EF508D460CBB6710540B03AACF_PHYSXPC_FF62A7D62D4C9C314A7BE2B358D75B3__503BB436BE95D84D72657B1C234241C9D70C41DC.udd" 2733
"C:/Users/dws24/AppData/Local/UnrealEngine/Common/DerivedDataCache/8/7/2/NAVCOLLISION_2983273BE5D6425391E8C0B3D1C0A55D_NAVCOLLISION_X_FF62A7D62D4C9C314__BD4F5D1BC0656489C5728252536BE499952077C7.udd" 2734
"../../../Engine/Plugins/Experimental/ControlRig/Content/Controls/ControlRig_HalfCircle_solid.uasset" 2735
"C:/Users/dws24/AppData/Local/UnrealEngine/Common/DerivedDataCache/2/5/3/STATICMESH_9CE2B6FB46754B699726C4AA1515F12E_228332BAE0224DD294E232B87D83948FQU__54EAF57F141A3D273F5AE990E40E11401948642B.udd" 2736
"C:/Users/dws24/AppData/Local/UnrealEngine/Common/DerivedDataCache/3/3/2/PHYSX_A08609EF508D460CBB6710540B03AACF_PHYSXPC_C0CE513F084956016335BEADC369B56__101A5696097EF63A23FC66B0870B1E4C2F3877E9.udd" 2737
"C:/Users/dws24/AppData/Local/UnrealEngine/Common/DerivedDataCache/5/5/3/NAVCOLLISION_2983273BE5D6425391E8C0B3D1C0A55D_NAVCOLLISION_X_C0CE513F084956016__C0152ED82306931A9C4F76E725D090FC27E7F6AC.udd" 2738
"../../../Engine/Plugins/Experimental/ControlRig/Content/Controls/ControlRig_HalfCircle_3mm.uasset" 2739
"C:/Users/dws24/AppData/Local/UnrealEngine/Common/DerivedDataCache/9/3/5/STATICMESH_9CE2B6FB46754B699726C4AA1515F12E_228332BAE0224DD294E232B87D83948FQU__1CFD0BF574A4FEFE11BF72AE5CBA0EC80954912C.udd" 2740
"C:/Users/dws24/AppData/Local/UnrealEngine/Common/DerivedDataCache/5/4/5/PHYSX_A08609EF508D460CBB6710540B03AACF_PHYSXPC_4A0FAABBA44F81D119EB7BA726E08A7__231CCE89CBFB098FBBCA242EB374CC1DACDE0250.udd" 2741
"C:/Users/dws24/AppData/Local/UnrealEngine/Common/DerivedDataCache/8/3/6/NAVCOLLISION_2983273BE5D6425391E8C0B3D1C0A55D_NAVCOLLISION_X_4A0FAABBA44F81D11__3C59C7926DA27F51821FBDCA499A53FBDA65DA07.udd" 2742
"../../../Engine/Plugins/Experimental/ControlRig/Content/Controls/ControlRig_HalfCircle_1mm.uasset" 2743
"C:/Users/dws24/AppData/Local/UnrealEngine/Common/DerivedDataCache/3/3/3/STATICMESH_9CE2B6FB46754B699726C4AA1515F12E_228332BAE0224DD294E232B87D83948FQU__E03C0C5E2E086B9A0B20E02C71F74DE6366B6477.udd" 2744
"C:/Users/dws24/AppData/Local/UnrealEngine/Common/DerivedDataCache/7/2/7/PHYSX_A08609EF508D460CBB6710540B03AACF_PHYSXPC_6E4C4A13B242C5D382695B98002B1A0__9D74EFD2ABA48A9B2FBDA6F7BE06861ED3AAC08B.udd" 2745
"C:/Users/dws24/AppData/Local/UnrealEngine/Common/DerivedDataCache/4/9/9/NAVCOLLISION_2983273BE5D6425391E8C0B3D1C0A55D_NAVCOLLISION_X_6E4C4A13B242C5D38__9E01520FBF4276FC8C58BE3D7CC58893E9E728E8.udd" 2746
"../../../Engine/Plugins/Experimental/ControlRig/Content/Controls/ControlRig_Diamond_solid.uasset" 2747
"C:/Users/dws24/AppData/Local/UnrealEngine/Common/DerivedDataCache/4/1/0/STATICMESH_9CE2B6FB46754B699726C4AA1515F12E_228332BAE0224DD294E232B87D83948FQU__40C3709FF53847FB7DF546B95BE2C9252F1F4B15.udd" 2748
"C:/Users/dws24/AppData/Local/UnrealEngine/Common/DerivedDataCache/6/7/4/PHYSX_A08609EF508D460CBB6710540B03AACF_PHYSXPC_12B345EE734B35EF780984BDDE57DFC__5199E43D9CE5732ED1D0AD50AAB7C4620C5B0F07.udd" 2749
"C:/Users/dws24/AppData/Local/UnrealEngine/Common/DerivedDataCache/0/0/4/NAVCOLLISION_2983273BE5D6425391E8C0B3D1C0A55D_NAVCOLLISION_X_12B345EE734B35EF7__B5F20DCD723C64211EAD072F63542B224B7264A9.udd" 2750
"../../../Engine/Plugins/Experimental/ControlRig/Content/Controls/ControlRig_Diamond_3mm.uasset" 2751
"C:/Users/dws24/AppData/Local/UnrealEngine/Common/DerivedDataCache/2/9/2/STATICMESH_9CE2B6FB46754B699726C4AA1515F12E_228332BAE0224DD294E232B87D83948FQU__EF57D954A0444AD64996C21070CCDC3068BC6234.udd" 2752
"C:/Users/dws24/AppData/Local/UnrealEngine/Common/DerivedDataCache/3/7/5/PHYSX_A08609EF508D460CBB6710540B03AACF_PHYSXPC_4C110FDACB4EDCD05497BE9E169DDEA__6E7A30DDFA523C74A61810D492239C93CF13C0DA.udd" 2753
"C:/Users/dws24/AppData/Local/UnrealEngine/Common/DerivedDataCache/8/3/2/NAVCOLLISION_2983273BE5D6425391E8C0B3D1C0A55D_NAVCOLLISION_X_4C110FDACB4EDCD05__3B309743D3D8FCA4CF58A7F64E706A28AD62A6DD.udd" 2754
"../../../Engine/Plugins/Experimental/ControlRig/Content/Controls/ControlRig_Diamond_1mm.uasset" 2755
"C:/Users/dws24/AppData/Local/UnrealEngine/Common/DerivedDataCache/1/5/0/STATICMESH_9CE2B6FB46754B699726C4AA1515F12E_228332BAE0224DD294E232B87D83948FQU__219055BD3FF15153C749641300B4637DE467CCB0.udd" 2756
"C:/Users/dws24/AppData/Local/UnrealEngine/Common/DerivedDataCache/9/2/8/PHYSX_A08609EF508D460CBB6710540B03AACF_PHYSXPC_89097FF4EB4DB4C6284AD7A15B43F8B__0F83A8789CFB98686BD43E0B7642E07732E424CE.udd" 2757
"C:/Users/dws24/AppData/Local/UnrealEngine/Common/DerivedDataCache/1/2/3/NAVCOLLISION_2983273BE5D6425391E8C0B3D1C0A55D_NAVCOLLISION_X_89097FF4EB4DB4C62__4EF8604E5180712E1DCD5FB5A05A0E669C77607C.udd" 2758
"../../../Engine/Plugins/Experimental/ControlRig/Content/Controls/ControlRig_Circle_solid.uasset" 2759
"C:/Users/dws24/AppData/Local/UnrealEngine/Common/DerivedDataCache/0/7/0/STATICMESH_9CE2B6FB46754B699726C4AA1515F12E_228332BAE0224DD294E232B87D83948FQU__E00DD71B9E3B3DA83E41ACFF133BC0E3D0FCE92D.udd" 2760
"C:/Users/dws24/AppData/Local/UnrealEngine/Common/DerivedDataCache/3/0/7/PHYSX_A08609EF508D460CBB6710540B03AACF_PHYSXPC_71BB80C2C84403268A5FA68B1374F71__22746CE22B6D122C58C898F10C4696A73E782AAC.udd" 2761
"C:/Users/dws24/AppData/Local/UnrealEngine/Common/DerivedDataCache/9/8/9/NAVCOLLISION_2983273BE5D6425391E8C0B3D1C0A55D_NAVCOLLISION_X_71BB80C2C84403268__AF79D50DA0DF31D95CD0746677063A1B655EC701.udd" 2762
"../../../Engine/Plugins/Experimental/ControlRig/Content/Controls/ControlRig_Circle_3mm.uasset" 2763
"C:/Users/dws24/AppData/Local/UnrealEngine/Common/DerivedDataCache/0/4/9/STATICMESH_9CE2B6FB46754B699726C4AA1515F12E_228332BAE0224DD294E232B87D83948FQU__CD2E74A4F03A8B242C028A59FFF122CC43B5628D.udd" 2764
"C:/Users/dws24/AppData/Local/UnrealEngine/Common/DerivedDataCache/6/8/5/PHYSX_A08609EF508D460CBB6710540B03AACF_PHYSXPC_EC3B3E3F6C46D206993C34A2773B4DE__9F17527BBA78BDE4FB8EB04A81530911ADD7EDC8.udd" 2765
"C:/Users/dws24/AppData/Local/UnrealEngine/Common/DerivedDataCache/2/0/7/NAVCOLLISION_2983273BE5D6425391E8C0B3D1C0A55D_NAVCOLLISION_X_EC3B3E3F6C46D2069__09CF538E33187F05A4C73C74F0197EE6CF70CD19.udd" 2766
"../../../Engine/Plugins/Experimental/ControlRig/Content/Controls/ControlRig_Circle_1mm.uasset" 2767
"C:/Users/dws24/AppData/Local/UnrealEngine/Common/DerivedDataCache/6/4/9/STATICMESH_9CE2B6FB46754B699726C4AA1515F12E_228332BAE0224DD294E232B87D83948FQU__B235B47FA8E26ACF3820C48AA6D08FE48CD16040.udd" 2768
"C:/Users/dws24/AppData/Local/UnrealEngine/Common/DerivedDataCache/6/9/2/PHYSX_A08609EF508D460CBB6710540B03AACF_PHYSXPC_3C08ABFFD946329342E539929D1AF78__66A7ED28AF7C49496B1191FDF408AB4918BE1E65.udd" 2769
"C:/Users/dws24/AppData/Local/UnrealEngine/Common/DerivedDataCache/2/9/1/NAVCOLLISION_2983273BE5D6425391E8C0B3D1C0A55D_NAVCOLLISION_X_3C08ABFFD94632934__7CDCD9EEE7A483FDF9AAE1F3DFEADE496F406F79.udd" 2770
"C:/Users/dws24/AppData/Local/UnrealEngine/Common/DerivedDataCache/0/6/6/STATICMESH_9CE2B6FB46754B699726C4AA1515F12E_228332BAE0224DD294E232B87D83948FQU__AD7A328687E62D20B9AC311B34C71A553ECE6F03.udd" 2771
"../../../Engine/Plugins/Experimental/ControlRig/Content/Controls/ControlRig_Box_solid.uasset" 2772
"C:/Users/dws24/AppData/Local/UnrealEngine/Common/DerivedDataCache/2/6/7/PHYSX_A08609EF508D460CBB6710540B03AACF_PHYSXPC_ADBBD3E2494515BEC55E8DB53944485__B470287E29B4E6620AE3EFA665E6EA2ECC92E311.udd" 2773
"C:/Users/dws24/AppData/Local/UnrealEngine/Common/DerivedDataCache/1/3/9/NAVCOLLISION_2983273BE5D6425391E8C0B3D1C0A55D_NAVCOLLISION_X_ADBBD3E2494515BEC__72BADC405C736AF7CEB1F66858EFFE5EBF45B35F.udd" 2774
"../../../Engine/Plugins/Experimental/ControlRig/Content/Controls/ControlRig_Box_3mm.uasset" 2775
"C:/Users/dws24/AppData/Local/UnrealEngine/Common/DerivedDataCache/6/8/3/STATICMESH_9CE2B6FB46754B699726C4AA1515F12E_228332BAE0224DD294E232B87D83948FQU__15CF0A5757073475DAE2570718C6AE8A54D450FE.udd" 2776
"C:/Users/dws24/AppData/Local/UnrealEngine/Common/DerivedDataCache/3/1/1/PHYSX_A08609EF508D460CBB6710540B03AACF_PHYSXPC_E77EA5EF5148E0B8BAEF70B10107E8F__D2703501E5D9F0DFDC19CDF05A71B08FC77AA967.udd" 2777
"C:/Users/dws24/AppData/Local/UnrealEngine/Common/DerivedDataCache/1/6/9/NAVCOLLISION_2983273BE5D6425391E8C0B3D1C0A55D_NAVCOLLISION_X_E77EA5EF5148E0B8B__F099DD6F3C50D9377508C11E12FE0919B438B1D7.udd" 2778
"../../../Engine/Plugins/Experimental/ControlRig/Content/Controls/ControlRig_Box_1mm.uasset" 2779
"C:/Users/dws24/AppData/Local/UnrealEngine/Common/DerivedDataCache/2/6/1/STATICMESH_9CE2B6FB46754B699726C4AA1515F12E_228332BAE0224DD294E232B87D83948FQU__553D2A9177A0605C1C4CD11BEC5EF608BBD7670C.udd" 2780
"C:/Users/dws24/AppData/Local/UnrealEngine/Common/DerivedDataCache/7/5/5/PHYSX_A08609EF508D460CBB6710540B03AACF_PHYSXPC_4AFB4017A149B4A85BDA78ADFEB8283__D3CA86DC572EFD68C3FF84A2F11361BB85E4AB60.udd" 2781
"C:/Users/dws24/AppData/Local/UnrealEngine/Common/DerivedDataCache/8/8/9/NAVCOLLISION_2983273BE5D6425391E8C0B3D1C0A55D_NAVCOLLISION_X_4AFB4017A149B4A85__2219C4D4CB9A24E42E2CFB138A880B79655D40D1.udd" 2782
"../../../Engine/Plugins/Experimental/ControlRig/Content/Controls/ControlRig_Arrow_solid.uasset" 2783
"C:/Users/dws24/AppData/Local/UnrealEngine/Common/DerivedDataCache/2/3/0/STATICMESH_9CE2B6FB46754B699726C4AA1515F12E_228332BAE0224DD294E232B87D83948FQU__8E9E734BF7D5303FF7009C607479C7FED2CEDC0D.udd" 2784
"C:/Users/dws24/AppData/Local/UnrealEngine/Common/DerivedDataCache/1/7/0/PHYSX_A08609EF508D460CBB6710540B03AACF_PHYSXPC_9153A71A2F4D5CDE532D9380C18EB1C__D1F4690EA6202C022F97BE7B06E5A0967D7B6E6F.udd" 2785
"C:/Users/dws24/AppData/Local/UnrealEngine/Common/DerivedDataCache/7/8/0/NAVCOLLISION_2983273BE5D6425391E8C0B3D1C0A55D_NAVCOLLISION_X_9153A71A2F4D5CDE5__0897D85437C796FA0F2FCBCFC25BD2D433819FFA.udd" 2786
"C:/Users/dws24/AppData/Local/UnrealEngine/Common/DerivedDataCache/1/3/3/STATICMESH_9CE2B6FB46754B699726C4AA1515F12E_228332BAE0224DD294E232B87D83948FQU__844BD01310EF5FE62D34DCBC9811759A70EE672F.udd" 2787
"../../../Engine/Plugins/Experimental/ControlRig/Content/Controls/ControlRig_Arrow_3mm.uasset" 2788
"C:/Users/dws24/AppData/Local/UnrealEngine/Common/DerivedDataCache/9/2/3/PHYSX_A08609EF508D460CBB6710540B03AACF_PHYSXPC_D69B8D11444DA4DEFCF7BBAEFAEC18C__8E1BDAC602089153325C1CDE3EE44B29FA76121A.udd" 2789
"C:/Users/dws24/AppData/Local/UnrealEngine/Common/DerivedDataCache/6/0/9/NAVCOLLISION_2983273BE5D6425391E8C0B3D1C0A55D_NAVCOLLISION_X_D69B8D11444DA4DEF__2740B256FB50F532C7B90EDE2A1C34D20FB2BE2D.udd" 2790
"../../../Engine/Plugins/Experimental/ControlRig/Content/Controls/ControlRig_Arrow_1mm.uasset" 2791
"C:/Users/dws24/AppData/Local/UnrealEngine/Common/DerivedDataCache/3/5/3/STATICMESH_9CE2B6FB46754B699726C4AA1515F12E_228332BAE0224DD294E232B87D83948FQU__D5E744144ADAE38E5234A90702A5FF49D644340A.udd" 2792
"C:/Users/dws24/AppData/Local/UnrealEngine/Common/DerivedDataCache/6/1/3/PHYSX_A08609EF508D460CBB6710540B03AACF_PHYSXPC_91F1885C014BE0A1550815BAC426332__860D22D5EE0D23F545A392245787219997EF62EA.udd" 2793
"C:/Users/dws24/AppData/Local/UnrealEngine/Common/DerivedDataCache/2/7/5/NAVCOLLISION_2983273BE5D6425391E8C0B3D1C0A55D_NAVCOLLISION_X_91F1885C014BE0A15__48645E15527A8920C4ECE2926FB9F5D8E4C2B9FD.udd" 2794
"../../../Engine/Plugins/Experimental/ControlRig/Content/Controls/ControlRig_Arrow4_solid.uasset" 2795
"C:/Users/dws24/AppData/Local/UnrealEngine/Common/DerivedDataCache/6/2/7/STATICMESH_9CE2B6FB46754B699726C4AA1515F12E_228332BAE0224DD294E232B87D83948FQU__4E0E1E6A9B816C122434B63883AC645B2A5867BD.udd" 2796
"C:/Users/dws24/AppData/Local/UnrealEngine/Common/DerivedDataCache/5/9/6/PHYSX_A08609EF508D460CBB6710540B03AACF_PHYSXPC_FB40EDB1DA48DFCA3BBFC38413CB0B0__5C16E2139666DE833E9FB6C8C4CAA9D5C59BB0F1.udd" 2797
"C:/Users/dws24/AppData/Local/UnrealEngine/Common/DerivedDataCache/1/0/3/NAVCOLLISION_2983273BE5D6425391E8C0B3D1C0A55D_NAVCOLLISION_X_FB40EDB1DA48DFCA3__F5A7D614E37150CE2CBDE47F3E34AC0DD016CA33.udd" 2798
"../../../Engine/Plugins/Experimental/ControlRig/Content/Controls/ControlRig_Arrow4_3mm.uasset" 2799
"C:/Users/dws24/AppData/Local/UnrealEngine/Common/DerivedDataCache/5/2/6/STATICMESH_9CE2B6FB46754B699726C4AA1515F12E_228332BAE0224DD294E232B87D83948FQU__F1C4B6E46AE066C36EECB91C20CE1B22A8367770.udd" 2800
"C:/Users/dws24/AppData/Local/UnrealEngine/Common/DerivedDataCache/7/6/6/PHYSX_A08609EF508D460CBB6710540B03AACF_PHYSXPC_00784EF7D4453EBCA5B7F796F9223E3__3AF5E18CD26A35F9CB2D6F9C41994CCF85C68B0B.udd" 2801
"C:/Users/dws24/AppData/Local/UnrealEngine/Common/DerivedDataCache/3/0/1/NAVCOLLISION_2983273BE5D6425391E8C0B3D1C0A55D_NAVCOLLISION_X_00784EF7D4453EBCA__464125669D3F4E8C4725DED9BE919773287FB5C5.udd" 2802
"C:/Users/dws24/AppData/Local/UnrealEngine/Common/DerivedDataCache/7/6/2/STATICMESH_9CE2B6FB46754B699726C4AA1515F12E_228332BAE0224DD294E232B87D83948FQU__F5B566B86040102BA6478033732D78D52F604664.udd" 2803
"../../../Engine/Plugins/Experimental/ControlRig/Content/Controls/ControlRig_Arrow4_1mm.uasset" 2804
"C:/Users/dws24/AppData/Local/UnrealEngine/Common/DerivedDataCache/0/7/7/PHYSX_A08609EF508D460CBB6710540B03AACF_PHYSXPC_3A6D88DE734920F252EA179532FA05B__7AA869B28DB6F94F686F94DCC831620C847D8A0B.udd" 2805
"C:/Users/dws24/AppData/Local/UnrealEngine/Common/DerivedDataCache/4/2/9/NAVCOLLISION_2983273BE5D6425391E8C0B3D1C0A55D_NAVCOLLISION_X_3A6D88DE734920F25__4FC373568B2C8275C2126EFD7307F339A9F2F99D.udd" 2806
"../../../Engine/Plugins/Experimental/ControlRig/Content/Controls/ControlRig_Arrow2_solid.uasset" 2807
"C:/Users/dws24/AppData/Local/UnrealEngine/Common/DerivedDataCache/3/7/6/STATICMESH_9CE2B6FB46754B699726C4AA1515F12E_228332BAE0224DD294E232B87D83948FQU__FDA13F20D4C807E05758503E784C029F159CE159.udd" 2808
"C:/Users/dws24/AppData/Local/UnrealEngine/Common/DerivedDataCache/1/5/3/PHYSX_A08609EF508D460CBB6710540B03AACF_PHYSXPC_CC4CC4047D4FF08530FF5C8C078047C__ABE5ABDDC5AA45867A9DF353AA09894B0AE640EF.udd" 2809
"C:/Users/dws24/AppData/Local/UnrealEngine/Common/DerivedDataCache/5/7/3/NAVCOLLISION_2983273BE5D6425391E8C0B3D1C0A55D_NAVCOLLISION_X_CC4CC4047D4FF0853__2A3E4D599FF466780674B0B457B3985D1E3D982C.udd" 2810
"../../../Engine/Plugins/Experimental/ControlRig/Content/Controls/ControlRig_Arrow2_3mm.uasset" 2811
"C:/Users/dws24/AppData/Local/UnrealEngine/Common/DerivedDataCache/4/2/2/STATICMESH_9CE2B6FB46754B699726C4AA1515F12E_228332BAE0224DD294E232B87D83948FQU__2F99841A57B9068A5426BA82495E4B84B046838C.udd" 2812
"C:/Users/dws24/AppData/Local/UnrealEngine/Common/DerivedDataCache/0/4/5/PHYSX_A08609EF508D460CBB6710540B03AACF_PHYSXPC_4B80841675451576CD9C5A9A62EFBF9__714038BABFC8B29750710E80C174EA9F3A7CAFD2.udd" 2813
"C:/Users/dws24/AppData/Local/UnrealEngine/Common/DerivedDataCache/5/1/2/NAVCOLLISION_2983273BE5D6425391E8C0B3D1C0A55D_NAVCOLLISION_X_4B80841675451576C__D1FC4A680983748875FBB9AA27F4D452E81EC47A.udd" 2814
"../../../Engine/Plugins/Experimental/ControlRig/Content/Controls/ControlRig_Arrow2_1mm.uasset" 2815
"C:/Users/dws24/AppData/Local/UnrealEngine/Common/DerivedDataCache/9/9/2/STATICMESH_9CE2B6FB46754B699726C4AA1515F12E_228332BAE0224DD294E232B87D83948FQU__9B934FED351D4FC02319362BB99A9C663AD3DE08.udd" 2816
"C:/Users/dws24/AppData/Local/UnrealEngine/Common/DerivedDataCache/1/3/3/PHYSX_A08609EF508D460CBB6710540B03AACF_PHYSXPC_7E93E0685C4552986BE1EE9C152C485__6F56AEBC88040A2874B48CF016E7ECFBFFCFF28B.udd" 2817
"C:/Users/dws24/AppData/Local/UnrealEngine/Common/DerivedDataCache/4/2/0/NAVCOLLISION_2983273BE5D6425391E8C0B3D1C0A55D_NAVCOLLISION_X_7E93E0685C4552986__6DD0F9E5655A885D02190D3E62E3782B4FC24E2E.udd" 2818
"../../../Engine/Plugins/Experimental/ControlRig/Content/Controls/ControlRigGizmoMaterial.uasset" 2819
"C:/Users/dws24/AppData/Local/UnrealEngine/Common/DerivedDataCache/0/6/4/STATICMESH_9CE2B6FB46754B699726C4AA1515F12E_228332BAE0224DD294E232B87D83948FQU__837730E29A3980A897794A52749564506F3340FB.udd" 2820
"C:/Users/dws24/AppData/Local/UnrealEngine/Common/DerivedDataCache/9/2/6/PHYSX_A08609EF508D460CBB6710540B03AACF_PHYSXPC_057C6823FC4C3E52B06F17B1F37AA96__D152E4A48703158726160B8ED766AC63EFE32ECC.udd" 2821
"C:/Users/dws24/AppData/Local/UnrealEngine/Common/DerivedDataCache/0/4/7/NAVCOLLISION_2983273BE5D6425391E8C0B3D1C0A55D_NAVCOLLISION_X_057C6823FC4C3E52B__713D93EC4D4A74336FC29F10299134BBF9F44161.udd" 2822
"../../../Engine/Plugins/Experimental/ControlRig/Content/Controls/ControlRig_Sphere_solid.uasset" 2823
"C:/Users/dws24/AppData/Local/UnrealEngine/Common/DerivedDataCache/4/0/6/STATICMESH_9CE2B6FB46754B699726C4AA1515F12E_228332BAE0224DD294E232B87D83948FQU__9B34B356E6E6320D113F0428E93558615A8A062F.udd" 2824
"C:/Users/dws24/AppData/Local/UnrealEngine/Common/DerivedDataCache/4/8/9/PHYSX_A08609EF508D460CBB6710540B03AACF_PHYSXPC_05A526C2A049DE18DFBA9E8D9BC15C7__ED1C97DBBCC4F5792F296637F707AB32AB32D532.udd" 2825
"C:/Users/dws24/AppData/Local/UnrealEngine/Common/DerivedDataCache/4/2/4/NAVCOLLISION_2983273BE5D6425391E8C0B3D1C0A55D_NAVCOLLISION_X_05A526C2A049DE18D__241CE3E48AC722CFED9C7F3281D1BC378A5A3DC4.udd" 2826
"../../../Engine/Content/EngineMaterials/DefaultCalibrationGrayscale.uasset" 2827
"C:/Users/dws24/AppData/Local/UnrealEngine/Common/DerivedDataCache/1/0/5/STATICMESH_9CE2B6FB46754B699726C4AA1515F12E_228332BAE0224DD294E232B87D83948FQU__3B96FD6DE77F5B99B66C7BDA5335A44B3DF13412.udd" 2828
"C:/Users/dws24/AppData/Local/UnrealEngine/Common/DerivedDataCache/4/6/0/PHYSX_A08609EF508D460CBB6710540B03AACF_PHYSXPC_BC3180C953401306831264A98139D73__DC069AF0DEB80F6661212A6DA79FA8BF4DD9B203.udd" 2829
"C:/Users/dws24/AppData/Local/UnrealEngine/Common/DerivedDataCache/7/7/4/NAVCOLLISION_2983273BE5D6425391E8C0B3D1C0A55D_NAVCOLLISION_X_BC3180C9534013068__84DCECF11C26D5F4E0189E1C2CF56A0544DF36B4.udd" 2830
"../../../Engine/Content/EngineMaterials/PPM_DefaultCalibrationGrayscale.uasset" 2831
"C:/Users/dws24/AppData/Local/UnrealEngine/Common/DerivedDataCache/3/3/3/STATICMESH_9CE2B6FB46754B699726C4AA1515F12E_228332BAE0224DD294E232B87D83948FQU__67E9B24CF651285784A53BA8264D472347324913.udd" 2832
"C:/Users/dws24/AppData/Local/UnrealEngine/Common/DerivedDataCache/2/5/8/PHYSX_A08609EF508D460CBB6710540B03AACF_PHYSXPC_ACB0068FA040FCA4E4761A9A7756A73__B050872D086789028071861C219842F5352D39C4.udd" 2833
"C:/Users/dws24/AppData/Local/UnrealEngine/Common/DerivedDataCache/4/5/8/NAVCOLLISION_2983273BE5D6425391E8C0B3D1C0A55D_NAVCOLLISION_X_ACB0068FA040FCA4E__6E958E653041EDA1EC83B62592B183BC48737813.udd" 2834
"../../../Engine/Content/EngineMaterials/DefaultCalibrationColor.uasset" 2835
"C:/Users/dws24/AppData/Local/UnrealEngine/Common/DerivedDataCache/3/9/7/STATICMESH_9CE2B6FB46754B699726C4AA1515F12E_228332BAE0224DD294E232B87D83948FQU__AFEDA4C2AF7E330FA8A6B726163E8DEBFC9A16F7.udd" 2836
"C:/Users/dws24/AppData/Local/UnrealEngine/Common/DerivedDataCache/0/0/6/PHYSX_A08609EF508D460CBB6710540B03AACF_PHYSXPC_13558E3E214F3F7B7C8EBE8E8FCF916__0A56A45CDDBC2CC77ECFDF5F75BD176A41C38DA3.udd" 2837
"C:/Users/dws24/AppData/Local/UnrealEngine/Common/DerivedDataCache/5/5/1/NAVCOLLISION_2983273BE5D6425391E8C0B3D1C0A55D_NAVCOLLISION_X_13558E3E214F3F7B7__88567A638E58654BBD422CBD76E7FD2FDF8187B5.udd" 2838
"../../../Engine/Content/EngineMaterials/PPM_DefaultCalibrationColor.uasset" 2839
"C:/Users/dws24/AppData/Local/UnrealEngine/Common/DerivedDataCache/1/5/5/STATICMESH_9CE2B6FB46754B699726C4AA1515F12E_228332BAE0224DD294E232B87D83948FQU__5B13E06A07BE5DF15B283328071259AA095315F2.udd" 2840
"C:/Users/dws24/AppData/Local/UnrealEngine/Common/DerivedDataCache/4/9/3/PHYSX_A08609EF508D460CBB6710540B03AACF_PHYSXPC_BCD25C05424AF6E18E5AF6958DA1D22__0BF43EB261DF192E354A331B9915E1B60F7D8396.udd" 2841
"C:/Users/dws24/AppData/Local/UnrealEngine/Common/DerivedDataCache/4/3/9/NAVCOLLISION_2983273BE5D6425391E8C0B3D1C0A55D_NAVCOLLISION_X_BCD25C05424AF6E18__6136550904D171C19C0994F24B26E635CDA555C7.udd" 2842
"C:/Users/dws24/AppData/Local/UnrealEngine/Common/DerivedDataCache/2/4/6/STATICMESH_9CE2B6FB46754B699726C4AA1515F12E_228332BAE0224DD294E232B87D83948FQU__7133B256E94A7BD54CEA4B5D839F3E249DA1EDB2.udd" 2843
"../../../Engine/Content/MobileResources/HUD/VirtualJoystick_Thumb.uasset" 2844
"C:/Users/dws24/AppData/Local/UnrealEngine/Common/DerivedDataCache/2/5/8/PHYSX_A08609EF508D460CBB6710540B03AACF_PHYSXPC_D7A6121AC84DE1F6F354F8AB8C0FC4E__D29891F090177B52F21A2EFEFB7F1BDDC8F4FE23.udd" 2845
"C:/Users/dws24/AppData/Local/UnrealEngine/Common/DerivedDataCache/0/9/0/NAVCOLLISION_2983273BE5D6425391E8C0B3D1C0A55D_NAVCOLLISION_X_D7A6121AC84DE1F6F__CB9682563ED0FE9C99DA46E33BEC1CFC5DA8AD84.udd" 2846
"../../../Engine/Content/MobileResources/HUD/VirtualJoystick_Background.uasset" 2847
"C:/Users/dws24/AppData/Local/UnrealEngine/Common/DerivedDataCache/2/9/0/STATICMESH_9CE2B6FB46754B699726C4AA1515F12E_228332BAE0224DD294E232B87D83948FQU__EBE829117CBF52E1223922A2383A90E67190868F.udd" 2848
"C:/Users/dws24/AppData/Local/UnrealEngine/Common/DerivedDataCache/4/7/1/PHYSX_A08609EF508D460CBB6710540B03AACF_PHYSXPC_EBBAED09AC46D6CC74E1479E106A745__290AFDBF321266BC18E690E8373FD570F64FB588.udd" 2849
"C:/Users/dws24/AppData/Local/UnrealEngine/Common/DerivedDataCache/0/2/7/NAVCOLLISION_2983273BE5D6425391E8C0B3D1C0A55D_NAVCOLLISION_X_EBBAED09AC46D6CC7__4E36A35479BA0032EB2E18FAD6CD967432096BAA.udd" 2850
"../../../Engine/Content/MobileResources/HUD/DefaultVirtualJoysticks.uasset" 2851
"C:/Users/dws24/AppData/Local/UnrealEngine/Common/DerivedDataCache/3/7/7/STATICMESH_9CE2B6FB46754B699726C4AA1515F12E_228332BAE0224DD294E232B87D83948FQU__C66A85C83497D4232749D2DB899432159A750085.udd" 2852
"C:/Users/dws24/AppData/Local/UnrealEngine/Common/DerivedDataCache/5/5/7/PHYSX_A08609EF508D460CBB6710540B03AACF_PHYSXPC_7DFF77CB1D44A7187D002C9E09A5497__A2CD100E5D07218BD67ADCDE8197B9485F1D73F1.udd" 2853
"C:/Users/dws24/AppData/Local/UnrealEngine/Common/DerivedDataCache/2/3/0/NAVCOLLISION_2983273BE5D6425391E8C0B3D1C0A55D_NAVCOLLISION_X_7DFF77CB1D44A7187__56C32D155C7C516FD04252DDB9BA674BE5A0CFB2.udd" 2854
"../../../Engine/Plugins/Marketplace/NinjaCharacter/Content/NinjaCharacter/Blueprints/NinjaPlayerController_BP.uasset" 2855
"C:/Users/dws24/AppData/Local/UnrealEngine/Common/DerivedDataCache/6/2/4/STATICMESH_9CE2B6FB46754B699726C4AA1515F12E_228332BAE0224DD294E232B87D83948FQU__B0C067F390B69BB6E32A1A912F5C6704FAF34306.udd" 2856
"C:/Users/dws24/AppData/Local/UnrealEngine/Common/DerivedDataCache/7/9/2/PHYSX_A08609EF508D460CBB6710540B03AACF_PHYSXPC_AFFA692392483AFE78A09091FFDC8D8__A31A593F7BB83407BA450D593C88E77F6378EB36.udd" 2857
"C:/Users/dws24/AppData/Local/UnrealEngine/Common/DerivedDataCache/3/7/7/NAVCOLLISION_2983273BE5D6425391E8C0B3D1C0A55D_NAVCOLLISION_X_AFFA692392483AFE7__7AA4B6B4216015A2E8D1B9DE26829ED0CECDC91C.udd" 2858
"X:/Unreal Projects/Momentum/Momentum/Content/SkaterGameStateBase.uasset" 2859
"C:/Users/dws24/AppData/Local/UnrealEngine/Common/DerivedDataCache/2/9/5/STATICMESH_9CE2B6FB46754B699726C4AA1515F12E_228332BAE0224DD294E232B87D83948FQU__87A58C1B8F5D0CFF20D2B40F3CADF87F9FC2BFB8.udd" 2860
"C:/Users/dws24/AppData/Local/UnrealEngine/Common/DerivedDataCache/9/8/1/PHYSX_A08609EF508D460CBB6710540B03AACF_PHYSXPC_36FC17557D4F6DF7E64BD48314B8859__DF662D78CEF6FBE52C19EC451DE57593B0CC5E20.udd" 2861
"C:/Users/dws24/AppData/Local/UnrealEngine/Common/DerivedDataCache/0/7/2/NAVCOLLISION_2983273BE5D6425391E8C0B3D1C0A55D_NAVCOLLISION_X_36FC17557D4F6DF7E__F9BF78CF5FFFB6A6B08A4B230D02C1C9365A04F4.udd" 2862
"../../../Engine/Content/EngineResources/Black_Low.uasset" 2863
"C:/Users/dws24/AppData/Local/UnrealEngine/Common/DerivedDataCache/5/5/8/STATICMESH_9CE2B6FB46754B699726C4AA1515F12E_228332BAE0224DD294E232B87D83948FQU__62A3E3A65984E3CE867C7649596617B3D792F910.udd" 2864
"C:/Users/dws24/AppData/Local/UnrealEngine/Common/DerivedDataCache/4/4/6/PHYSX_A08609EF508D460CBB6710540B03AACF_PHYSXPC_86ABB9F6F04D22FF133E80A66F7347F__9B86BFE4E8EB6C99BBAA027586FE10390D1F05D0.udd" 2865
"C:/Users/dws24/AppData/Local/UnrealEngine/Common/DerivedDataCache/4/8/0/NAVCOLLISION_2983273BE5D6425391E8C0B3D1C0A55D_NAVCOLLISION_X_86ABB9F6F04D22FF1__282F0C136F74687F0CD898AA6B54816B2CA4B567.udd" 2866
"X:/Unreal Projects/Momentum/Momentum/Content/UI/Levels/TimeFunctions.uasset" 2867
"C:/Users/dws24/AppData/Local/UnrealEngine/Common/DerivedDataCache/6/9/5/STATICMESH_9CE2B6FB46754B699726C4AA1515F12E_228332BAE0224DD294E232B87D83948FQU__57F2563325529D82E35AF189404ADE41CC3446BB.udd" 2868
"C:/Users/dws24/AppData/Local/UnrealEngine/Common/DerivedDataCache/1/9/9/PHYSX_A08609EF508D460CBB6710540B03AACF_PHYSXPC_56D661619F4075B96C50998D9CF0AEF__F5183C62245D9897B368D327592748E967704A9B.udd" 2869
"C:/Users/dws24/AppData/Local/UnrealEngine/Common/DerivedDataCache/4/4/2/NAVCOLLISION_2983273BE5D6425391E8C0B3D1C0A55D_NAVCOLLISION_X_56D661619F4075B96__7DF9F19EA0DC2154A08AC0133CBB6D442CCCDA3C.udd" 2870
"X:/Unreal Projects/Momentum/Momentum/Content/UI/TextBox.uasset" 2871
"C:/Users/dws24/AppData/Local/UnrealEngine/Common/DerivedDataCache/2/9/8/STATICMESH_9CE2B6FB46754B699726C4AA1515F12E_228332BAE0224DD294E232B87D83948FQU__520376190419728250A14A0C8971F65F3CFC56C0.udd" 2872
"C:/Users/dws24/AppData/Local/UnrealEngine/Common/DerivedDataCache/5/0/0/PHYSX_A08609EF508D460CBB6710540B03AACF_PHYSXPC_A39B7BD18548A99860FD42A3B254E11__0E682F8EB03A4D6C433C6B7707105114BED3CB84.udd" 2873
"C:/Users/dws24/AppData/Local/UnrealEngine/Common/DerivedDataCache/5/1/9/NAVCOLLISION_2983273BE5D6425391E8C0B3D1C0A55D_NAVCOLLISION_X_A39B7BD18548A9986__60BB3FE7307FFF7DC32BD45F5C073121C4828D16.udd" 2874
"X:/Unreal Projects/Momentum/Momentum/Content/Fonts/FAST_BLAZE.uasset" 2875
"C:/Users/dws24/AppData/Local/UnrealEngine/Common/DerivedDataCache/2/5/7/STATICMESH_9CE2B6FB46754B699726C4AA1515F12E_228332BAE0224DD294E232B87D83948FQU__B9809879DF4E3357D5881DEB468E4FCC8D4509C6.udd" 2876
"C:/Users/dws24/AppData/Local/UnrealEngine/Common/DerivedDataCache/6/8/3/PHYSX_A08609EF508D460CBB6710540B03AACF_PHYSXPC_4918C94F31455B9AB1D5BFA98057F12__6A39E23472B8BD9AFCBC1B24B4F1495120EE0338.udd" 2877
"C:/Users/dws24/AppData/Local/UnrealEngine/Common/DerivedDataCache/8/6/2/NAVCOLLISION_2983273BE5D6425391E8C0B3D1C0A55D_NAVCOLLISION_X_4918C94F31455B9AB__03B2C0B02801A995880DC358BAF6FC8B58ABA99C.udd" 2878
"X:/Unreal Projects/Momentum/Momentum/Content/Fonts/FAST_BLAZE_Font.uasset" 2879
"X:/Unreal Projects/Momentum/Momentum/Content/UI/Levels/LevelStartBreakdown.uasset" 2880
"C:/Users/dws24/AppData/Local/UnrealEngine/Common/DerivedDataCache/0/2/6/STATICMESH_9CE2B6FB46754B699726C4AA1515F12E_228332BAE0224DD294E232B87D83948FQU__8B4E9BAD4EEF471644C6A8ABC0733CF25A37FE43.udd" 2881
"C:/Users/dws24/AppData/Local/UnrealEngine/Common/DerivedDataCache/5/6/3/PHYSX_A08609EF508D460CBB6710540B03AACF_PHYSXPC_05349FCF2542E2EEABB9FA8447EEC60__639911BE1CCDEE46EE5142C1E8D7A94F3F427A5A.udd" 2882
"C:/Users/dws24/AppData/Local/UnrealEngine/Common/DerivedDataCache/3/2/7/NAVCOLLISION_2983273BE5D6425391E8C0B3D1C0A55D_NAVCOLLISION_X_05349FCF2542E2EEA__1998F6EACA7E92F65325EA6E435D211B5A810C56.udd" 2883
"X:/Unreal Projects/Momentum/Momentum/Content/Sounds/FX/SprayCan.uasset" 2884
"../../../Engine/Content/Functions/Engine_MaterialFunctions02/WorldPositionOffset/ObjectPivotPoint.uasset" 2885
"X:/Unreal Projects/Momentum/Momentum/Content/Models/Material.uasset" 2886
"X:/Unreal Projects/Momentum/Momentum/Content/Models/Material_001.uasset" 2887
"X:/Unreal Projects/Momentum/Momentum/Content/Models/CollectLettersS.uasset" 2888
"X:/Unreal Projects/Momentum/Momentum/Content/Models/CollectLettersK.uasset" 2889
"X:/Unreal Projects/Momentum/Momentum/Content/Models/CollectLettersE.uasset" 2890
"X:/Unreal Projects/Momentum/Momentum/Content/Models/MajorActors/SprayCanMetallic.uasset" 2891
"X:/Unreal Projects/Momentum/Momentum/Content/Models/MajorActors/SprayCanLogo.uasset" 2892
"X:/Unreal Projects/Momentum/Momentum/Content/Models/MajorActors/SprayCan.uasset" 2893
"X:/Unreal Projects/Momentum/Momentum/Content/Models/MajorActors/SprayCanMat.uasset" 2894
"X:/Unreal Projects/Momentum/Momentum/Content/Models/MajorActors/SprayCanMatRed_Inst.uasset" 2895
"X:/Unreal Projects/Momentum/Momentum/Content/Models/MajorActors/SprayCanMatPurple_Inst.uasset" 2896
"X:/Unreal Projects/Momentum/Momentum/Content/Models/MajorActors/SprayCanMatOrange_Inst.uasset" 2897
"C:/Users/dws24/AppData/Local/UnrealEngine/Common/DerivedDataCache/8/9/5/AUDIO_0005_0000_OGG10000$2D1$2D1$2D1$2D1$2D1_0004_98B061124FB740B51CFAFEBCDECD86F9.udd" 2898
"X:/Unreal Projects/Momentum/Momentum/Content/Models/MajorActors/SprayCanMatGreen_Inst.uasset" 2899
"X:/Unreal Projects/Momentum/Momentum/Content/Models/MajorActors/SprayCanMatBlue_Inst.uasset" 2900
"X:/Unreal Projects/Momentum/Momentum/Content/Models/MajorActors/SprayCanMatBlack_Inst.uasset" 2901
"X:/Unreal Projects/Momentum/Momentum/Content/Models/Geometry/BlobShadowReal.uasset" 2902
"C:/Users/dws24/AppData/Local/UnrealEngine/Common/DerivedDataCache/3/5/6/STATICMESH_9CE2B6FB46754B699726C4AA1515F12E_228332BAE0224DD294E232B87D83948FQU__CC5C887759BA37A3EA3C337E69E73BCF0B44C1EF.udd" 2903
"C:/Users/dws24/AppData/Local/UnrealEngine/Common/DerivedDataCache/3/0/5/PHYSX_A08609EF508D460CBB6710540B03AACF_PHYSXPC_0EC29A28488639C18CD5B8BE4F1D4AB__7103BD93FF427116C81F7857BAB63F75113E7B95.udd" 2904
"C:/Users/dws24/AppData/Local/UnrealEngine/Common/DerivedDataCache/1/8/0/NAVCOLLISION_2983273BE5D6425391E8C0B3D1C0A55D_NAVCOLLISION_X_0EC29A28488639C18__101373A69C1CA76C9139D741660A9FF185F1B3AB.udd" 2905
"C:/Users/dws24/AppData/Local/UnrealEngine/Common/DerivedDataCache/9/9/5/STATICMESH_9CE2B6FB46754B699726C4AA1515F12E_228332BAE0224DD294E232B87D83948FQU__146B3AC6B5678431A4BAE7B0322A408A4AB44BF7.udd" 2906
"C:/Users/dws24/AppData/Local/UnrealEngine/Common/DerivedDataCache/5/7/9/PHYSX_A08609EF508D460CBB6710540B03AACF_PHYSXPC_E1EE6545461DFCBD27BF7CAA4B88476__0FAA91165C556176A0CE48022C291C8EBEAF1C37.udd" 2907
"C:/Users/dws24/AppData/Local/UnrealEngine/Common/DerivedDataCache/8/0/5/NAVCOLLISION_2983273BE5D6425391E8C0B3D1C0A55D_NAVCOLLISION_X_E1EE6545461DFCBD2__627E2DC0AE5F04AAB996137293717D0B4F1BDAB6.udd" 2908
"X:/Unreal Projects/Momentum/Momentum/Content/Models/CollectLettersY.uasset" 2909
"C:/Users/dws24/AppData/Local/UnrealEngine/Common/DerivedDataCache/4/9/4/STATICMESH_9CE2B6FB46754B699726C4AA1515F12E_228332BAE0224DD294E232B87D83948FQU__28EC547F5124B908C5E986EBDBCC3198A6D1A00B.udd" 2910
"C:/Users/dws24/AppData/Local/UnrealEngine/Common/DerivedDataCache/2/3/6/PHYSX_A08609EF508D460CBB6710540B03AACF_PHYSXPC_13D7FB9C41F1D80A9A655E80127F333__15764B2AB30ECE8AE4CF475182786EAEB9F0F066.udd" 2911
"C:/Users/dws24/AppData/Local/UnrealEngine/Common/DerivedDataCache/4/6/6/NAVCOLLISION_2983273BE5D6425391E8C0B3D1C0A55D_NAVCOLLISION_X_13D7FB9C41F1D80A9__E47F374F5FD09B6610344CD30BB0AB856E6CBECA.udd" 2912
"X:/Unreal Projects/Momentum/Momentum/Content/Audio/SFX/FA_Collect_Coin_1_1.uasset" 2913
"X:/Unreal Projects/Momentum/Momentum/Content/Models/SkyeLettersEnum.uasset" 2914
"../../../Engine/Plugins/FX/Niagara/Content/DefaultAssets/M_Gnomon.uasset" 2915
"../../../Engine/Plugins/FX/Niagara/Content/DefaultAssets/S_Arrow.uasset" 2916
"../../../Engine/Plugins/FX/Niagara/Content/DefaultAssets/M_Gnomon_Alpha.uasset" 2917
"X:/Unreal Projects/Momentum/Momentum/Content/PaintSprite.uasset" 2918
"X:/Unreal Projects/Momentum/Momentum/Content/PaintBurst.uasset" 2919
"X:/Unreal Projects/Momentum/Momentum/Content/Audio/SFX/FA_Win_Stinger_2.uasset" 2920
"X:/Unreal Projects/Momentum/Momentum/Content/Sounds/Music/VictoryTheme.uasset" 2921
"X:/Unreal Projects/Momentum/Momentum/Content/Models/MajorActors/SprayPaintCan.uasset" 2922
"X:/Unreal Projects/Momentum/Momentum/Content/Models/MajorActors/SprayCanMatYellow_Inst.uasset" 2923
"X:/Unreal Projects/Momentum/Momentum/Content/EndLevelComponent.uasset" 2924
"X:/Unreal Projects/Momentum/Momentum/Content/GoalActor.uasset" 2925
"X:/Unreal Projects/Momentum/Momentum/Content/Collector.uasset" 2926
"C:/Users/dws24/AppData/Local/UnrealEngine/Common/DerivedDataCache/6/4/2/STATICMESH_9CE2B6FB46754B699726C4AA1515F12E_228332BAE0224DD294E232B87D83948FQU__2A6E02DECFE7D5433DECE48A895C800C51216764.udd" 2927
"C:/Users/dws24/AppData/Local/UnrealEngine/Common/DerivedDataCache/3/2/1/PHYSX_A08609EF508D460CBB6710540B03AACF_PHYSXPC_2B669DA94BE0CC532AFBC18640D0CD1__4916F55798CA01F8AC4F9E3C3A6AD8CF3B9532C8.udd" 2928
"C:/Users/dws24/AppData/Local/UnrealEngine/Common/DerivedDataCache/7/3/5/NAVCOLLISION_2983273BE5D6425391E8C0B3D1C0A55D_NAVCOLLISION_X_2B669DA94BE0CC532__6B25A13EA736700683199E393ABF393244A7A638.udd" 2929
"C:/Users/dws24/AppData/Local/UnrealEngine/Common/DerivedDataCache/3/4/0/AUDIO_0005_0000_OGG10000$2D1$2D1$2D1$2D1$2D1_0004_01CEFAC943765E1CC4173DB264B8282A.udd" 2930
"X:/Unreal Projects/Momentum/Momentum/Content/Experimental/AverageFPSOverDuration.uasset" 2931
"X:/Unreal Projects/Momentum/Momentum/Content/Sounds/Music/FailTheme.uasset" 2932
"X:/Unreal Projects/Momentum/Momentum/Content/Sounds/Music/DnB_-_Supersonic_Loop.uasset" 2933
"X:/Unreal Projects/Momentum/Momentum/Content/SkaterArt/Materials/JacketTexture.uasset" 2934
"../../Plugins/FX/Niagara/Content/DynamicInputs/Helpers/SimulationPosition.uasset" 2935
"../../Plugins/FX/Niagara/Content/Modules/Update/Size/ScaleMeshSize.uasset" 2936
"../../Plugins/FX/Niagara/Content/Modules/Update/Size/ScaleSpriteSize.uasset" 2937
"../../Plugins/FX/Niagara/Content/Enums/SpriteRenderer/ENiagara_ScaleSpriteSize.uasset" 2938
"../../Plugins/FX/Niagara/Content/ParameterDefinitions/CoreParameters.uasset" 2939
"../../Plugins/FX/Niagara/Content/ParameterDefinitions/LightRenderer.uasset" 2940
"../../Plugins/FX/Niagara/Content/ParameterDefinitions/MeshRenderer.uasset" 2941
"../../Plugins/FX/Niagara/Content/ParameterDefinitions/RibbonRenderer.uasset" 2942
"../../Plugins/FX/Niagara/Content/ParameterDefinitions/SpriteRenderer.uasset" 2943
"X:/Unreal Projects/Momentum/Momentum/Content/SkaterArt/Materials/JacketTexturePaintedCels.uasset" 2944
"C:/Users/dws24/AppData/Local/UnrealEngine/Common/DerivedDataCache/5/4/9/AUDIO_0005_0000_OGG10000$2D1$2D1$2D1$2D1$2D1_0004_5F0CA2864E3B2945B79CF49B3306658F.udd" 2945
"X:/Unreal Projects/Momentum/Momentum/Content/Skater_Skye/Materials/M_JacketEmissiveLit.uasset" 2946
"C:/Users/dws24/AppData/Local/UnrealEngine/Common/DerivedDataCache/7/0/8/AUDIO_0005_0000_OGG10000$2D1$2D1$2D1$2D1$2D1_0004_34773F5E435B6228AFC741827FD12F8F.udd" 2947
"X:/Unreal Projects/Momentum/Momentum/Content/Skater_Skye/Materials/M_EyesEmissiveLit_Inst.uasset" 2948
"C:/Users/dws24/AppData/Local/UnrealEngine/Common/DerivedDataCache/3/6/0/STATICMESH_9CE2B6FB46754B699726C4AA1515F12E_228332BAE0224DD294E232B87D83948FQU__C35E77109AFB7A82A6FC8D895C41F7FA49FC8C82.udd" 2949
"C:/Users/dws24/AppData/Local/UnrealEngine/Common/DerivedDataCache/7/1/7/PHYSX_A08609EF508D460CBB6710540B03AACF_PHYSXPC_D3060B4C48C81B72830181BD00231E4__DC605A149548277AC340F41EDD5A8BEA5C0F2ABB.udd" 2950
"C:/Users/dws24/AppData/Local/UnrealEngine/Common/DerivedDataCache/2/2/2/NAVCOLLISION_2983273BE5D6425391E8C0B3D1C0A55D_NAVCOLLISION_X_D3060B4C48C81B728__35291AFCB2DD8B571463F25C0A5C759BB126C228.udd" 2951
"X:/Unreal Projects/Momentum/Momentum/Content/SkaterArt/Materials/MaskEmissive.uasset" 2952
"X:/Unreal Projects/Momentum/Momentum/Content/Skater_Skye/Materials/M_MaskEmissiveLit_Inst.uasset" 2953
"X:/Unreal Projects/Momentum/Momentum/Content/SkaterArt/Materials/SkyeGeneralTexturePaintedCels.uasset" 2954
"X:/Unreal Projects/Momentum/Momentum/Content/Skater_Skye/Materials/M_GeneralEmissiveLit_Inst.uasset" 2955
"X:/Unreal Projects/Momentum/Momentum/Content/SkaterArt/Materials/SkinTexturePaintedCels.uasset" 2956
"X:/Unreal Projects/Momentum/Momentum/Content/Skater_Skye/Materials/M_BodyEmissiveLit_Inst.uasset" 2957
"X:/Unreal Projects/Momentum/Momentum/Content/SkaterArt/CartoonModelUpdateNewSkatesAnim_Anim.uasset" 2958
"X:/Unreal Projects/Momentum/Momentum/Content/SkaterArt/CartoonModelUpdateNewSkates_Skeleton.uasset" 2959
"X:/Unreal Projects/Momentum/Momentum/Content/SkaterArt/CartoonModelUpdateNewSkatesGrind.uasset" 2960
"X:/Unreal Projects/Momentum/Momentum/Content/SkaterArt/CartoonModelUpdateNewSkatesJump.uasset" 2961
"X:/Unreal Projects/Momentum/Momentum/Content/SkaterArt/CartoonModelUpdateNewSkatesJump_2.uasset" 2962
"X:/Unreal Projects/Momentum/Momentum/Content/SkaterArt/CrouchAnim.uasset" 2963
"X:/Unreal Projects/Momentum/Momentum/Content/SkaterArt/Experimental/CelebrationAnimation.uasset" 2964
"X:/Unreal Projects/Momentum/Momentum/Content/TiltAnim.uasset" 2965
"X:/Unreal Projects/Momentum/Momentum/Content/SkaterArt/CrouchAnimTiltRight.uasset" 2966
"X:/Unreal Projects/Momentum/Momentum/Content/SkaterArt/CrouchAnimTiltRightTiltLeft.uasset" 2967
"X:/Unreal Projects/Momentum/Momentum/Content/Skater_Skye/SkyeLocomotionBS.uasset" 2968
"X:/Unreal Projects/Momentum/Momentum/Content/SkaterArt/CartoonModelUpdateNewSkatesIdle.uasset" 2969
"X:/Unreal Projects/Momentum/Momentum/Content/SkaterArt/Experimental/SkyeSkeletalAnim.uasset" 2970
"X:/Unreal Projects/Momentum/Momentum/Content/LandingScreenShake.uasset" 2971
"../../Plugins/Marketplace/NinjaCharacter/Content/NinjaCharacter/Blueprints/NinjaPlayerCharacter_BP.uasset" 2972
"../../Plugins/Marketplace/NinjaCharacter/Content/Mannequin/Animations/ThirdPerson_AnimBP.uasset" 2973
"../../Plugins/Marketplace/NinjaCharacter/Content/Mannequin/Animations/ThirdPerson_Jump.uasset" 2974
"../../Plugins/Marketplace/NinjaCharacter/Content/Mannequin/Character/Mesh/UE4_Mannequin_Skeleton.uasset" 2975
"../../Plugins/Marketplace/NinjaCharacter/Content/Mannequin/Animations/ThirdPersonJump_Loop.uasset" 2976
"../../Plugins/Marketplace/NinjaCharacter/Content/Mannequin/Animations/ThirdPersonJump_Start.uasset" 2977
"../../Plugins/Marketplace/NinjaCharacter/Content/Mannequin/Animations/ThirdPerson_IdleRun_2D.uasset" 2978
"../../Plugins/Marketplace/NinjaCharacter/Content/Mannequin/Animations/ThirdPersonIdle.uasset" 2979
"../../Plugins/Marketplace/NinjaCharacter/Content/Mannequin/Animations/ThirdPersonRun.uasset" 2980
"../../Plugins/Marketplace/NinjaCharacter/Content/Mannequin/Animations/ThirdPersonWalk.uasset" 2981
"../../Plugins/Marketplace/NinjaCharacter/Content/Mannequin/Character/Mesh/SK_Mannequin.uasset" 2982
"../../Plugins/Marketplace/NinjaCharacter/Content/Mannequin/Character/Materials/M_UE4Man_Body.uasset" 2983
"../../../Engine/Content/Functions/Engine_MaterialFunctions02/Utility/BlendAngleCorrectedNormals.uasset" 2984
"../../../Engine/Content/Functions/MaterialLayerFunctions/MatLayerBlend_NormalBlend.uasset" 2985
"../../../Engine/Content/Functions/MaterialLayerFunctions/MatLayerBlend_Simple.uasset" 2986
"../../Plugins/Marketplace/NinjaCharacter/Content/Mannequin/Character/Materials/MaterialLayers/ML_GlossyBlack_Latex_UE4.uasset" 2987
"../../Plugins/Marketplace/NinjaCharacter/Content/Mannequin/Character/Materials/MaterialLayers/T_ML_Rubber_Blue_01_D.uasset" 2988
"../../Plugins/Marketplace/NinjaCharacter/Content/Mannequin/Character/Materials/MaterialLayers/T_ML_Rubber_Blue_01_N.uasset" 2989
"../../Plugins/Marketplace/NinjaCharacter/Content/Mannequin/Character/Materials/MaterialLayers/ML_Plastic_Shiny_Beige.uasset" 2990
"../../Plugins/Marketplace/NinjaCharacter/Content/Mannequin/Character/Materials/MaterialLayers/ML_Plastic_Shiny_Beige_LOGO.uasset" 2991
"../../Plugins/Marketplace/NinjaCharacter/Content/Mannequin/Character/Textures/UE4_LOGO_CARD.uasset" 2992
"../../Plugins/Marketplace/NinjaCharacter/Content/Mannequin/Character/Materials/MaterialLayers/ML_SoftMetal_UE4.uasset" 2993
"../../Plugins/Marketplace/NinjaCharacter/Content/Mannequin/Character/Materials/MaterialLayers/T_ML_Aluminum01.uasset" 2994
"../../Plugins/Marketplace/NinjaCharacter/Content/Mannequin/Character/Materials/MaterialLayers/T_ML_Aluminum01_N.uasset" 2995
"../../Plugins/Marketplace/NinjaCharacter/Content/Mannequin/Character/Textures/UE4_Mannequin__normals.uasset" 2996
"../../Plugins/Marketplace/NinjaCharacter/Content/Mannequin/Character/Textures/UE4_Mannequin_MAT_MASKA.uasset" 2997
"../../Plugins/Marketplace/NinjaCharacter/Content/Mannequin/Character/Materials/M_UE4Man_ChestLogo.uasset" 2998
"../../Plugins/Marketplace/NinjaCharacter/Content/Mannequin/Character/Textures/UE4Man_Logo_N.uasset" 2999
"../../Plugins/Marketplace/NinjaCharacter/Content/Mannequin/Character/Mesh/SK_Mannequin_PhysicsAsset.uasset" 3000
"X:/Unreal Projects/Momentum/Momentum/Content/Blueprints/CharacterAbilities/BlobShadow.uasset" 3001
"X:/Unreal Projects/Momentum/Momentum/Content/Crouch.uasset" 3002
"X:/Unreal Projects/Momentum/Momentum/Content/Blob_Mat.uasset" 3003
"X:/Unreal Projects/Momentum/Momentum/Content/Blob.uasset" 3004
"X:/Unreal Projects/Momentum/Momentum/Content/Dialog/DialogInputHandler.uasset" 3005
"X:/Unreal Projects/Momentum/Momentum/Content/Dialog/DialogActor.uasset" 3006
"X:/Unreal Projects/Momentum/Momentum/Content/Experimental/SavableInterface.uasset" 3007
"X:/Unreal Projects/Momentum/Momentum/Content/Dialog/DialogBox.uasset" 3008
"X:/Unreal Projects/Momentum/Momentum/Content/BoostTexture.uasset" 3009
"X:/Unreal Projects/Momentum/Momentum/Content/UI/Border.uasset" 3010
"X:/Unreal Projects/Momentum/Momentum/Content/DialogLineInfo.uasset" 3011
"X:/Unreal Projects/Momentum/Momentum/Content/Blueprints/CharacterAbilities/GrindComponent.uasset" 3012
"X:/Unreal Projects/Momentum/Momentum/Content/Blueprints/CanJump.uasset" 3013
"X:/Unreal Projects/Momentum/Momentum/Content/ParticlesFX/LandingSmoke.uasset" 3014
"../../Plugins/FX/Niagara/Content/Modules/Spawn/Location/TorusLocation.uasset" 3015
"../../Plugins/FX/Niagara/Content/Functions/ParametricTorus.uasset" 3016
"../../Plugins/FX/Niagara/Content/Functions/ParametricTorusKnot.uasset" 3017
"../../Plugins/FX/Niagara/Content/Functions/RandomRange.uasset" 3018
"../../Plugins/FX/Niagara/Content/Functions/Rotation/AxisAngleToQuaternion.uasset" 3019
"../../Plugins/FX/Niagara/Content/Enums/ENiagaraTorusDistributionMode.uasset" 3020
"../../Plugins/FX/Niagara/Content/Enums/ENiagaraTorusMode.uasset" 3021
"../../Plugins/FX/Niagara/Content/Modules/Update/Mass/CalculateSizeAndRotationalInertiaByMass.uasset" 3022
"../../Plugins/FX/Niagara/Content/Enums/ENiagaraMassByVolume.uasset" 3023
"X:/Unreal Projects/Momentum/Momentum/Content/Data/PlayerSaveState.uasset" 3024
"X:/Unreal Projects/Momentum/Momentum/Content/Blueprints/SaveStateComponent.uasset" 3025
"X:/Unreal Projects/Momentum/Momentum/Content/Interfaces/SaveStateInterface.uasset" 3026
"X:/Unreal Projects/Momentum/Momentum/Content/SenseOfSpeedComponent.uasset" 3027
"X:/Unreal Projects/Momentum/Momentum/Content/SpeedCameraShake.uasset" 3028
"X:/Unreal Projects/Momentum/Momentum/Content/Experimental/MusicSpeedFX.uasset" 3029
"X:/Unreal Projects/Momentum/Momentum/Content/Experimental/SoundClassTest.uasset" 3030
"X:/Unreal Projects/Momentum/Momentum/Content/Experimental/MuffleTargets.uasset" 3031
"X:/Unreal Projects/Momentum/Momentum/Content/Experimental/UI.uasset" 3032
"X:/Unreal Projects/Momentum/Momentum/Content/Experimental/MusicSpeedFX_2.uasset" 3033
"X:/Unreal Projects/Momentum/Momentum/Content/Experimental/MusicSpeedFX_3.uasset" 3034
"X:/Unreal Projects/Momentum/Momentum/Content/Experimental/MusicSpeedFX_4.uasset" 3035
"X:/Unreal Projects/Momentum/Momentum/Content/Experimental/Music.uasset" 3036
"X:/Unreal Projects/Momentum/Momentum/Content/Sounds/FX/WindSFX.uasset" 3037
"X:/Unreal Projects/Momentum/Momentum/Content/Experimental/ShadowCheck.uasset" 3038
"X:/Unreal Projects/Momentum/Momentum/Content/SkaterArt/Experimental/SkyeSkeletalMesh2.uasset" 3039
"X:/Unreal Projects/Momentum/Momentum/Content/Skater_Skye/Materials/BrownHair.uasset" 3040
"X:/Unreal Projects/Momentum/Momentum/Content/Skater_Skye/Materials/M_GogglesEmissiveLit.uasset" 3041
"X:/Unreal Projects/Momentum/Momentum/Content/SkaterArt/Experimental/SkyeSkeletalMesh2_PhysicsAsset.uasset" 3042
"X:/Unreal Projects/Momentum/Momentum/Content/Blueprints/CharacterAbilities/StateInformation.uasset" 3043
"X:/Unreal Projects/Momentum/Momentum/Content/BlobRed_Mat.uasset" 3044
"X:/Unreal Projects/Momentum/Momentum/Content/BlobRed.uasset" 3045
"X:/Unreal Projects/Momentum/Momentum/Content/AdvancedMagicFX12/Materials/MI_ky_aura14_fire_2.uasset" 3046
"X:/Unreal Projects/Momentum/Momentum/Content/Blueprints/CharacterAbilities/StickyGravityComponent.uasset" 3047
"X:/Unreal Projects/Momentum/Momentum/Content/Blueprints/UphillComponent.uasset" 3048
"X:/Unreal Projects/Momentum/Momentum/Content/HillAccelerationCurve.uasset" 3049
"X:/Unreal Projects/Momentum/Momentum/Content/HillSpeedCurve_2.uasset" 3050
"X:/Unreal Projects/Momentum/Momentum/Content/HillAccelCurve.uasset" 3051
"X:/Unreal Projects/Momentum/Momentum/Content/Experimental/NoWallRide.uasset" 3052
"X:/Unreal Projects/Momentum/Momentum/Content/Experimental/SavableObjectManager.uasset" 3053
"X:/Unreal Projects/Momentum/Momentum/Content/Experimental/PersistentVars.uasset" 3054
"X:/Unreal Projects/Momentum/Momentum/Content/Experimental/SavableObject.uasset" 3055
"X:/Unreal Projects/Momentum/Momentum/Content/Levels/StartingPoint/StartType.uasset" 3056
"X:/Unreal Projects/Momentum/Momentum/Content/Levels/StartingPoint/Countdown.uasset" 3057
"X:/Unreal Projects/Momentum/Momentum/Content/LevelTimer.uasset" 3058
"X:/Unreal Projects/Momentum/Momentum/Content/Experimental/CycleActor.uasset" 3059
"C:/Users/dws24/AppData/Local/Temp/UnrealShaderWorkingDir/C64101CA4B8D7FC8E26A7DBCB7517012/2/WorkerOutputOnly.out" 3060
"C:/Users/dws24/AppData/Local/Temp/UnrealShaderWorkingDir/C64101CA4B8D7FC8E26A7DBCB7517012/1/WorkerOutputOnly.out" 3061
"C:/Users/dws24/AppData/Local/Temp/UnrealShaderWorkingDir/C64101CA4B8D7FC8E26A7DBCB7517012/3/WorkerOutputOnly.out" 3062
"X:/Unreal Projects/Momentum/Momentum/Content/Sounds/FX/Countdown1.uasset" 3063
"X:/Unreal Projects/Momentum/Momentum/Content/Sounds/FX/Countdown2.uasset" 3064
"X:/Unreal Projects/Momentum/Momentum/Content/Sounds/FX/Countdown3.uasset" 3065
"X:/Unreal Projects/Momentum/Momentum/Content/Sounds/FX/CountdownGo.uasset" 3066
"X:/Unreal Projects/Momentum/Momentum/Content/FastAccelerationHill.uasset" 3067
"X:/Unreal Projects/Momentum/Momentum/Content/HillMaxSpeed.uasset" 3068
"X:/Unreal Projects/Momentum/Momentum/Content/FastAcceleration.uasset" 3069
"X:/Unreal Projects/Momentum/Momentum/Content/Skater_Skye/Instant.uasset" 3070
"X:/Unreal Projects/Momentum/Momentum/Content/Audio/SFX/pushSFX_Cue.uasset" 3071
"X:/Unreal Projects/Momentum/Momentum/Content/Audio/SFX/pushSFX.uasset" 3072
"X:/Unreal Projects/Momentum/Momentum/Content/SpeedLinesInstance.uasset" 3073
"X:/Unreal Projects/Momentum/Momentum/Content/SpeedLines.uasset" 3074
"../../../Engine/Content/Functions/Engine_MaterialFunctions02/Utility/VectorToRadialValue.uasset" 3075
"X:/Unreal Projects/Momentum/Momentum/Content/SkatesTrails.uasset" 3076
"X:/Unreal Projects/Momentum/Momentum/Content/SkatesTrailMat.uasset" 3077
"../../Plugins/FX/Niagara/Content/DynamicInputs/LinearColor/LerpLinearColors.uasset" 3078
"../../Plugins/FX/Niagara/Content/DynamicInputs/Multiply/Multiply_VectorByFloat.uasset" 3079
"../../Plugins/FX/Niagara/Content/DynamicInputs/ValueFromCurve/ColorFromCurve.uasset" 3080
"../../Plugins/FX/Niagara/Content/Modules/Beams/BeamEmitterSetup.uasset" 3081
"../../Plugins/FX/Niagara/Content/Modules/Beams/BeamWidth.uasset" 3082
"../../Plugins/FX/Niagara/Content/Modules/Beams/SpawnBeam.uasset" 3083
"../../Plugins/FX/Niagara/Content/Functions/NormalizedExecutionIndex.uasset" 3084
"../../Plugins/FX/Niagara/Content/Functions/Spline/FindPositionOnBezierSpline.uasset" 3085
"../../Plugins/FX/Niagara/Content/Modules/Beams/UpdateBeam.uasset" 3086
"../../Plugins/FX/Niagara/Content/Modules/Emitter/SpawnPerFrame.uasset" 3087
"../../Plugins/FX/Niagara/Content/Modules/Spawn/Initialization/InitializeRibbon.uasset" 3088
"../../Plugins/FX/Niagara/Content/Enums/Ribbons/ENiagara_UnsetDirectSet.uasset" 3089
"C:/Users/dws24/AppData/Local/Temp/UnrealShaderWorkingDir/C64101CA4B8D7FC8E26A7DBCB7517012/0/WorkerOutputOnly.out" 3090
"../../Plugins/FX/Niagara/Content/Modules/Update/Color/Color.uasset" 3091
"../../Plugins/FX/Niagara/Content/Modules/Update/Material/DynamicMaterialParameters.uasset" 3092
"C:/Users/dws24/AppData/Local/UnrealEngine/Common/DerivedDataCache/4/2/0/MATSM_0BA69734E4FD45E082FA4560DBE25454_PCD3D_SM5_8__BC5N_NOCCBN_NOIRIS_DEV_SL___541479F55550C7B384C6890B50E3C44D6608C7E8.udd" 3093
"C:/Users/dws24/AppData/Local/UnrealEngine/Common/DerivedDataCache/7/3/1/SKELETALMESH_91550326BADA436B92C8BF16C910465C_1BA34EE44D31F2719E531B9FA055661E__FE702C1C4A06D527AF177018D2D0792EEA07D690.udd" 3094
"C:/Users/dws24/AppData/Local/UnrealEngine/Common/DerivedDataCache/5/2/5/AUDIO_0005_0000_OGG10000$2D1$2D1$2D1$2D1$2D1_0004_3226871D48400DAD9F4D01A8C0A0F9B9.udd" 3095
"C:/Users/dws24/AppData/Local/UnrealEngine/Common/DerivedDataCache/9/9/1/MATSM_0BA69734E4FD45E082FA4560DBE25454_PCD3D_SM5_8__BC5N_NOCCBN_NOIRIS_DEV_SL___891AF32DE225E4BCA371C98D43DC9E7B6E40D034.udd" 3096
"C:/Users/dws24/AppData/Local/UnrealEngine/Common/DerivedDataCache/1/6/6/SKELETALMESH_91550326BADA436B92C8BF16C910465C_6FA4467243CD39B744BA4498A600F0C0__71B48C2C573E7EFE5C86BE7BE061E4ABA8C44AB6.udd" 3097
"C:/Users/dws24/AppData/Local/UnrealEngine/Common/DerivedDataCache/5/1/0/ANIMSEQ_D0E639028BB74237AD0F9775C097BB85_0_4062136321B27727C09EFB04A1161396BA4__9C307E8409947F12BB3C0FA993C9AC4847CC0821.udd" 3098
"C:/Users/dws24/AppData/Local/UnrealEngine/Common/DerivedDataCache/6/6/4/ANIMSEQ_D0E639028BB74237AD0F9775C097BB85_0_9237CF2620F9092AAEF1C80EB04BC915BA4__230BE1D13C0079C1ACA0EBCC00B43B5FAF2F0115.udd" 3099
"C:/Users/dws24/AppData/Local/UnrealEngine/Common/DerivedDataCache/2/5/8/ANIMSEQ_D0E639028BB74237AD0F9775C097BB85_0_448D090749FB5B51BD637D53699BEF6BBA4__5C8406DC3F08B7C6F4E3CF679EB60085D94D4BE3.udd" 3100
"C:/Users/dws24/AppData/Local/UnrealEngine/Common/DerivedDataCache/9/8/3/ANIMSEQ_D0E639028BB74237AD0F9775C097BB85_0_14A787C0BD6ABAB3025DDF5B63EAF837BA4__52DC62B77C15EF0CF8A6CE358E1D2803E4AA5D7B.udd" 3101
"C:/Users/dws24/AppData/Local/UnrealEngine/Common/DerivedDataCache/5/8/3/ANIMSEQ_D0E639028BB74237AD0F9775C097BB85_0_C279EC246581D5D2C164A3CD15EB0AA4BA4__8C443AB82FA025E0F4E4E2C709951AD1793AD1B7.udd" 3102
"C:/Users/dws24/AppData/Local/UnrealEngine/Common/DerivedDataCache/8/1/0/ANIMSEQ_D0E639028BB74237AD0F9775C097BB85_0_13085E4A0A3CBF81AF5F495DD715C3B3BA4__946C3602698B7270E4EB2BB827AA22B9F16BF8DF.udd" 3103
"C:/Users/dws24/AppData/Local/UnrealEngine/Common/DerivedDataCache/7/0/9/ANIMSEQ_D0E639028BB74237AD0F9775C097BB85_0_03526600E06E058B96A4DA0E6EB59124BA4__23081D1EB33678CFC8AC9B643FA3EF90CAC76E25.udd" 3104
"C:/Users/dws24/AppData/Local/UnrealEngine/Common/DerivedDataCache/2/7/1/ANIMSEQ_D0E639028BB74237AD0F9775C097BB85_0_E51B5519E08C16ADC6CEF47E61341415BA4__B4248C0E9DB92785E8DE174AB308921ECC4D3C76.udd" 3105
"C:/Users/dws24/AppData/Local/UnrealEngine/Common/DerivedDataCache/4/6/1/ANIMSEQ_D0E639028BB74237AD0F9775C097BB85_0_02184DD7DDCB4C67965AECA84010E395BA4__3F05D77E41BBD436F039AC1092CBB6C23FA6C6E1.udd" 3106
"C:/Users/dws24/AppData/Local/UnrealEngine/Common/DerivedDataCache/4/2/9/ANIMSEQ_D0E639028BB74237AD0F9775C097BB85_0_13AE7E15DFDBC3364057438D059E3746BA4__29A98B3FB6ED301BAE7D1C1302404F72A20C6956.udd" 3107
"C:/Users/dws24/AppData/Local/UnrealEngine/Common/DerivedDataCache/4/8/8/AUDIO_0005_0000_OGG10000$2D1$2D1$2D1$2D1$2D1_0004_96A623BB462915FCB360F8B5801F929C.udd" 3108
"C:/Users/dws24/AppData/Local/UnrealEngine/Common/DerivedDataCache/5/8/5/AUDIO_0005_0000_OGG10000$2D1$2D1$2D1$2D1$2D1_0004_60ABF55D4EF5D4BE9E5760889826C9F1.udd" 3109
"C:/Users/dws24/AppData/Local/UnrealEngine/Common/DerivedDataCache/8/7/6/AUDIO_0005_0000_OGG10000$2D1$2D1$2D1$2D1$2D1_0004_72021BD64D10DAB3D84F68810E7F0ECC.udd" 3110
"C:/Users/dws24/AppData/Local/UnrealEngine/Common/DerivedDataCache/6/3/3/AUDIO_0005_0000_OGG10000$2D1$2D1$2D1$2D1$2D1_0004_638FB4F84DD1ABA4EE93EEAC11EC6264.udd" 3111
"C:/Users/dws24/AppData/Local/UnrealEngine/Common/DerivedDataCache/6/7/8/AUDIO_0005_0000_OGG10000$2D1$2D1$2D1$2D1$2D1_0004_42E431554F28B603D5F192B47D2849AB.udd" 3112
"C:/Users/dws24/AppData/Local/UnrealEngine/Common/DerivedDataCache/2/9/8/AUDIO_0005_0000_OGG10000$2D1$2D1$2D1$2D1$2D1_0004_B73F3ADA40C66D968EADA5953E13E94C.udd" 3113
"C:/Users/dws24/AppData/Local/UnrealEngine/Common/DerivedDataCache/8/8/0/AUDIO_0005_0000_OGG10000$2D1$2D1$2D1$2D1$2D1_0004_9E8309134848B392A54CD09FB49C907E.udd" 3114
"C:/Users/dws24/AppData/Local/UnrealEngine/Common/DerivedDataCache/3/0/0/NIAGARASCRIPTDERIVEDDATA_179023FDDDD444DE97F61296909C2990_2_14_000000000000000__95BDC8D7C813D446CBCFE4E8E905EEB5A58EAA52.udd" 3115
"C:/Users/dws24/AppData/Local/UnrealEngine/Common/DerivedDataCache/0/8/9/NIAGARASCRIPTDERIVEDDATA_179023FDDDD444DE97F61296909C2990_2_15_000000000000000__A42795114370DF9F0B91B228EA8C3D4C1BEAE18A.udd" 3116
"C:/Users/dws24/AppData/Local/UnrealEngine/Common/DerivedDataCache/4/2/8/NIAGARASCRIPTDERIVEDDATA_179023FDDDD444DE97F61296909C2990_2_111_00000000000000__F9FC2A8119138D174125CAE7C41B12A3627E950B.udd" 3117
"C:/Users/dws24/AppData/Local/UnrealEngine/Common/DerivedDataCache/8/4/8/NIAGARASCRIPTDERIVEDDATA_179023FDDDD444DE97F61296909C2990_2_112_00000000000000__832F4679FF43191782C5B380D2017A44F572F50F.udd" 3118
"X:/Unreal Projects/Momentum/Momentum/Content/SkaterGameMode.uasset" 3119
"../../../Engine/Content/EditorMaterials/PreviewShadowIndicator.uasset" 3120
"../../../Engine/Content/EditorMaterials/PreviewShadowIndicatorMaterial.uasset" 3121
"../../../Engine/Content/EngineDebugMaterials/DebugEditorMaterial.uasset" 3122
"../../../Engine/Content/EditorResources/BSPVertex.uasset" 3123
"../../../Engine/Content/EngineSounds/Submixes/MasterEQSubmixDefault.uasset" 3124
"../../../Engine/Content/EngineSounds/Master.uasset" 3125
"../../../Engine/Content/EngineSounds/Submixes/MasterReverbEffectPreset.uasset" 3126
"../../../Engine/Content/EngineSounds/Submixes/MasterSubmixDefault.uasset" 3127
"../../../Engine/Content/EngineSounds/Submixes/MasterReverbSubmixDefault.uasset" 3128
"../../../Engine/Content/EngineSounds/Submixes/MasterEQEffectPreset.uasset" 3129
"../../../Engine/Content/MobileResources/HUD/MobileHUDDirectionPad.uasset" 3130
"../../../Engine/Content/MobileResources/HUD/MobileHUDButton2_off.uasset" 3131
"../../../Engine/Content/MobileResources/HUD/MobileHUDDirectionPad3.uasset" 3132
"../../../Engine/Content/MobileResources/HUD/MobileHUDDirectionPad2.uasset" 3133
"../../../Engine/Content/MobileResources/HUD/T_Castle_ThumbstickInner.uasset" 3134
"../../../Engine/Content/MobileResources/HUD/MobileHUDButtonFire.uasset" 3135
"../../../Engine/Content/MobileResources/HUD/MobileHUDDirectionStick.uasset" 3136
"../../../Engine/Content/MobileResources/HUD/AnalogHat.uasset" 3137
"../../../Engine/Content/MobileResources/HUD/T_Castle_ThumbstickOutter.uasset" 3138
"../../../Engine/Content/MobileResources/HUD/MobileHUDButton3.uasset" 3139
"../../../Engine/Content/MobileResources/HUD/MobileHUDButton1_off.uasset" 3140
"../../../Engine/Content/MobileResources/HUD/LeftVirtualJoystickOnly.uasset" 3141
"../../../Engine/Content/MobileResources/HUD/MobileHUDButton2_on.uasset" 3142
"../../../Engine/Content/MobileResources/HUD/MobileHUDButton1_on.uasset" 3143
"../../../Engine/Content/MobileResources/T_MobileMenu2.uasset" 3144
"../../../Engine/Content/MobileResources/T_MobileControls_texture.uasset" 3145
"C:/Users/dws24/AppData/Local/UnrealEngine/Common/DerivedDataCache/3/4/0/MATSM_0BA69734E4FD45E082FA4560DBE25454_PCD3D_SM5_8__BC5N_NOCCBN_NOIRIS_DEV_SL___1907330AFA1914204BAB38D3EBB458E0953AF477.udd" 3146
"C:/Users/dws24/AppData/Local/UnrealEngine/Common/DerivedDataCache/6/1/5/TEXTURE_E01F4250BECD420DA9CE63B5EECEC2C2_BGRA8_F040CDC940435F38A032F194694C268__299F430B24317F29CBABAB834E59EAFE7C038B94.udd" 3147
"C:/Users/dws24/AppData/Local/UnrealEngine/Common/DerivedDataCache/4/4/1/MATSM_0BA69734E4FD45E082FA4560DBE25454_PCD3D_SM5_8__BC5N_NOCCBN_NOIRIS_DEV_SL___62ED945DEBE6DC42CF99027D7C9CC29F334489FC.udd" 3148
"C:/Users/dws24/AppData/Local/UnrealEngine/Common/DerivedDataCache/1/3/6/STREAMEDAUDIO_BC6E92FBBD314E3B9B9EC6778749EB5E_OGG10000$2D1$2D1$2D1$2D1$2D1_4_98B061124FB740B51CFAFEBCDECD86F9.udd" 3149
"C:/Users/dws24/AppData/Local/UnrealEngine/Common/DerivedDataCache/3/7/4/MATSM_0BA69734E4FD45E082FA4560DBE25454_PCD3D_SM5_8__BC5N_NOCCBN_NOIRIS_DEV_SL___6D0CD2F108B929F79691B8E56A50EB6541CE1617.udd" 3150
"C:/Users/dws24/AppData/Local/UnrealEngine/Common/DerivedDataCache/6/9/7/TEXTURE_E01F4250BECD420DA9CE63B5EECEC2C2_OODLE_AUTODXT_11_2981F5394A0C9D0AEFEE__A223EED6284D278262350BA8F5740D2ECDCDD337.udd" 3151
"C:/Users/dws24/AppData/Local/UnrealEngine/Common/DerivedDataCache/3/9/7/TEXTURE_E01F4250BECD420DA9CE63B5EECEC2C2_OODLE_AUTODXT_11_F234FE574D8178925312__64D07535DAE51FE067C479E736A476E6CC36ECC2.udd" 3152
"C:/Users/dws24/AppData/Local/UnrealEngine/Common/DerivedDataCache/0/6/2/TEXTURE_E01F4250BECD420DA9CE63B5EECEC2C2_OODLE_AUTODXT_11_F234FE574D8178925312__CBF0E74D78071EEE0C38A78B86F00806CD05A760.udd" 3153
"C:/Users/dws24/AppData/Local/UnrealEngine/Common/DerivedDataCache/2/3/6/TEXTURE_E01F4250BECD420DA9CE63B5EECEC2C2_OODLE_AUTODXT_11_F234FE574D8178925312__8559BE4D74CC22748E79166FBF02BB74D6124819.udd" 3154
"C:/Users/dws24/AppData/Local/UnrealEngine/Common/DerivedDataCache/6/6/0/TEXTURE_E01F4250BECD420DA9CE63B5EECEC2C2_OODLE_AUTODXT_11_BFF5DB6442399A3832AA__C97F08F58726C3A746C9932BFA55EB248C67282F.udd" 3155
"C:/Users/dws24/AppData/Local/UnrealEngine/Common/DerivedDataCache/0/4/9/TEXTURE_E01F4250BECD420DA9CE63B5EECEC2C2_OODLE_AUTODXT_11_BFF5DB6442399A3832AA__AC4F052273927B2F32C9425A3531F588F9A806D2.udd" 3156
"C:/Users/dws24/AppData/Local/UnrealEngine/Common/DerivedDataCache/9/7/8/TEXTURE_E01F4250BECD420DA9CE63B5EECEC2C2_OODLE_AUTODXT_11_BFF5DB6442399A3832AA__2A9E5F469F3CB405B2141AB56F040036C97B79E1.udd" 3157
"C:/Users/dws24/AppData/Local/UnrealEngine/Common/DerivedDataCache/4/6/9/TEXTURE_E01F4250BECD420DA9CE63B5EECEC2C2_OODLE_AUTODXT_11_BFF5DB6442399A3832AA__5BD4E3EA6C42EF9535906369B7E7DF4501E59D60.udd" 3158
"C:/Users/dws24/AppData/Local/UnrealEngine/Common/DerivedDataCache/2/1/1/TEXTURE_E01F4250BECD420DA9CE63B5EECEC2C2_OODLE_AUTODXT_11_BFF5DB6442399A3832AA__CBBC9951FCDFCF1590DF9F083AB0E259D0B0990E.udd" 3159
"C:/Users/dws24/AppData/Local/UnrealEngine/Common/DerivedDataCache/9/5/4/TEXTURE_E01F4250BECD420DA9CE63B5EECEC2C2_OODLE_AUTODXT_11_2981F5394A0C9D0AEFEE__634669F60742F087E328485242C35EACAF3C1389.udd" 3160
"C:/Users/dws24/AppData/Local/UnrealEngine/Common/DerivedDataCache/9/7/7/TEXTURE_E01F4250BECD420DA9CE63B5EECEC2C2_OODLE_AUTODXT_11_2981F5394A0C9D0AEFEE__FB80CD3C4D48DB9BA635D3F447148650D6F5D73C.udd" 3161
"C:/Users/dws24/AppData/Local/UnrealEngine/Common/DerivedDataCache/8/3/6/TEXTURE_E01F4250BECD420DA9CE63B5EECEC2C2_OODLE_AUTODXT_11_2981F5394A0C9D0AEFEE__C0548157900C3D2ED2AC77ECEFEDDE1A64ACEC97.udd" 3162
"C:/Users/dws24/AppData/Local/UnrealEngine/Common/DerivedDataCache/7/1/8/MATSM_0BA69734E4FD45E082FA4560DBE25454_PCD3D_SM5_8__BC5N_NOCCBN_NOIRIS_DEV_SL___B1D850A90C26E1DAEF42A312295F9BC92D3C7017.udd" 3163
"C:/Users/dws24/AppData/Local/UnrealEngine/Common/DerivedDataCache/7/3/4/TEXTURE_E01F4250BECD420DA9CE63B5EECEC2C2_OODLE_AUTODXT_11_2981F5394A0C9D0AEFEE__35C767013EA0FD8E2999A114D21E90B98C1B4758.udd" 3164
"C:/Users/dws24/AppData/Local/UnrealEngine/Common/DerivedDataCache/0/7/4/TEXTURE_E01F4250BECD420DA9CE63B5EECEC2C2_OODLE_AUTODXT_11_F31729E047AA20FBBAA3__FEEB10E1373FDF13BAB7E91298ACC255D765A6C9.udd" 3165
"C:/Users/dws24/AppData/Local/UnrealEngine/Common/DerivedDataCache/3/5/5/STREAMEDAUDIO_BC6E92FBBD314E3B9B9EC6778749EB5E_OGG10000$2D1$2D1$2D1$2D1$2D1_4_01CEFAC943765E1CC4173DB264B8282A.udd" 3166
"C:/Users/dws24/AppData/Local/UnrealEngine/Common/DerivedDataCache/7/4/7/MATSM_0BA69734E4FD45E082FA4560DBE25454_PCD3D_SM5_8__BC5N_NOCCBN_NOIRIS_DEV_SL___24CFF949F5856F9BFFF561F50D2F0AAC02A4DC9A.udd" 3167
"C:/Users/dws24/AppData/Local/UnrealEngine/Common/DerivedDataCache/0/9/8/STREAMEDAUDIO_BC6E92FBBD314E3B9B9EC6778749EB5E_OGG10000$2D1$2D1$2D1$2D1$2D1_4_5F0CA2864E3B2945B79CF49B3306658F.udd" 3168
"C:/Users/dws24/AppData/Local/UnrealEngine/Common/DerivedDataCache/7/7/1/STREAMEDAUDIO_BC6E92FBBD314E3B9B9EC6778749EB5E_OGG10000$2D1$2D1$2D1$2D1$2D1_4_34773F5E435B6228AFC741827FD12F8F.udd" 3169
"C:/Users/dws24/AppData/Local/UnrealEngine/Common/DerivedDataCache/5/2/6/TEXTURE_E01F4250BECD420DA9CE63B5EECEC2C2_OODLE_AUTODXT_11_27947C444C4430CB0E6C__F7C104AB9CBAE560C4FA007A5348CE310644D5E0.udd" 3170
"C:/Users/dws24/AppData/Local/UnrealEngine/Common/DerivedDataCache/5/6/1/TEXTURE_E01F4250BECD420DA9CE63B5EECEC2C2_OODLE_AUTODXT_11_27947C444C4430CB0E6C__1B685CDFD8E411002D8E825E9EDFCF6DED51A458.udd" 3171
"C:/Users/dws24/AppData/Local/UnrealEngine/Common/DerivedDataCache/9/3/7/STREAMEDAUDIO_BC6E92FBBD314E3B9B9EC6778749EB5E_OGG10000$2D1$2D1$2D1$2D1$2D1_4_42E431554F28B603D5F192B47D2849AB.udd" 3172
"C:/Users/dws24/AppData/Local/UnrealEngine/Common/DerivedDataCache/6/7/5/TEXTURE_E01F4250BECD420DA9CE63B5EECEC2C2_OODLE_AUTODXT_11_27947C444C4430CB0E6C__5BA4B2A01F2C78F3D998A47560828292F2C8A69B.udd" 3173
"C:/Users/dws24/AppData/Local/UnrealEngine/Common/DerivedDataCache/4/2/4/TEXTURE_E01F4250BECD420DA9CE63B5EECEC2C2_OODLE_AUTODXT_11_27947C444C4430CB0E6C__0ADCF0EB500C2A2D471EBA62AC4EBBFBA8A5462C.udd" 3174
"C:/Users/dws24/AppData/Local/UnrealEngine/Common/DerivedDataCache/3/6/2/TEXTURE_E01F4250BECD420DA9CE63B5EECEC2C2_OODLE_AUTODXT_11_27947C444C4430CB0E6C__5386460292D142DD0A25C0EBCCE35ED5ECF7D3DD.udd" 3175
"C:/Users/dws24/AppData/Local/UnrealEngine/Common/DerivedDataCache/2/9/2/TEXTURE_E01F4250BECD420DA9CE63B5EECEC2C2_OODLE_AUTODXT_11_B9478C134B3D21E8637A__4DF7D593AC2D313F9381228ED034F85CBB74E6D9.udd" 3176
"C:/Users/dws24/AppData/Local/UnrealEngine/Common/DerivedDataCache/2/9/0/TEXTURE_E01F4250BECD420DA9CE63B5EECEC2C2_OODLE_AUTODXT_11_B9478C134B3D21E8637A__53FD40258CB70FC895FE7442FCCFC47314ED609A.udd" 3177
"C:/Users/dws24/AppData/Local/UnrealEngine/Common/DerivedDataCache/0/1/6/TEXTURE_E01F4250BECD420DA9CE63B5EECEC2C2_OODLE_AUTODXT_11_B9478C134B3D21E8637A__9EBBD0654F9AB1C291EE169815557066F5FF651F.udd" 3178
"C:/Users/dws24/AppData/Local/UnrealEngine/Common/DerivedDataCache/4/4/0/TEXTURE_E01F4250BECD420DA9CE63B5EECEC2C2_OODLE_AUTODXT_11_B9478C134B3D21E8637A__5D22454127BFB7276A1B46B3BE3CCD385E53E3F3.udd" 3179
"C:/Users/dws24/AppData/Local/UnrealEngine/Common/DerivedDataCache/5/1/4/TEXTURE_E01F4250BECD420DA9CE63B5EECEC2C2_OODLE_AUTODXT_11_B9478C134B3D21E8637A__0603C161088ADC87710FE9EFA1F0466EB7F4DBA6.udd" 3180
"C:/Users/dws24/AppData/Local/UnrealEngine/Common/DerivedDataCache/4/2/9/STREAMEDAUDIO_BC6E92FBBD314E3B9B9EC6778749EB5E_OGG10000$2D1$2D1$2D1$2D1$2D1_4_B73F3ADA40C66D968EADA5953E13E94C.udd" 3181
"C:/Users/dws24/AppData/Local/UnrealEngine/Common/DerivedDataCache/0/6/5/MATSM_0BA69734E4FD45E082FA4560DBE25454_PCD3D_SM5_8__BC5N_NOCCBN_NOIRIS_DEV_SL___39B4CA594378883F15820D247CF44D464F8C5A99.udd" 3182
"C:/Users/dws24/AppData/Local/UnrealEngine/Common/DerivedDataCache/7/1/7/TEXTURE_E01F4250BECD420DA9CE63B5EECEC2C2_OODLE_AUTODXT_11_784E743D4367C30D8907__32E6E60942CD8CC1DA19984B82AB9D8D90555FAF.udd" 3183
"C:/Users/dws24/AppData/Local/UnrealEngine/Common/DerivedDataCache/5/0/2/TEXTURE_E01F4250BECD420DA9CE63B5EECEC2C2_OODLE_AUTODXT_11_784E743D4367C30D8907__5BEAF4D8F15321D46CDF953783A31E87B97114F8.udd" 3184
"C:/Users/dws24/AppData/Local/UnrealEngine/Common/DerivedDataCache/5/8/5/TEXTURE_E01F4250BECD420DA9CE63B5EECEC2C2_OODLE_AUTODXT_11_784E743D4367C30D8907__6EDE0A64793590FB2D71995F16008DA00CFC16FF.udd" 3185
"C:/Users/dws24/AppData/Local/UnrealEngine/Common/DerivedDataCache/7/5/9/TEXTURE_E01F4250BECD420DA9CE63B5EECEC2C2_OODLE_AUTODXT_11_784E743D4367C30D8907__A1548A87C6DBEBC445EC16DF43AA8664883D3DFC.udd" 3186
"C:/Users/dws24/AppData/Local/UnrealEngine/Common/DerivedDataCache/8/4/5/TEXTURE_E01F4250BECD420DA9CE63B5EECEC2C2_OODLE_AUTODXT_11_784E743D4367C30D8907__ACF604E95EF172669E9E4A7493B20B52073E53E7.udd" 3187
"C:/Users/dws24/AppData/Local/UnrealEngine/Common/DerivedDataCache/5/5/0/TEXTURE_E01F4250BECD420DA9CE63B5EECEC2C2_OODLE_AUTODXT_11_D58BE4804D88D91082EA__93AD420DC858777D5715561905484B0B73B49645.udd" 3188
"C:/Users/dws24/AppData/Local/UnrealEngine/Common/DerivedDataCache/7/6/7/TEXTURE_E01F4250BECD420DA9CE63B5EECEC2C2_OODLE_AUTODXT_11_D58BE4804D88D91082EA__BD87147A2E7231CAF444AFCB00498895E7592A3F.udd" 3189
"C:/Users/dws24/AppData/Local/UnrealEngine/Common/DerivedDataCache/0/8/9/TEXTURE_E01F4250BECD420DA9CE63B5EECEC2C2_OODLE_AUTODXT_11_D58BE4804D88D91082EA__BED04A157A715F802276739F18F7FEF13D68FBDB.udd" 3190
"C:/Users/dws24/AppData/Local/UnrealEngine/Common/DerivedDataCache/9/0/5/TEXTURE_E01F4250BECD420DA9CE63B5EECEC2C2_OODLE_AUTODXT_11_00C7F0FA4F213F7197DE__8FDCA214A4DA34CF55016AEB5F223614BDCB5C05.udd" 3191
"C:/Users/dws24/AppData/Local/UnrealEngine/Common/DerivedDataCache/4/2/1/TEXTURE_E01F4250BECD420DA9CE63B5EECEC2C2_OODLE_AUTODXT_11_00C7F0FA4F213F7197DE__83ECD2FFF877A6600BF5811E419476FAEC48489B.udd" 3192
"C:/Users/dws24/AppData/Local/UnrealEngine/Common/DerivedDataCache/2/5/6/TEXTURE_E01F4250BECD420DA9CE63B5EECEC2C2_OODLE_AUTODXT_11_00C7F0FA4F213F7197DE__F941720B37EE90AD3F009C830845CF4E72B042DC.udd" 3193
"C:/Users/dws24/AppData/Local/UnrealEngine/Common/DerivedDataCache/6/1/2/TEXTURE_E01F4250BECD420DA9CE63B5EECEC2C2_OODLE_AUTODXT_11_00C7F0FA4F213F7197DE__A81ADF687198240918206FB01185E8D0292AAD1D.udd" 3194
"C:/Users/dws24/AppData/Local/UnrealEngine/Common/DerivedDataCache/0/1/7/TEXTURE_E01F4250BECD420DA9CE63B5EECEC2C2_OODLE_AUTODXT_11_00C7F0FA4F213F7197DE__C9F3C725A864430C937F9890CFF4050C8387D250.udd" 3195
"C:/Users/dws24/AppData/Local/UnrealEngine/Common/DerivedDataCache/2/1/7/MATSM_0BA69734E4FD45E082FA4560DBE25454_PCD3D_SM5_8__BC5N_NOCCBN_NOIRIS_DEV_SL___919E8BFAC4FC054F37C1B8789A4135D2F2DA7DD8.udd" 3196
"C:/Users/dws24/AppData/Local/UnrealEngine/Common/DerivedDataCache/3/9/0/MATSM_0BA69734E4FD45E082FA4560DBE25454_PCD3D_SM5_8__BC5N_NOCCBN_NOIRIS_DEV_SL___94865377882F65D183DF1E6759D510FC08FE98E1.udd" 3197
"C:/Users/dws24/AppData/Local/UnrealEngine/Common/DerivedDataCache/6/7/5/TEXTURE_E01F4250BECD420DA9CE63B5EECEC2C2_OODLE_BC5_11_9D79806F4FC0A8F037E5F6AF__8752184F5AF00BD296DDE3B168229627F1FE8B49.udd" 3198
"C:/Users/dws24/AppData/Local/UnrealEngine/Common/DerivedDataCache/1/5/9/TEXTURE_E01F4250BECD420DA9CE63B5EECEC2C2_OODLE_BC5_11_9D79806F4FC0A8F037E5F6AF__790048FDD7119ACEAA37432BD02B94CC69ACF9E1.udd" 3199
"C:/Users/dws24/AppData/Local/UnrealEngine/Common/DerivedDataCache/0/6/1/TEXTURE_E01F4250BECD420DA9CE63B5EECEC2C2_OODLE_BC5_11_9D79806F4FC0A8F037E5F6AF__0F613BF38CD0C55556C2B05761856CA3B1F7C033.udd" 3200
"C:/Users/dws24/AppData/Local/UnrealEngine/Common/DerivedDataCache/3/5/5/TEXTURE_E01F4250BECD420DA9CE63B5EECEC2C2_OODLE_BC5_11_9D79806F4FC0A8F037E5F6AF__C104556A798E57441AB323B8ACEFC79A3C8D97E1.udd" 3201
"C:/Users/dws24/AppData/Local/UnrealEngine/Common/DerivedDataCache/0/3/4/MATSM_0BA69734E4FD45E082FA4560DBE25454_PCD3D_SM5_8__BC5N_NOCCBN_NOIRIS_DEV_SL___21164D9C8FA397879E37496036DA16B1F22BD2E8.udd" 3202
"C:/Users/dws24/AppData/Local/UnrealEngine/Common/DerivedDataCache/7/5/1/STREAMEDAUDIO_BC6E92FBBD314E3B9B9EC6778749EB5E_OGG10000$2D1$2D1$2D1$2D1$2D1_4_9E8309134848B392A54CD09FB49C907E.udd" 3203
"C:/Users/dws24/AppData/Local/UnrealEngine/Common/DerivedDataCache/6/1/7/TEXTURE_E01F4250BECD420DA9CE63B5EECEC2C2_OODLE_AUTODXT_11_5654B80446E4DD210106__E6713A1F8F8F77D5E9AA57ACF11AA4517BAD5DE5.udd" 3204
"C:/Users/dws24/AppData/Local/UnrealEngine/Common/DerivedDataCache/0/0/7/TEXTURE_E01F4250BECD420DA9CE63B5EECEC2C2_OODLE_AUTODXT_11_AA172F46446A690BC850__8D7A1AA53632E51E607BFAB896E067AB32929E20.udd" 3205
"C:/Users/dws24/AppData/Local/UnrealEngine/Common/DerivedDataCache/8/0/2/TEXTURE_E01F4250BECD420DA9CE63B5EECEC2C2_OODLE_AUTODXT_11_AA172F46446A690BC850__2587C58863693BAFC4D7821CD33B7B7CC718AC10.udd" 3206
"C:/Users/dws24/AppData/Local/UnrealEngine/Common/DerivedDataCache/0/3/8/MATSM_0BA69734E4FD45E082FA4560DBE25454_PCD3D_SM5_8__BC5N_NOCCBN_NOIRIS_DEV_SL___FAAB7B3A40B4BFDF652523FB8B6355C31160EBA9.udd" 3207
"C:/Users/dws24/AppData/Local/UnrealEngine/Common/DerivedDataCache/8/8/8/MATSM_0BA69734E4FD45E082FA4560DBE25454_PCD3D_SM5_8__BC5N_NOCCBN_NOIRIS_DEV_SL___0F6326D4CE46E0BE0403D1940710FCEEE869C349.udd" 3208
"C:/Users/dws24/AppData/Local/UnrealEngine/Common/DerivedDataCache/1/9/4/STREAMEDAUDIO_BC6E92FBBD314E3B9B9EC6778749EB5E_OGG10000$2D1$2D1$2D1$2D1$2D1_4_3226871D48400DAD9F4D01A8C0A0F9B9.udd" 3209
"C:/Users/dws24/AppData/Local/UnrealEngine/Common/DerivedDataCache/2/8/7/STREAMEDAUDIO_BC6E92FBBD314E3B9B9EC6778749EB5E_OGG10000$2D1$2D1$2D1$2D1$2D1_4_96A623BB462915FCB360F8B5801F929C.udd" 3210
"C:/Users/dws24/AppData/Local/UnrealEngine/Common/DerivedDataCache/2/9/4/STREAMEDAUDIO_BC6E92FBBD314E3B9B9EC6778749EB5E_OGG10000$2D1$2D1$2D1$2D1$2D1_4_60ABF55D4EF5D4BE9E5760889826C9F1.udd" 3211
"C:/Users/dws24/AppData/Local/UnrealEngine/Common/DerivedDataCache/7/1/5/STREAMEDAUDIO_BC6E92FBBD314E3B9B9EC6778749EB5E_OGG10000$2D1$2D1$2D1$2D1$2D1_4_72021BD64D10DAB3D84F68810E7F0ECC.udd" 3212
"C:/Users/dws24/AppData/Local/UnrealEngine/Common/DerivedDataCache/0/3/8/STREAMEDAUDIO_BC6E92FBBD314E3B9B9EC6778749EB5E_OGG10000$2D1$2D1$2D1$2D1$2D1_4_638FB4F84DD1ABA4EE93EEAC11EC6264.udd" 3213
"C:/Users/dws24/AppData/Local/UnrealEngine/Common/DerivedDataCache/0/8/8/TEXTURE_E01F4250BECD420DA9CE63B5EECEC2C2_OODLE_AUTODXT_11_5D4F6AE245C579744423__4E0A849D1878B3A73307FA7B06838D3AE94E8235.udd" 3214
"C:/Users/dws24/AppData/Local/UnrealEngine/Common/DerivedDataCache/9/2/2/MATSM_0BA69734E4FD45E082FA4560DBE25454_PCD3D_SM5_8__BC5N_NOCCBN_NOIRIS_DEV_SL___8454378B6678BB8714B7D3C88D8F0579C5F8B813.udd" 3215
"C:/Users/dws24/AppData/Local/UnrealEngine/Common/DerivedDataCache/7/1/1/TEXTURE_E01F4250BECD420DA9CE63B5EECEC2C2_OODLE_AUTODXT_11_54C4F6FA4108F064166A__6792F399A5D16CD046E0DDEE8DF500858E11AAFA.udd" 3216
"C:/Users/dws24/AppData/Local/UnrealEngine/Common/DerivedDataCache/9/4/3/MATSM_0BA69734E4FD45E082FA4560DBE25454_PCD3D_SM5_8__BC5N_NOCCBN_NOIRIS_DEV_SL___8F1008E80F24649F9B70DBAA69D11403CF80A981.udd" 3217
"X:/Unreal Projects/Momentum/Momentum/Content/StarterContent/Textures/T_Wood_Oak_N.uasset" 3218
"X:/Unreal Projects/Momentum/Momentum/Content/StarterContent/Textures/T_Wood_Oak_D.uasset" 3219
"X:/Unreal Projects/Momentum/Momentum/Content/StarterContent/Textures/T_MacroVariation.uasset" 3220
"X:/Unreal Projects/Momentum/Momentum/Content/StarterContent/Materials/M_Wood_Oak.uasset" 3221
"X:/Unreal Projects/Momentum/Momentum/Content/CarouselSlot.uasset" 3222
"X:/Unreal Projects/Momentum/Momentum/Content/UI/Menus/CreateCharacterPrompt.uasset" 3223
"../../../Engine/Plugins/Marketplace/NinjaCharacter/Content/Geometry/Meshes/CubeMaterial.uasset" 3224
"../../../Engine/Plugins/Marketplace/NinjaCharacter/Content/Geometry/Meshes/1M_Cube.uasset" 3225
"X:/Unreal Projects/Momentum/Momentum/Content/Experimental/DeleteAllLevels.uasset" 3226
"X:/Unreal Projects/Momentum/Momentum/Content/Rig/Skates_PhysicsAsset.uasset" 3227
"X:/Unreal Projects/Momentum/Momentum/Content/Rig/SkatesMat.uasset" 3228
"X:/Unreal Projects/Momentum/Momentum/Content/Rig/SkatesMaterial.uasset" 3229
"X:/Unreal Projects/Momentum/Momentum/Content/Rig/Skates.uasset" 3230
"X:/Unreal Projects/Momentum/Momentum/Content/StylizedRenderingSystem/Textures/Patterns/T_SRS_P_NoPattern.uasset" 3231
"../../../Engine/Content/Functions/Engine_MaterialFunctions02/ExampleContent/DebugNumberStrip.uasset" 3232
"X:/Unreal Projects/Momentum/Momentum/Content/Blueprints/CharacterData/SkinData.uasset" 3233
"X:/Unreal Projects/Momentum/Momentum/Content/CharacterCreation/CharacterDataInterface.uasset" 3234
"X:/Unreal Projects/Momentum/Momentum/Content/Rig/M_SkatesMaterial.uasset" 3235
"X:/Unreal Projects/Momentum/Momentum/Content/StylizedRenderingSystem/Materials/Master/Hair.uasset" 3236
"X:/Unreal Projects/Momentum/Momentum/Content/StylizedRenderingSystem/Materials/Master/M_SRS_MASTER.uasset" 3237
"../../../Engine/Content/Functions/Engine_MaterialFunctions01/Debug/DebugBinaryValues-Int.uasset" 3238
"../../../Engine/Content/Functions/Engine_MaterialFunctions01/Debug/DebugIntValues.uasset" 3239
"../../../Engine/Content/Functions/Engine_MaterialFunctions01/Texturing/TextureCropping.uasset" 3240
"../../../Engine/Content/Functions/Engine_MaterialFunctions01/Opacity/AlphaOffset.uasset" 3241
"../../../Engine/Content/EngineDebugMaterials/T_1x1_Grid.uasset" 3242
"../../../Engine/Content/Functions/Engine_MaterialFunctions01/Shading/MetallicShading.uasset" 3243
"../../../Engine/Content/Functions/Engine_MaterialFunctions02/Texturing/CustomRotator.uasset" 3244
"X:/Unreal Projects/Momentum/Momentum/Content/StylizedRenderingSystem/MaterialFunctions/SRS_AttributeConverter.uasset" 3245
"X:/Unreal Projects/Momentum/Momentum/Content/StylizedRenderingSystem/MaterialFunctions/SRS_MaterialAttributes.uasset" 3246
"X:/Unreal Projects/Momentum/Momentum/Content/StylizedRenderingSystem/MaterialFunctions/Utility/SRS_GetBinaryDigit.uasset" 3247
"X:/Unreal Projects/Momentum/Momentum/Content/StylizedRenderingSystem/MaterialFunctions/Utility/SRS_CameraAlignedTexture.uasset" 3248
"X:/Unreal Projects/Momentum/Momentum/Content/StylizedRenderingSystem/MaterialFunctions/Utility/SRS_MetallicShading.uasset" 3249
"X:/Unreal Projects/Momentum/Momentum/Content/StylizedRenderingSystem/MaterialFunctions/Utility/SRS_NormalStrength.uasset" 3250
"X:/Unreal Projects/Momentum/Momentum/Content/StylizedRenderingSystem/Materials/MaterialLayers/ML_SRS_Master.uasset" 3251
"../../../Engine/Content/EngineMaterials/FlatNormal.uasset" 3252
"X:/Unreal Projects/Momentum/Momentum/Content/StylizedRenderingSystem/Textures/Gradients/T_SRS_G_NoGradient.uasset" 3253
"X:/Unreal Projects/Momentum/Momentum/Content/Mannequin/Character/Materials/MaterialLayers/T_ML_Aluminum01_N.uasset" 3254
"X:/Unreal Projects/Momentum/Momentum/Content/StylizedRenderingSystem/Materials/Master/M_SkaterHeadphones.uasset" 3255
"X:/Unreal Projects/Momentum/Momentum/Content/StylizedRenderingSystem/Materials/Master/M_SkaterShirt.uasset" 3256
"X:/Unreal Projects/Momentum/Momentum/Content/StylizedRenderingSystem/Materials/Master/M_SkaterShorts.uasset" 3257
"../../Plugins/Marketplace/NinjaCharacter/Content/Geometry/Meshes/1M_Cube.uasset" 3258
"X:/Unreal Projects/Momentum/Momentum/Content/SaveList.uasset" 3259
"C:/Users/dws24/AppData/Local/UnrealEngine/Common/DerivedDataCache/2/8/9/SKELETALMESH_91550326BADA436B92C8BF16C910465C_88D78CF647B59732CB7622A738DDAA5B__773DFFAE4DB943C8EDB3470FCDFDB76364324BA0.udd" 3260
"C:/Users/dws24/AppData/Local/UnrealEngine/Common/DerivedDataCache/0/4/3/STATICMESH_9CE2B6FB46754B699726C4AA1515F12E_228332BAE0224DD294E232B87D83948FQU__D7BEB6EBE0014129537005FAAF830001AC99E5E4.udd" 3261
"C:/Users/dws24/AppData/Local/UnrealEngine/Common/DerivedDataCache/8/9/7/PHYSX_A08609EF508D460CBB6710540B03AACF_PHYSXPC_86B743CE46BEC7BF68209087B83478B__08F0B03AFB8A15A8038FB2A205A28112BCD98924.udd" 3262
"C:/Users/dws24/AppData/Local/UnrealEngine/Common/DerivedDataCache/9/3/3/NAVCOLLISION_2983273BE5D6425391E8C0B3D1C0A55D_NAVCOLLISION_X_86B743CE46BEC7BF6__9D87D1CD5C0A2F4E9646C6E4E2D1361A190BB440.udd" 3263
"X:/Unreal Projects/Momentum/Momentum/Content/UI/Menus/CharacterCreatorSubWidget.uasset" 3264
"X:/Unreal Projects/Momentum/Momentum/Content/UI/Levels/Timer.uasset" 3265
"X:/Unreal Projects/Momentum/Momentum/Content/UI/Levels/ScreenFadeOut.uasset" 3266
"X:/Unreal Projects/Momentum/Momentum/Content/UI/Levels/CollectiblesUI.uasset" 3267
"X:/Unreal Projects/Momentum/Momentum/Content/UI/Levels/LevelEndActor.uasset" 3268
"X:/Unreal Projects/Momentum/Momentum/Content/UI/Menus/PantsPicker.uasset" 3269
"X:/Unreal Projects/Momentum/Momentum/Content/UI/Menus/MaleShirtPicker.uasset" 3270
"X:/Unreal Projects/Momentum/Momentum/Content/UI/Menus/MainMenu.uasset" 3271
"X:/Unreal Projects/Momentum/Momentum/Content/UI/Menus/FemaleShirtPicker.uasset" 3272
"X:/Unreal Projects/Momentum/Momentum/Content/UI/Menus/CharacterCreatorWidget.uasset" 3273
"X:/Unreal Projects/Momentum/Momentum/Content/UI/Levels/BasicTimer.uasset" 3274
"X:/Unreal Projects/Momentum/Momentum/Content/FemaleOutfitMesh.uasset" 3275
"X:/Unreal Projects/Momentum/Momentum/Content/Rig/HairRetopoMat.uasset" 3276
"X:/Unreal Projects/Momentum/Momentum/Content/UI/Levels/AimForTimes.uasset" 3277
"X:/Unreal Projects/Momentum/Momentum/Content/Rig/TestImportRigHair.uasset" 3278
"X:/Unreal Projects/Momentum/Momentum/Content/UI/ColorPicker/ColorSlider_Value.uasset" 3279
"X:/Unreal Projects/Momentum/Momentum/Content/UI/ColorPicker/ColorSlider.uasset" 3280
"../../../Engine/Content/Functions/Engine_MaterialFunctions02/Utility/BreakOutFloat4Components.uasset" 3281
"../../../Engine/Content/Functions/Engine_MaterialFunctions02/Utility/MakeFloat3.uasset" 3282
"../../../Engine/Content/Functions/Engine_MaterialFunctions02/Utility/MakeFloat4.uasset" 3283
"X:/Unreal Projects/Momentum/Momentum/Content/UI/ColorPicker/ColoPickerMat.uasset" 3284
"C:/Users/dws24/AppData/Local/UnrealEngine/Common/DerivedDataCache/5/1/1/SKELETALMESH_91550326BADA436B92C8BF16C910465C_14FA8D68464400FC1026CCAADDD80A0B__A70FAAD48E4A9532692DD643D59DCE877B612688.udd" 3285
"X:/Unreal Projects/Momentum/Momentum/Content/UI/ColorPicker/ColorPickerWidget.uasset" 3286
"X:/Unreal Projects/Momentum/Momentum/Content/UI/Wheels.uasset" 3287
"X:/Unreal Projects/Momentum/Momentum/Content/UI/SkyePortraitOld.uasset" 3288
"X:/Unreal Projects/Momentum/Momentum/Content/UI/SkyePortrait.uasset" 3289
"../../../Engine/Content/Maps/Entry_BuiltData.uasset" 3290
"../../../Engine/Content/Maps/Entry.umap" 3291
"X:/Unreal Projects/Momentum/Momentum/Content/Sounds/Music/Funk_-_The_Showdown_Loop.uasset" 3292
"X:/Unreal Projects/Momentum/Momentum/Content/Sounds/Music/MusicManager.uasset" 3293
"X:/Unreal Projects/Momentum/Momentum/Content/Experimental/CubeMap/CityCubemap.uasset" 3294
"X:/Unreal Projects/Momentum/Momentum/Content/Experimental/TestDefault.uasset" 3295
"X:/Unreal Projects/Momentum/Momentum/Content/Experimental/GlassShine.uasset" 3296
"X:/Unreal Projects/Momentum/Momentum/Content/Experimental/Dice2.uasset" 3297
"X:/Unreal Projects/Momentum/Momentum/Content/Experimental/Dice.uasset" 3298
"X:/Unreal Projects/Momentum/Momentum/Content/Experimental/GlassDecal_2.uasset" 3299
"X:/Unreal Projects/Momentum/Momentum/Content/Levels/Levels/LevelCredits_BuiltData.uasset" 3300
"X:/Unreal Projects/Momentum/Momentum/Content/Models/Geometry/BuildingTemplate2_SemiCircleTopper.uasset" 3301
"X:/Unreal Projects/Momentum/Momentum/Content/Models/Geometry/BuildingTemplate2_FlagTopper.uasset" 3302
"C:/Users/dws24/AppData/Local/UnrealEngine/Common/DerivedDataCache/4/1/0/AUDIO_0005_0000_OGG10000$2D1$2D1$2D1$2D1$2D1_0004_C000F6B7486D818BC20043B1B8F78CEA.udd" 3303
"X:/Unreal Projects/Momentum/Momentum/Content/Models/Geometry/BuildingTemplate3.uasset" 3304
"X:/Unreal Projects/Momentum/Momentum/Content/Models/Geometry/BuildingTemplate2_CylinderTopper.uasset" 3305
"X:/Unreal Projects/Momentum/Momentum/Content/Models/Geometry/BuildingTemplate2_LargeCube.uasset" 3306
"../../../Engine/Content/EngineResources/AICON-Green.uasset" 3307
"X:/Unreal Projects/Momentum/Momentum/Content/Experimental/WorldSpaceWidget.uasset" 3308
"../../../Engine/Content/EditorMaterials/HelpFlatColour.uasset" 3309
"../../../Engine/Content/EditorMaterials/HelpFlatColour_Blk_Inst.uasset" 3310
"X:/Unreal Projects/Momentum/Momentum/Content/Fonts/Fast_Blaze_Mat_Emissive.uasset" 3311
"X:/Unreal Projects/Momentum/Momentum/Content/Art/ControllerStickPressed.uasset" 3312
"X:/Unreal Projects/Momentum/Momentum/Content/Experimental/TutSigns.uasset" 3313
"X:/Unreal Projects/Momentum/Momentum/Content/StarterContent/Audio/Explosion_Cue.uasset" 3314
"X:/Unreal Projects/Momentum/Momentum/Content/Experimental/SpeedThresholdWidget.uasset" 3315
"X:/Unreal Projects/Momentum/Momentum/Content/CheckpointEndHandlerInterface.uasset" 3316
"C:/Users/dws24/AppData/Local/UnrealEngine/Common/DerivedDataCache/6/1/9/STATICMESH_9CE2B6FB46754B699726C4AA1515F12E_228332BAE0224DD294E232B87D83948FQU__8A931C45CB896B5212AB7EB3C6F395C4A45F5DF8.udd" 3317
"C:/Users/dws24/AppData/Local/Temp/UnrealShaderWorkingDir/C64101CA4B8D7FC8E26A7DBCB7517012/10/WorkerOutputOnly.out" 3318
"C:/Users/dws24/AppData/Local/UnrealEngine/Common/DerivedDataCache/0/7/3/PHYSX_A08609EF508D460CBB6710540B03AACF_PHYSXPC_32BDDC324FB1D7314BBB989229B8C69__DE0882B4175FE30F1B64412E43A81A87F1CC7132.udd" 3319
"C:/Users/dws24/AppData/Local/Temp/UnrealShaderWorkingDir/C64101CA4B8D7FC8E26A7DBCB7517012/9/WorkerOutputOnly.out" 3320
"C:/Users/dws24/AppData/Local/UnrealEngine/Common/DerivedDataCache/9/0/7/NAVCOLLISION_2983273BE5D6425391E8C0B3D1C0A55D_NAVCOLLISION_X_32BDDC324FB1D7314__25431BB87D227AFF8DBDA19CDCACAB5DB0A1EEA6.udd" 3321
"X:/Unreal Projects/Momentum/Momentum/Content/CheckpointEndHandlerComponent.uasset" 3322
"X:/Unreal Projects/Momentum/Momentum/Content/Experimental/SpeedBomb.uasset" 3323
"C:/Users/dws24/AppData/Local/UnrealEngine/Common/DerivedDataCache/4/0/3/STATICMESH_9CE2B6FB46754B699726C4AA1515F12E_228332BAE0224DD294E232B87D83948FQU__96B5E3BC7DED46E62FF8121D1F31C0D5F36F3A0C.udd" 3324
"C:/Users/dws24/AppData/Local/UnrealEngine/Common/DerivedDataCache/6/0/4/PHYSX_A08609EF508D460CBB6710540B03AACF_PHYSXPC_4CA3F6304540446FC65F5BA42786E75__5757A2A025DCFD9933B3925AECBEF925C226853D.udd" 3325
"C:/Users/dws24/AppData/Local/UnrealEngine/Common/DerivedDataCache/0/4/7/NAVCOLLISION_2983273BE5D6425391E8C0B3D1C0A55D_NAVCOLLISION_X_4CA3F6304540446FC__F4F61FF479F919F343936A1CBD4A4732AD2AA88D.udd" 3326
"X:/Unreal Projects/Momentum/Momentum/Content/Experimental/EmissiveTemporary.uasset" 3327
"C:/Users/dws24/AppData/Local/UnrealEngine/Common/DerivedDataCache/7/6/4/STATICMESH_9CE2B6FB46754B699726C4AA1515F12E_228332BAE0224DD294E232B87D83948FQU__D541A5FDAB6A41F4F63892F5D9D240B50B41E802.udd" 3328
"C:/Users/dws24/AppData/Local/UnrealEngine/Common/DerivedDataCache/5/7/3/PHYSX_A08609EF508D460CBB6710540B03AACF_PHYSXPC_6DA4B2874E8E123A82409994A0A25C9__302DE932917A2C69B3D9A824571E2BE100311DE7.udd" 3329
"C:/Users/dws24/AppData/Local/UnrealEngine/Common/DerivedDataCache/3/9/7/NAVCOLLISION_2983273BE5D6425391E8C0B3D1C0A55D_NAVCOLLISION_X_6DA4B2874E8E123A8__B0FF89E4B1BBB3C77ACCFC445D95697595FF1853.udd" 3330
"X:/Unreal Projects/Momentum/Momentum/Content/Projectiles/CopySpriteMat.uasset" 3331
"C:/Users/dws24/AppData/Local/UnrealEngine/Common/DerivedDataCache/8/0/3/STATICMESH_9CE2B6FB46754B699726C4AA1515F12E_228332BAE0224DD294E232B87D83948FQU__EC4FF865BD346385E97F2E1CD9F8F5B89517E62A.udd" 3332
"C:/Users/dws24/AppData/Local/UnrealEngine/Common/DerivedDataCache/0/4/8/PHYSX_A08609EF508D460CBB6710540B03AACF_PHYSXPC_C0AAFB92431518F9A42CEABF5D00450__4CE07FF38262729856726717CC75684EB2304931.udd" 3333
"C:/Users/dws24/AppData/Local/UnrealEngine/Common/DerivedDataCache/5/6/2/NAVCOLLISION_2983273BE5D6425391E8C0B3D1C0A55D_NAVCOLLISION_X_C0AAFB92431518F9A__6A3ADD74F1C0F665DAD10B02D471CEAD8AC37B36.udd" 3334
"../../../Engine/Content/Functions/Engine_MaterialFunctions02/Gradients/SmoothCurve.uasset" 3335
"C:/Users/dws24/AppData/Local/UnrealEngine/Common/DerivedDataCache/3/0/2/STATICMESH_9CE2B6FB46754B699726C4AA1515F12E_228332BAE0224DD294E232B87D83948FQU__4060FA28C0F4A924D533924677E3E686AC240E4C.udd" 3336
"C:/Users/dws24/AppData/Local/UnrealEngine/Common/DerivedDataCache/7/1/1/PHYSX_A08609EF508D460CBB6710540B03AACF_PHYSXPC_2CEFD31349D6938DC1506B950AE128B__607F473D8986D7BA3CCF55A6C8AA0D263403A54C.udd" 3337
"C:/Users/dws24/AppData/Local/UnrealEngine/Common/DerivedDataCache/4/6/6/NAVCOLLISION_2983273BE5D6425391E8C0B3D1C0A55D_NAVCOLLISION_X_2CEFD31349D6938DC__0A727A947C46D6866E531AEC1217ACD9C0351B15.udd" 3338
"../../../Engine/Content/Functions/Engine_MaterialFunctions01/Density/ExponentialDensity.uasset" 3339
"../../../Engine/Content/Functions/Engine_MaterialFunctions01/Gradient/RadialGradientExponential.uasset" 3340
"../../../Engine/Content/Functions/Engine_MaterialFunctions01/Gradient/DiamondGradient.uasset" 3341
"X:/Unreal Projects/Momentum/Momentum/Content/GhostTrailMat.uasset" 3342
"X:/Unreal Projects/Momentum/Momentum/Content/NewNiagaraSystem.uasset" 3343
"X:/Unreal Projects/Momentum/Momentum/Content/GhostSave.uasset" 3344
"X:/Unreal Projects/Momentum/Momentum/Content/AdvancedMagicFX12/Textures/T_ky_smoke2.uasset" 3345
"X:/Unreal Projects/Momentum/Momentum/Content/AdvancedMagicFX12/Textures/T_ky_noise3.uasset" 3346
"X:/Unreal Projects/Momentum/Momentum/Content/StarterContent/Audio/Explosion02.uasset" 3347
"X:/Unreal Projects/Momentum/Momentum/Content/AdvancedMagicFX12/Materials/M_ky_dynDust.uasset" 3348
"X:/Unreal Projects/Momentum/Momentum/Content/AdvancedMagicFX12/Materials/MI_ky_dynDust01.uasset" 3349
"X:/Unreal Projects/Momentum/Momentum/Content/AdvancedMagicFX12/Materials/MI_ky_aura14_fireB_nonD.uasset" 3350
"X:/Unreal Projects/Momentum/Momentum/Content/AdvancedMagicFX12/Materials/MI_ky_aura14_fire.uasset" 3351
"X:/Unreal Projects/Momentum/Momentum/Content/AdvancedMagicFX12/Meshes/SM_ky_circle_midpoly.uasset" 3352
"X:/Unreal Projects/Momentum/Momentum/Content/AdvancedMagicFX12/Materials/M_ky_empty.uasset" 3353
"X:/Unreal Projects/Momentum/Momentum/Content/AdvancedMagicFX12/particles/Niagara/NS_ky_aura_fire.uasset" 3354
"X:/Unreal Projects/Momentum/Momentum/Content/GhostData.uasset" 3355
"X:/Unreal Projects/Momentum/Momentum/Content/Experimental/InitWorldActor.uasset" 3356
"X:/Unreal Projects/Momentum/Momentum/Content/Models/Geometry/LowPolySphere.uasset" 3357
"X:/Unreal Projects/Momentum/Momentum/Content/Art/Brands/FenceBorder.uasset" 3358
"X:/Unreal Projects/Momentum/Momentum/Content/Aura.uasset" 3359
"../../Plugins/FX/Niagara/Content/Modules/Spawn/Velocity/PointForce.uasset" 3360
"../../Plugins/FX/Niagara/Content/Functions/V2/DistanceBasedFalloff.uasset" 3361
"C:/Users/dws24/AppData/Local/Temp/UnrealShaderWorkingDir/C64101CA4B8D7FC8E26A7DBCB7517012/6/WorkerOutputOnly.out" 3362
"C:/Users/dws24/AppData/Local/Temp/UnrealShaderWorkingDir/C64101CA4B8D7FC8E26A7DBCB7517012/5/WorkerOutputOnly.out" 3363
"C:/Users/dws24/AppData/Local/Temp/UnrealShaderWorkingDir/C64101CA4B8D7FC8E26A7DBCB7517012/8/WorkerOutputOnly.out" 3364
"C:/Users/dws24/AppData/Local/Temp/UnrealShaderWorkingDir/C64101CA4B8D7FC8E26A7DBCB7517012/11/WorkerOutputOnly.out" 3365
"C:/Users/dws24/AppData/Local/UnrealEngine/Common/DerivedDataCache/9/3/9/NIAGARASCRIPTDERIVEDDATA_179023FDDDD444DE97F61296909C2990_2_14_000000000000000__C9A24B66EDF994AC3ABFCB432E91170D7BA949D5.udd" 3366
"C:/Users/dws24/AppData/Local/Temp/UnrealShaderWorkingDir/C64101CA4B8D7FC8E26A7DBCB7517012/4/WorkerOutputOnly.out" 3367
"C:/Users/dws24/AppData/Local/UnrealEngine/Common/DerivedDataCache/8/8/1/NIAGARASCRIPTDERIVEDDATA_179023FDDDD444DE97F61296909C2990_2_15_000000000000000__9CC48B2D1429A43C7A50DF628F7941EA211094E0.udd" 3368
"C:/Users/dws24/AppData/Local/UnrealEngine/Common/DerivedDataCache/1/0/6/NIAGARASCRIPTDERIVEDDATA_179023FDDDD444DE97F61296909C2990_2_111_00000000000000__BFECEED32D8BBD82601ECF4636883F6739E57CAA.udd" 3369
"C:/Users/dws24/AppData/Local/UnrealEngine/Common/DerivedDataCache/5/3/1/NIAGARASCRIPTDERIVEDDATA_179023FDDDD444DE97F61296909C2990_2_112_00000000000000__6DDFAE4FC58FAFAA8980457669B41A1B7F4BA160.udd" 3370
"X:/Unreal Projects/Momentum/Momentum/Content/Art/Brands/PixelBorder.uasset" 3371
"X:/Unreal Projects/Momentum/Momentum/Content/Experimental/TestMasking.uasset" 3372
"../../../Engine/Content/Functions/Engine_MaterialFunctions02/Lerp_3Color.uasset" 3373
"X:/Unreal Projects/Momentum/Momentum/Content/Experimental/CrowdMovementMat.uasset" 3374
"X:/Unreal Projects/Momentum/Momentum/Content/Experimental/AudienceStands.uasset" 3375
"X:/Unreal Projects/Momentum/Momentum/Content/StylizedRenderingSystem/Textures/Gradients/T_SRS_G_Stripes2.uasset" 3376
"C:/Users/dws24/AppData/Local/UnrealEngine/Common/DerivedDataCache/7/7/1/MATSM_0BA69734E4FD45E082FA4560DBE25454_PCD3D_SM5_8__BC5N_NOCCBN_NOIRIS_DEV_SL___0688EA52D5BD47A64B5794748CB657E58E9DA659.udd" 3377
"X:/Unreal Projects/Momentum/Momentum/Content/StylizedRenderingSystem/Textures/Gradients/T_SRS_G_Smooth.uasset" 3378
"X:/Unreal Projects/Momentum/Momentum/Content/normalNoise.uasset" 3379
"C:/Users/dws24/AppData/Local/UnrealEngine/Common/DerivedDataCache/8/5/1/STATICMESH_9CE2B6FB46754B699726C4AA1515F12E_228332BAE0224DD294E232B87D83948FQU__87D7550716CCF50AFB4A20A4C8DDBA3D35C81856.udd" 3380
"C:/Users/dws24/AppData/Local/UnrealEngine/Common/DerivedDataCache/4/7/8/PHYSX_A08609EF508D460CBB6710540B03AACF_PHYSXPC_3E551C3C3D41A468D9F319AC91126BF__B706668D0AD3379CF2D9F835C9DB24AFBD6AA33E.udd" 3381
"C:/Users/dws24/AppData/Local/UnrealEngine/Common/DerivedDataCache/0/8/2/NAVCOLLISION_2983273BE5D6425391E8C0B3D1C0A55D_NAVCOLLISION_X_3E551C3C3D41A468D__F5DE4991DB671BE3885DA88784D88F6730883DD9.udd" 3382
"../../../Engine/Plugins/Marketplace/NinjaCharacter/Content/StarterContent/Textures/T_MacroVariation.uasset" 3383
"X:/Unreal Projects/Momentum/Momentum/Content/Models/Geometry/BlankPavement.uasset" 3384
"../../Plugins/FX/Niagara/Content/DefaultAssets/Templates/CascadeConversion/CompletelyEmpty.uasset" 3385
"../../Plugins/FX/Niagara/Content/DynamicInputs/Angles/NormalizedAngleToDegrees.uasset" 3386
"../../Plugins/FX/Niagara/Content/DynamicInputs/Angles/AngleConversion.uasset" 3387
"../../Plugins/FX/Niagara/Content/Enums/Angles/ENiagara_AngleInput.uasset" 3388
"../../Plugins/FX/Niagara/Content/DynamicInputs/CascadeConversion/SplitVector.uasset" 3389
"../../Plugins/FX/Niagara/Content/Enums/CascadeConversion/ECascadeNiagaraTwoVectorChannels.uasset" 3390
"../../Plugins/FX/Niagara/Content/DynamicInputs/Clamp/ClampFloat.uasset" 3391
"../../Plugins/FX/Niagara/Content/DynamicInputs/LinearColor/MakeLinearColorFromVectorAndFloat.uasset" 3392
"../../Plugins/FX/Niagara/Content/DynamicInputs/TypeConversions/MakeFloatFromVector.uasset" 3393
"../../Plugins/FX/Niagara/Content/Functions/ChannelMasks/SelectV3Channel.uasset" 3394
"../../Plugins/FX/Niagara/Content/Enums/ENiagaraVector3_Channels.uasset" 3395
"../../Plugins/FX/Niagara/Content/DynamicInputs/TypeConversions/MakeQuatFromAxisAngle.uasset" 3396
"../../Plugins/FX/Niagara/Content/DynamicInputs/UniformRange/V2/RandomRangeVector.uasset" 3397
"../../Plugins/FX/Niagara/Content/DynamicInputs/UniformRange/V2/RandomRangeVector2D.uasset" 3398
"../../Plugins/FX/Niagara/Content/Modules/Spawn/Location/SphereLocation.uasset" 3399
"../../Plugins/FX/Niagara/Content/Functions/RandomPointInSphere.uasset" 3400
"../../Plugins/FX/Niagara/Content/Modules/Spawn/Orientation/V3/InitialMeshOrientation.uasset" 3401
"../../Plugins/FX/Niagara/Content/Modules/Solvers/ApplyRotationVector.uasset" 3402
"../../Plugins/FX/Niagara/Content/Modules/Update/Forces/AccelerationForce.uasset" 3403
"C:/Users/dws24/AppData/Local/Temp/UnrealShaderWorkingDir/C64101CA4B8D7FC8E26A7DBCB7517012/7/WorkerOutputOnly.out" 3404
"../../Plugins/FX/Niagara/Content/Modules/Update/Orientation/SpriteRotationRate.uasset" 3405
"../../Plugins/FX/Niagara/Content/Enums/ENiagaraCoordinateSpace.uasset" 3406
"C:/Users/dws24/AppData/Local/UnrealEngine/Common/DerivedDataCache/8/7/3/NIAGARASCRIPTDERIVEDDATA_179023FDDDD444DE97F61296909C2990_2_14_000000000000000__0F7F144EAEFD964E0EB0498C997EEDF2C2997CAF.udd" 3407
"C:/Users/dws24/AppData/Local/UnrealEngine/Common/DerivedDataCache/8/7/6/NIAGARASCRIPTDERIVEDDATA_179023FDDDD444DE97F61296909C2990_2_15_000000000000000__94D926DDB4435D12581E7574341229189FFFA0F4.udd" 3408
"C:/Users/dws24/AppData/Local/UnrealEngine/Common/DerivedDataCache/9/8/5/NIAGARASCRIPTDERIVEDDATA_179023FDDDD444DE97F61296909C2990_2_14_000000000000000__401631540D510FEBF91CA133400E5A97E6B9C85C.udd" 3409
"C:/Users/dws24/AppData/Local/UnrealEngine/Common/DerivedDataCache/7/4/0/NIAGARASCRIPTDERIVEDDATA_179023FDDDD444DE97F61296909C2990_2_15_000000000000000__1E398F2408EA57A3A6AF00E14DC9066DCE46723A.udd" 3410
"C:/Users/dws24/AppData/Local/UnrealEngine/Common/DerivedDataCache/7/7/4/NIAGARASCRIPTDERIVEDDATA_179023FDDDD444DE97F61296909C2990_2_14_000000000000000__05FDDEA7558B33D6AC58AD09F7F75BEB3BC77063.udd" 3411
"C:/Users/dws24/AppData/Local/UnrealEngine/Common/DerivedDataCache/7/0/7/NIAGARASCRIPTDERIVEDDATA_179023FDDDD444DE97F61296909C2990_2_15_000000000000000__46CD41D45C61F63506AFAC9543F46B4191826A21.udd" 3412
"C:/Users/dws24/AppData/Local/UnrealEngine/Common/DerivedDataCache/5/0/5/NIAGARASCRIPTDERIVEDDATA_179023FDDDD444DE97F61296909C2990_2_14_000000000000000__5C670ECE9ACF8E754B144DA96DD4666CB4D9BA3D.udd" 3413
"C:/Users/dws24/AppData/Local/UnrealEngine/Common/DerivedDataCache/7/4/3/NIAGARASCRIPTDERIVEDDATA_179023FDDDD444DE97F61296909C2990_2_15_000000000000000__9A98078C7EE66C4A551906DF91FFFD89E9B339E2.udd" 3414
"C:/Users/dws24/AppData/Local/UnrealEngine/Common/DerivedDataCache/7/2/0/NIAGARASCRIPTDERIVEDDATA_179023FDDDD444DE97F61296909C2990_2_14_000000000000000__49D9DCE0E1F09A968E437BCE1CBB018391CD927D.udd" 3415
"C:/Users/dws24/AppData/Local/UnrealEngine/Common/DerivedDataCache/1/0/7/NIAGARASCRIPTDERIVEDDATA_179023FDDDD444DE97F61296909C2990_2_15_000000000000000__FB0D8A7407057E5C774CF15186863296F30FDB9E.udd" 3416
"C:/Users/dws24/AppData/Local/UnrealEngine/Common/DerivedDataCache/8/7/3/NIAGARASCRIPTDERIVEDDATA_179023FDDDD444DE97F61296909C2990_2_111_00000000000000__EE37A7188D3939121E4CEB707DB864004D63772C.udd" 3417
"C:/Users/dws24/AppData/Local/UnrealEngine/Common/DerivedDataCache/4/6/5/NIAGARASCRIPTDERIVEDDATA_179023FDDDD444DE97F61296909C2990_2_112_00000000000000__75A615C3F00936378E5EB5B65AD8F77B79AF391F.udd" 3418
"../../../Engine/Content/EngineMaterials/BlendFunc_DefBlend.uasset" 3419
"../../../Engine/Content/EngineMaterials/BlendFunc_DefBase.uasset" 3420
"../../../Engine/Content/Functions/Engine_MaterialFunctions03/Blends/Blend_Darken.uasset" 3421
"X:/Unreal Projects/Momentum/Momentum/Content/CheckerBoardTexture.uasset" 3422
"C:/Users/dws24/AppData/Local/UnrealEngine/Common/DerivedDataCache/8/7/3/STATICMESH_9CE2B6FB46754B699726C4AA1515F12E_228332BAE0224DD294E232B87D83948FQU__4CF246F88E2B30C169DFAA310DA2C69EA30F98E5.udd" 3423
"C:/Users/dws24/AppData/Local/UnrealEngine/Common/DerivedDataCache/7/1/1/PHYSX_A08609EF508D460CBB6710540B03AACF_PHYSXPC_A1EBB5F3403C2A616FE96682EC28F9D__2BE14DCF3E0E2F9701A6A2C8036CEABDD786E4B1.udd" 3424
"C:/Users/dws24/AppData/Local/UnrealEngine/Common/DerivedDataCache/0/3/9/NAVCOLLISION_2983273BE5D6425391E8C0B3D1C0A55D_NAVCOLLISION_X_A1EBB5F3403C2A616__D047C8AEC5BB9752E6DD02AB3377E876963D73C1.udd" 3425
"../../../Engine/Content/Functions/Engine_MaterialFunctions02/Utility/DynamicBranch.uasset" 3426
"../../../Engine/Content/Functions/Engine_MaterialFunctions01/ImageAdjustment/CheapContrast.uasset" 3427
"../../../Engine/Content/Functions/Engine_MaterialFunctions01/Texturing/WorldAlignedTexture.uasset" 3428
"X:/Unreal Projects/Momentum/Momentum/Content/PavementLoop.uasset" 3429
"X:/Unreal Projects/Momentum/Momentum/Content/Models/Geometry/SkateTrackSegments_Cube_001.uasset" 3430
"X:/Unreal Projects/Momentum/Momentum/Content/Models/Geometry/BuildingTemplate.uasset" 3431
"../../../Engine/Content/MapTemplates/Sky/DaylightAmbientCubemap.uasset" 3432
"../../../Engine/Content/EngineSky/T_Sky_Stars.uasset" 3433
"../../../Engine/Content/EngineSky/T_Sky_Clouds_M.uasset" 3434
"../../../Engine/Content/EngineSky/T_Sky_Blue.uasset" 3435
"../../../Engine/Content/Functions/Engine_MaterialFunctions02/Math/AddComponents.uasset" 3436
"X:/Unreal Projects/Momentum/Momentum/Content/ThirdPersonCPP/M_ToonShader.uasset" 3437
"X:/Unreal Projects/Momentum/Momentum/Content/ThirdPersonCPP/OutlineInst.uasset" 3438
"X:/Unreal Projects/Momentum/Momentum/Content/ThirdPersonCPP/M_CelShading.uasset" 3439
"X:/Unreal Projects/Momentum/Momentum/Content/ThirdPersonCPP/CelShadingInst.uasset" 3440
"X:/Unreal Projects/Momentum/Momentum/Content/StylizedRenderingSystem/Materials/Private/MaterialsAsFunctions/SRS_MF_CelShader.uasset" 3441
"../../../Engine/Content/Functions/Engine_MaterialFunctions02/Math/Pi.uasset" 3442
"X:/Unreal Projects/Momentum/Momentum/Content/StylizedRenderingSystem/MaterialFunctions/Utility/SRS_SwitchV3onInt.uasset" 3443
"X:/Unreal Projects/Momentum/Momentum/Content/StylizedRenderingSystem/MaterialFunctions/Utility/SRS_SelectMin.uasset" 3444
"X:/Unreal Projects/Momentum/Momentum/Content/StylizedRenderingSystem/MaterialFunctions/Utility/SRS_MaskSkySphere.uasset" 3445
"C:/Users/dws24/AppData/Local/UnrealEngine/Common/DerivedDataCache/5/9/1/STATICMESH_9CE2B6FB46754B699726C4AA1515F12E_228332BAE0224DD294E232B87D83948FQU__F76403A230B3DB4A5234FAB443C4D4D174C634AB.udd" 3446
"C:/Users/dws24/AppData/Local/UnrealEngine/Common/DerivedDataCache/9/2/5/PHYSX_A08609EF508D460CBB6710540B03AACF_PHYSXPC_BCF4A6B541A210D31F595E88A19BB48__6233F4CF7A210BBD285A74121DD4D3AD1924F8A7.udd" 3447
"C:/Users/dws24/AppData/Local/UnrealEngine/Common/DerivedDataCache/5/0/6/NAVCOLLISION_2983273BE5D6425391E8C0B3D1C0A55D_NAVCOLLISION_X_BCF4A6B541A210D31__332B2806620C18718F26E42F7DBE089EFC783D92.udd" 3448
"X:/Unreal Projects/Momentum/Momentum/Content/StylizedRenderingSystem/MaterialFunctions/Utility/SRS_MaskCustomDepth.uasset" 3449
"C:/Users/dws24/AppData/Local/UnrealEngine/Common/DerivedDataCache/6/2/4/STATICMESH_9CE2B6FB46754B699726C4AA1515F12E_228332BAE0224DD294E232B87D83948FQU__3F22622A246FB9459942CE82DF2F2AB0417B4ACC.udd" 3450
"C:/Users/dws24/AppData/Local/UnrealEngine/Common/DerivedDataCache/6/6/9/PHYSX_A08609EF508D460CBB6710540B03AACF_PHYSXPC_0078BE964E9FD959B781329F005B2A9__331B6B7C049CE2FB85DE61E3465B9B4698117FBE.udd" 3451
"C:/Users/dws24/AppData/Local/UnrealEngine/Common/DerivedDataCache/4/5/4/NAVCOLLISION_2983273BE5D6425391E8C0B3D1C0A55D_NAVCOLLISION_X_0078BE964E9FD959B__520FBCDBDB75CBC8D1F372B52F5818B87184F13E.udd" 3452
"X:/Unreal Projects/Momentum/Momentum/Content/StylizedRenderingSystem/MaterialFunctions/Utility/SRS_IfInRange_V3.uasset" 3453
"X:/Unreal Projects/Momentum/Momentum/Content/StylizedRenderingSystem/MaterialFunctions/Utility/SRS_Contrast_BW.uasset" 3454
"X:/Unreal Projects/Momentum/Momentum/Content/StylizedRenderingSystem/MaterialFunctions/Private/MF_SRS_SceneTexture_Lighting.uasset" 3455
"X:/Unreal Projects/Momentum/Momentum/Content/StylizedRenderingSystem/MaterialFunctions/Private/MF_SRS_SceneTexture_LightColor.uasset" 3456
"X:/Unreal Projects/Momentum/Momentum/Content/StylizedRenderingSystem/MaterialFunctions/Private/MF_SRS_AttributeReader.uasset" 3457
"X:/Unreal Projects/Momentum/Momentum/Content/StylizedRenderingSystem/MaterialFunctions/Utility/SRS_SmoothContrast_BW.uasset" 3458
"X:/Unreal Projects/Momentum/Momentum/Content/StylizedRenderingSystem/MaterialFunctions/Utility/SRS_ScaleV1.uasset" 3459
"X:/Unreal Projects/Momentum/Momentum/Content/StylizedRenderingSystem/MaterialFunctions/Utility/SRS_KeepN.uasset" 3460
"X:/Unreal Projects/Momentum/Momentum/Content/StylizedRenderingSystem/MaterialFunctions/Private/MF_SRS_ApplyGradient.uasset" 3461
"../../../Engine/Content/Functions/Engine_MaterialFunctions03/Math/RemapValueRange.uasset" 3462
"../../../Engine/Content/Functions/Engine_MaterialFunctions02/SmoothStep.uasset" 3463
"X:/Unreal Projects/Momentum/Momentum/Content/StylizedRenderingSystem/Materials/Private/Misc/MPC_LightColors.uasset" 3464
"../../../Engine/Content/Functions/Engine_MaterialFunctions02/ScreenResolution.uasset" 3465
"../../../Engine/Content/Functions/Engine_MaterialFunctions01/ImageAdjustment/BlurSampleOffsets.uasset" 3466
"X:/Unreal Projects/Momentum/Momentum/Content/StylizedRenderingSystem/Materials/Private/MaterialsAsFunctions/SRS_MF_Outliner.uasset" 3467
"X:/Unreal Projects/Momentum/Momentum/Content/StylizedRenderingSystem/Materials/Private/MI_SRS_CelShader.uasset" 3468
"X:/Unreal Projects/Momentum/Momentum/Content/StylizedRenderingSystem/MaterialFunctions/Utility/MF_SRS_CustomDepthBinaryMask.uasset" 3469
"X:/Unreal Projects/Momentum/Momentum/Content/StylizedRenderingSystem/Materials/Private/M_SRS_MASTER_CelShader.uasset" 3470
"../../../Engine/Content/EngineSky/M_Sky_Panning_Clouds2.uasset" 3471
"../../../Engine/Content/EngineSky/SM_SkySphere.uasset" 3472
"../../../Engine/Content/EngineSky/C_Sky_Horizon_Color.uasset" 3473
"../../../Engine/Content/EngineSky/C_Sky_Zenith_Color.uasset" 3474
"X:/Unreal Projects/Momentum/Momentum/Content/StylizedRenderingSystem/Materials/Private/Outlines/M_SRS_Outline04.uasset" 3475
"X:/Unreal Projects/Momentum/Momentum/Content/Experimental/Fog.uasset" 3476
"X:/Unreal Projects/Momentum/Momentum/Content/StylizedRenderingSystem/Materials/Private/Outlines/M_SRS_Outline03.uasset" 3477
"X:/Unreal Projects/Momentum/Momentum/Content/StylizedRenderingSystem/Materials/Private/Outlines/M_SRS_Outline02.uasset" 3478
"../../../Engine/Content/EngineSky/C_Sky_Cloud_Color.uasset" 3479
"X:/Unreal Projects/Momentum/Momentum/Content/StylizedRenderingSystem/Materials/Private/Outlines/M_SRS_Outline01.uasset" 3480
"C:/Users/dws24/AppData/Local/UnrealEngine/Common/DerivedDataCache/2/0/5/MATSM_0BA69734E4FD45E082FA4560DBE25454_PCD3D_SM5_8__BC5N_NOCCBN_NOIRIS_DEV_SL___BB344C7C020701F7B41B5875C6A7463A73238FB6.udd" 3481
"C:/Users/dws24/AppData/Local/UnrealEngine/Common/DerivedDataCache/0/9/0/TEXTURE_E01F4250BECD420DA9CE63B5EECEC2C2_OODLE_AUTODXT_11_67B68DC14D05DAB8B86F__0B8A64273458DAE55EB0EFAD2AF9087FF4ABEB0D.udd" 3482
"C:/Users/dws24/AppData/Local/UnrealEngine/Common/DerivedDataCache/0/4/5/TEXTURE_E01F4250BECD420DA9CE63B5EECEC2C2_OODLE_AUTODXT_11_67B68DC14D05DAB8B86F__7CC33E352239ABFFEBF8A568A0FD274BD4F88F83.udd" 3483
"C:/Users/dws24/AppData/Local/UnrealEngine/Common/DerivedDataCache/4/3/4/TEXTURE_E01F4250BECD420DA9CE63B5EECEC2C2_OODLE_AUTODXT_11_67B68DC14D05DAB8B86F__92E96F2F7060A0AE6A367BFC3DBA923CA86B4E65.udd" 3484
"C:/Users/dws24/AppData/Local/UnrealEngine/Common/DerivedDataCache/6/3/4/TEXTURE_E01F4250BECD420DA9CE63B5EECEC2C2_OODLE_AUTODXT_11_67B68DC14D05DAB8B86F__A06F277D36178A6D66EC6CAFE91D4CAD2E0A9CF7.udd" 3485
"C:/Users/dws24/AppData/Local/UnrealEngine/Common/DerivedDataCache/0/3/7/MATSM_0BA69734E4FD45E082FA4560DBE25454_PCD3D_SM5_8__BC5N_NOCCBN_NOIRIS_DEV_SL___E9188A73574164B2F24937E917623A76B19AD305.udd" 3486
"C:/Users/dws24/AppData/Local/UnrealEngine/Common/DerivedDataCache/0/8/2/TEXTURE_E01F4250BECD420DA9CE63B5EECEC2C2_OODLE_AUTODXT_11_67B68DC14D05DAB8B86F__B5759BF543A7CA8A0F09036F9C7779EC87536946.udd" 3487
"C:/Users/dws24/AppData/Local/UnrealEngine/Common/DerivedDataCache/2/8/9/TEXTURE_E01F4250BECD420DA9CE63B5EECEC2C2_OODLE_AUTODXT_11_315E46854E8040AA27D7__50DA561C12F678737D9DFF8107160A0BED233652.udd" 3488
"C:/Users/dws24/AppData/Local/UnrealEngine/Common/DerivedDataCache/5/9/1/TEXTURE_E01F4250BECD420DA9CE63B5EECEC2C2_BGRA8_F69A367E4A0A58AB9FC9F789CC596AD__788AC5A1C428FDF77EDE38E18AAEE295349D0AD8.udd" 3489
"C:/Users/dws24/AppData/Local/UnrealEngine/Common/DerivedDataCache/3/5/7/TEXTURE_E01F4250BECD420DA9CE63B5EECEC2C2_BGRA8_F69A367E4A0A58AB9FC9F789CC596AD__250366A9F8770DB831CB79B347A7E078E99ECB3F.udd" 3490
"C:/Users/dws24/AppData/Local/UnrealEngine/Common/DerivedDataCache/8/2/5/TEXTURE_E01F4250BECD420DA9CE63B5EECEC2C2_BGRA8_F69A367E4A0A58AB9FC9F789CC596AD__B9F9C828602F36EA4C71E8F2471C480D23D0DB68.udd" 3491
"C:/Users/dws24/AppData/Local/UnrealEngine/Common/DerivedDataCache/4/0/6/TEXTURE_E01F4250BECD420DA9CE63B5EECEC2C2_BGRA8_F69A367E4A0A58AB9FC9F789CC596AD__3261B4A5C40DEA8F3BD18C04A8BB208AFDCB2806.udd" 3492
"C:/Users/dws24/AppData/Local/UnrealEngine/Common/DerivedDataCache/2/4/8/MATSM_0BA69734E4FD45E082FA4560DBE25454_PCD3D_SM5_8__BC5N_NOCCBN_NOIRIS_DEV_SL___ACA600E6A05084F231385C9C361309142145A12D.udd" 3493
"C:/Users/dws24/AppData/Local/UnrealEngine/Common/DerivedDataCache/8/8/5/TEXTURE_E01F4250BECD420DA9CE63B5EECEC2C2_OODLE_AUTODXT_11_939B3AD44698D0419B33__8C0649784B9E5B916D9CEC0EA3BB38D59617993E.udd" 3494
"C:/Users/dws24/AppData/Local/UnrealEngine/Common/DerivedDataCache/6/3/9/MATSM_0BA69734E4FD45E082FA4560DBE25454_PCD3D_SM5_8__BC5N_NOCCBN_NOIRIS_DEV_SL___8F02DFDDF545E5B698A235F8EF4306FF21153B05.udd" 3495
"C:/Users/dws24/AppData/Local/UnrealEngine/Common/DerivedDataCache/1/0/0/MATSM_0BA69734E4FD45E082FA4560DBE25454_PCD3D_SM5_8__BC5N_NOCCBN_NOIRIS_DEV_SL___4F10ECCCB7CFC92E944F053C9E802498B7D5F846.udd" 3496
"C:/Users/dws24/AppData/Local/UnrealEngine/Common/DerivedDataCache/5/2/2/MATSM_0BA69734E4FD45E082FA4560DBE25454_PCD3D_SM5_8__BC5N_NOCCBN_NOIRIS_DEV_SL___CC04A44E15F17EAB28866464D9DB21DBF0ABE994.udd" 3497
"C:/Users/dws24/AppData/Local/UnrealEngine/Common/DerivedDataCache/4/0/1/MATSM_0BA69734E4FD45E082FA4560DBE25454_PCD3D_SM5_8__BC5N_NOCCBN_NOIRIS_DEV_SL___9C5FB24BF116C56C039E7953F8097F174D73E822.udd" 3498
"C:/Users/dws24/AppData/Local/UnrealEngine/Common/DerivedDataCache/9/0/0/TEXTURE_E01F4250BECD420DA9CE63B5EECEC2C2_BGRA8_0E06760745CC6EEFA1572CB30A6FCF5__A6D5FA3193153EAAD43FEB447F5549E33D901B5A.udd" 3499
"C:/Users/dws24/AppData/Local/UnrealEngine/Common/DerivedDataCache/6/5/8/TEXTURE_E01F4250BECD420DA9CE63B5EECEC2C2_BGRA8_08A478E543E0939C9D7DE7B8FB20DA2__7C5AF62B5785948C5AED995802825BECFC7FE14D.udd" 3500
"C:/Users/dws24/AppData/Local/UnrealEngine/Common/DerivedDataCache/8/8/6/TEXTURE_E01F4250BECD420DA9CE63B5EECEC2C2_BGRA8_5379AD2241D71ED92F6F8E9CCD16783__B2C32AC7DEBA91E1B67315B2D2E03D2EB4CD4AF2.udd" 3501
"C:/Users/dws24/AppData/Local/UnrealEngine/Common/DerivedDataCache/7/6/3/TEXTURE_E01F4250BECD420DA9CE63B5EECEC2C2_RGBA16F_35DA4F394F0DF26EB4AECCBE0067F__522B362519BFD88B64792E9B8A2791DA9DCFA390.udd" 3502
"C:/Users/dws24/AppData/Local/UnrealEngine/Common/DerivedDataCache/5/0/1/STREAMEDAUDIO_BC6E92FBBD314E3B9B9EC6778749EB5E_OGG10000$2D1$2D1$2D1$2D1$2D1_4_C000F6B7486D818BC20043B1B8F78CEA.udd" 3503
"C:/Users/dws24/AppData/Local/UnrealEngine/Common/DerivedDataCache/2/6/5/TEXTURE_E01F4250BECD420DA9CE63B5EECEC2C2_RGBA16F_639481A0407871E3CAA94A848F5FD__B169127CDFD7A82E5F6C7CD2F1484C7E69767EE7.udd" 3504
"C:/Users/dws24/AppData/Local/UnrealEngine/Common/DerivedDataCache/2/3/1/MATSM_0BA69734E4FD45E082FA4560DBE25454_PCD3D_SM5_8__BC5N_NOCCBN_NOIRIS_DEV_SL___3CB09610E22ED5343E5665EDF6971E4817BB6FD2.udd" 3505
"C:/Users/dws24/AppData/Local/UnrealEngine/Common/DerivedDataCache/8/7/3/TEXTURE_E01F4250BECD420DA9CE63B5EECEC2C2_OODLE_AUTODXT_11_1FEBED2A49005610B85D__A4013DDEFFF61F41C8A617C284AB57D156D50C4F.udd" 3506
"../../../Engine/Content/EditorResources/EmptyActor.uasset" 3507
"C:/Users/dws24/AppData/Local/UnrealEngine/Common/DerivedDataCache/0/6/2/TEXTURE_E01F4250BECD420DA9CE63B5EECEC2C2_OODLE_AUTODXT_11_B40316424160B8C67B0F__1CE2904F7D01E841C786B3007FBF318F8ED9C900.udd" 3508
"C:/Users/dws24/AppData/Local/UnrealEngine/Common/DerivedDataCache/6/3/6/TEXTURE_E01F4250BECD420DA9CE63B5EECEC2C2_OODLE_AUTODXT_11_EA4CBCB74FDDDDCDC78D__7A5CC5D62845133955AD552072749EC2E4F636CF.udd" 3509
"C:/Users/dws24/AppData/Local/UnrealEngine/Common/DerivedDataCache/3/5/8/MATSM_0BA69734E4FD45E082FA4560DBE25454_PCD3D_SM5_8__BC5N_NOCCBN_NOIRIS_DEV_SL___82BFD113665D0D5FAFF5996D375AFD2592CE0B0D.udd" 3510
"C:/Users/dws24/AppData/Local/UnrealEngine/Common/DerivedDataCache/1/1/7/TEXTURE_E01F4250BECD420DA9CE63B5EECEC2C2_OODLE_AUTODXT_11_1DA91D7F42BE4D603ED6__E50D890771B9F8AB97DD67DAE738E933D05B9C74.udd" 3511
"C:/Users/dws24/AppData/Local/UnrealEngine/Common/DerivedDataCache/3/3/4/TEXTURE_E01F4250BECD420DA9CE63B5EECEC2C2_OODLE_AUTODXT_11_98EAA41949F5BB2D0AAD__EB4826DECFCBFD2AA24D5168EA1CB52500E43DC7.udd" 3512
"C:/Users/dws24/AppData/Local/UnrealEngine/Common/DerivedDataCache/8/5/7/TEXTURE_E01F4250BECD420DA9CE63B5EECEC2C2_OODLE_AUTODXT_11_0877BFF8474C5749BB42__8449CEE3827C6C282E6666BAD4818A815BEEBE22.udd" 3513
"C:/Users/dws24/AppData/Local/UnrealEngine/Common/DerivedDataCache/5/1/3/TEXTURE_E01F4250BECD420DA9CE63B5EECEC2C2_OODLE_AUTODXT_11_5E9C051144CC7FD5EC00__1DB3DDD9F207A140AD67AACC2B87CEB6B601360F.udd" 3514
"C:/Users/dws24/AppData/Local/UnrealEngine/Common/DerivedDataCache/0/7/3/TEXTURE_E01F4250BECD420DA9CE63B5EECEC2C2_OODLE_AUTODXT_11_0877BFF8474C5749BB42__55258249E95CC784FCA3FB29B861BA276AB2EE7F.udd" 3515
"C:/Users/dws24/AppData/Local/UnrealEngine/Common/DerivedDataCache/1/3/0/TEXTURE_E01F4250BECD420DA9CE63B5EECEC2C2_OODLE_DXT1_11_0D5138B740A422770E9684B__854795D55A347F7FDEDB5245C7E7CD327AA87506.udd" 3516
"C:/Users/dws24/AppData/Local/UnrealEngine/Common/DerivedDataCache/6/6/7/TEXTURE_E01F4250BECD420DA9CE63B5EECEC2C2_OODLE_DXT1_11_0420B3ED464F74B3BFDE77B__50582AC63D4AA82AE33785B69A6FF76355F45232.udd" 3517
"C:/Users/dws24/AppData/Local/UnrealEngine/Common/DerivedDataCache/1/1/6/TEXTURE_E01F4250BECD420DA9CE63B5EECEC2C2_OODLE_DXT1_11_AD35D7324EB85716585FC5B__DBD5238E32C3D7192A618CE3428A833AA412F1CB.udd" 3518
"C:/Users/dws24/AppData/Local/UnrealEngine/Common/DerivedDataCache/4/9/8/TEXTURE_E01F4250BECD420DA9CE63B5EECEC2C2_OODLE_AUTODXT_11_1DA91D7F42BE4D603ED6__24C7C1BBA1E67D8DFFD6E86CC000395ED7D89B60.udd" 3519
"C:/Users/dws24/AppData/Local/UnrealEngine/Common/DerivedDataCache/8/6/8/TEXTURE_E01F4250BECD420DA9CE63B5EECEC2C2_OODLE_AUTODXT_11_4813E4134C28D67A7F2C__74A04CE71FBDFEC81255570837EE34C13FE77650.udd" 3520
"C:/Users/dws24/AppData/Local/UnrealEngine/Common/DerivedDataCache/8/0/8/TEXTURE_E01F4250BECD420DA9CE63B5EECEC2C2_OODLE_DXT1_11_17B744F84420D5AC9FB97EB__8F8A3D515826123B01222D25D0F795F202C76518.udd" 3521
"C:/Users/dws24/AppData/Local/UnrealEngine/Common/DerivedDataCache/2/5/1/TEXTURE_E01F4250BECD420DA9CE63B5EECEC2C2_OODLE_DXT1_11_2BF16A2442FD6FABDBF7298__DC170FAD6B8F5788C4653E6419FA600DB34B12FD.udd" 3522
"C:/Users/dws24/AppData/Local/UnrealEngine/Common/DerivedDataCache/9/9/5/TEXTURE_E01F4250BECD420DA9CE63B5EECEC2C2_G8_D4822F4A45BCD8B4E1F43292EAC28FE5_0__202DB4F48BF84723569473F23BC080E9FDED2765.udd" 3523
"C:/Users/dws24/AppData/Local/UnrealEngine/Common/DerivedDataCache/5/8/0/TEXTURE_E01F4250BECD420DA9CE63B5EECEC2C2_OODLE_DXT1_11_0D5138B740A422770E9684B__2AA93B1DC38FCF156ADEC9E9C4686FD6EA478DBC.udd" 3524
"C:/Users/dws24/AppData/Local/UnrealEngine/Common/DerivedDataCache/3/2/2/TEXTURE_E01F4250BECD420DA9CE63B5EECEC2C2_G8_FB5573834AADD987AAB135B1A55DCF85_0__D73A486E84583D26376A408164DD5A64420F08DD.udd" 3525
"C:/Users/dws24/AppData/Local/UnrealEngine/Common/DerivedDataCache/3/9/9/TEXTURE_E01F4250BECD420DA9CE63B5EECEC2C2_OODLE_AUTODXT_11_98EAA41949F5BB2D0AAD__7101AE1ED5F3DFD05F3F8B5206473DD0312D2A80.udd" 3526
"C:/Users/dws24/AppData/Local/UnrealEngine/Common/DerivedDataCache/5/4/3/TEXTURE_E01F4250BECD420DA9CE63B5EECEC2C2_OODLE_AUTODXT_11_5E9C051144CC7FD5EC00__B51E67F281616D18E572FF63F21D6BDA4D9DDF37.udd" 3527
"C:/Users/dws24/AppData/Local/UnrealEngine/Common/DerivedDataCache/9/9/7/TEXTURE_E01F4250BECD420DA9CE63B5EECEC2C2_G8_83CE796C46A34FD401FF6B8BD15C6B29_0__F72BF268DAE8CFB0C6FD8704BC696C4A82F17D1D.udd" 3528
"C:/Users/dws24/AppData/Local/UnrealEngine/Common/DerivedDataCache/2/5/7/TEXTURE_E01F4250BECD420DA9CE63B5EECEC2C2_OODLE_DXT1_11_0420B3ED464F74B3BFDE77B__4FA7A681D64DC057878049DECEB74553C494E9EA.udd" 3529
"C:/Users/dws24/AppData/Local/UnrealEngine/Common/DerivedDataCache/3/8/1/TEXTURE_E01F4250BECD420DA9CE63B5EECEC2C2_OODLE_DXT1_11_17B744F84420D5AC9FB97EB__DBC0D3F985DD1C7634D06F2CD12CA89A12A7BBE7.udd" 3530
"C:/Users/dws24/AppData/Local/UnrealEngine/Common/DerivedDataCache/1/9/7/TEXTURE_E01F4250BECD420DA9CE63B5EECEC2C2_OODLE_DXT1_11_2BF16A2442FD6FABDBF7298__18749AD89487BCAAE7801601CC6621B3D0FFC91E.udd" 3531
"C:/Users/dws24/AppData/Local/UnrealEngine/Common/DerivedDataCache/8/7/5/TEXTURE_E01F4250BECD420DA9CE63B5EECEC2C2_G8_03B14AFF4A7A9B7AED68C1820B0ADBD9_0__7C19CB2F129E3A3336CA54D47E70ADE856F30426.udd" 3532
"C:/Users/dws24/AppData/Local/UnrealEngine/Common/DerivedDataCache/0/8/5/TEXTURE_E01F4250BECD420DA9CE63B5EECEC2C2_OODLE_AUTODXT_11_9D6E5EA04D7CEFD65FC9__05A0947049C944812244469381B83E7E3A4C5489.udd" 3533
"C:/Users/dws24/AppData/Local/UnrealEngine/Common/DerivedDataCache/3/7/6/TEXTURE_E01F4250BECD420DA9CE63B5EECEC2C2_G8_942978124CA880875C4D0BA7534FDD5B_0__4C6C8CAAA6F0162A4AB8F661B62D89134F5AEE2F.udd" 3534
"C:/Users/dws24/AppData/Local/UnrealEngine/Common/DerivedDataCache/4/4/7/TEXTURE_E01F4250BECD420DA9CE63B5EECEC2C2_OODLE_AUTODXT_11_4A8B8499462C61383C64__DD16C249B43B0B836E1BC5C467726B489DE0529C.udd" 3535
"C:/Users/dws24/AppData/Local/UnrealEngine/Common/DerivedDataCache/7/0/5/TEXTURE_E01F4250BECD420DA9CE63B5EECEC2C2_OODLE_AUTODXT_11_514AE4E544F6CAC0F18D__E6717AD71BC13F1D371ED03BFFABFE00EC3F18D1.udd" 3536
"C:/Users/dws24/AppData/Local/UnrealEngine/Common/DerivedDataCache/7/2/8/TEXTURE_E01F4250BECD420DA9CE63B5EECEC2C2_OODLE_AUTODXT_11_EF12FCB345EC10126C59__180A4D7696C9F4E8D72C375A54B35CAD51412EEE.udd" 3537
"C:/Users/dws24/AppData/Local/UnrealEngine/Common/DerivedDataCache/1/9/8/TEXTURE_E01F4250BECD420DA9CE63B5EECEC2C2_OODLE_AUTODXT_11_9D6E5EA04D7CEFD65FC9__F2B5846AD80FF866056AE48838A36BFCA46058F3.udd" 3538
"C:/Users/dws24/AppData/Local/UnrealEngine/Common/DerivedDataCache/4/3/2/MATSM_0BA69734E4FD45E082FA4560DBE25454_PCD3D_SM5_8__BC5N_NOCCBN_NOIRIS_DEV_SL___6A4EC866BC5E99CC5F7B9ABAAAC70A70B64F774A.udd" 3539
"C:/Users/dws24/AppData/Local/UnrealEngine/Common/DerivedDataCache/5/5/8/TEXTURE_E01F4250BECD420DA9CE63B5EECEC2C2_OODLE_AUTODXT_11_4A8B8499462C61383C64__D4599414E6D22E28AC6CB82877061E47EC59D550.udd" 3540
"C:/Users/dws24/AppData/Local/UnrealEngine/Common/DerivedDataCache/3/5/6/TEXTURE_E01F4250BECD420DA9CE63B5EECEC2C2_OODLE_AUTODXT_11_EF12FCB345EC10126C59__DD1DB4A398B96B24D0B4B12A5A697BCFF0172E87.udd" 3541
"C:/Users/dws24/AppData/Local/UnrealEngine/Common/DerivedDataCache/3/1/5/TEXTURE_E01F4250BECD420DA9CE63B5EECEC2C2_G8_D4822F4A45BCD8B4E1F43292EAC28FE5_0__4FF1E13606F616A0BE2814BDD474D70858D2544F.udd" 3542
"C:/Users/dws24/AppData/Local/UnrealEngine/Common/DerivedDataCache/0/3/7/TEXTURE_E01F4250BECD420DA9CE63B5EECEC2C2_OODLE_AUTODXT_11_F7438E384BD28961BD3C__AD54F493AC3F25D52C3BCAB585F90C692A6A52BD.udd" 3543
"C:/Users/dws24/AppData/Local/UnrealEngine/Common/DerivedDataCache/3/5/5/MATSM_0BA69734E4FD45E082FA4560DBE25454_PCD3D_SM5_8__BC5N_NOCCBN_NOIRIS_DEV_SL___9091D933F4E2BB28A9DCBA1FF283E2BA06A0AB2C.udd" 3544
"C:/Users/dws24/AppData/Local/UnrealEngine/Common/DerivedDataCache/8/5/5/TEXTURE_E01F4250BECD420DA9CE63B5EECEC2C2_OODLE_AUTODXT_11_F7438E384BD28961BD3C__5C721E5264EBC328261F42084A8C2D9064B1DEE8.udd" 3545
"C:/Users/dws24/AppData/Local/UnrealEngine/Common/DerivedDataCache/2/0/8/TEXTURE_E01F4250BECD420DA9CE63B5EECEC2C2_BGRA8_EB3CDAF4473F27A8C30F1CA7F0D57F3__5410B780254615E017705CB878F75C352511B10E.udd" 3546
"C:/Users/dws24/AppData/Local/UnrealEngine/Common/DerivedDataCache/5/2/6/MATSM_0BA69734E4FD45E082FA4560DBE25454_PCD3D_SM5_8__BC5N_NOCCBN_NOIRIS_DEV_SL___7681622A4D91B99943F245C85552B0E7357C2E2D.udd" 3547
"C:/Users/dws24/AppData/Local/UnrealEngine/Common/DerivedDataCache/5/4/2/MATSM_0BA69734E4FD45E082FA4560DBE25454_PCD3D_SM5_8__BC5N_NOCCBN_NOIRIS_DEV_SL___095B791D5B79B0AF5C8FFE33B75F998E2F4019FF.udd" 3548
"C:/Users/dws24/AppData/Local/UnrealEngine/Common/DerivedDataCache/6/1/0/MATSM_0BA69734E4FD45E082FA4560DBE25454_PCD3D_SM5_8__BC5N_NOCCBN_NOIRIS_DEV_SL___8B95B44B88DA6EC9478530259B40CD689C1011AA.udd" 3549
"C:/Users/dws24/AppData/Local/UnrealEngine/Common/DerivedDataCache/3/9/4/TEXTURE_E01F4250BECD420DA9CE63B5EECEC2C2_OODLE_AUTODXT_11_37F3E96088485CFCD863__57F54DCC14594852E9DFBDD66517737A8F427AF3.udd" 3550
"C:/Users/dws24/AppData/Local/UnrealEngine/Common/DerivedDataCache/0/7/7/TEXTURE_E01F4250BECD420DA9CE63B5EECEC2C2_OODLE_AUTODXT_11_FAFF7BBF3D412E636129__441967ADC0FA0BF38748AA29257F4863A9B59739.udd" 3551
"C:/Users/dws24/AppData/Local/UnrealEngine/Common/DerivedDataCache/2/1/8/TEXTURE_E01F4250BECD420DA9CE63B5EECEC2C2_OODLE_AUTODXT_11_37F3E96088485CFCD863__288C05A9A1ED1F220F9524C1F9F19EB27DBC4AA3.udd" 3552
"C:/Users/dws24/AppData/Local/UnrealEngine/Common/DerivedDataCache/9/8/9/TEXTURE_E01F4250BECD420DA9CE63B5EECEC2C2_OODLE_AUTODXT_11_FAFF7BBF3D412E636129__74067DECE078371775CE3B2C4D1BF04C4C372891.udd" 3553
"C:/Users/dws24/AppData/Local/UnrealEngine/Common/DerivedDataCache/6/0/2/TEXTURE_E01F4250BECD420DA9CE63B5EECEC2C2_OODLE_AUTODXT_11_37F3E96088485CFCD863__E761E58BED42F0F6DF0E98E4EA4C459431CD18F6.udd" 3554
"C:/Users/dws24/AppData/Local/UnrealEngine/Common/DerivedDataCache/6/6/5/TEXTURE_E01F4250BECD420DA9CE63B5EECEC2C2_OODLE_AUTODXT_11_FAFF7BBF3D412E636129__6B95DA5F0E820FD6DCE72799325F47ECFD8A1406.udd" 3555
"C:/Users/dws24/AppData/Local/UnrealEngine/Common/DerivedDataCache/2/7/3/TEXTURE_E01F4250BECD420DA9CE63B5EECEC2C2_OODLE_AUTODXT_11_FAFF7BBF3D412E636129__54E1088FA5C5298D3EA3E55C35D2594519CBB602.udd" 3556
"C:/Users/dws24/AppData/Local/UnrealEngine/Common/DerivedDataCache/8/1/5/TEXTURE_E01F4250BECD420DA9CE63B5EECEC2C2_OODLE_AUTODXT_11_37F3E96088485CFCD863__9A651AEF689D78036D2F274446ADD45B8DA2A156.udd" 3557
"C:/Users/dws24/AppData/Local/UnrealEngine/Common/DerivedDataCache/7/7/0/MATSM_0BA69734E4FD45E082FA4560DBE25454_PCD3D_SM5_8__BC5N_NOCCBN_NOIRIS_DEV_SL___5D35F62B67805BC859B7899025147967219BEFE2.udd" 3558
"C:/Users/dws24/AppData/Local/UnrealEngine/Common/DerivedDataCache/6/3/4/TEXTURE_E01F4250BECD420DA9CE63B5EECEC2C2_OODLE_AUTODXT_11_37F3E96088485CFCD863__C620D06D7DF23C3383028A6A4DBA97E3F7759BCF.udd" 3559
"C:/Users/dws24/AppData/Local/UnrealEngine/Common/DerivedDataCache/5/0/2/TEXTURE_E01F4250BECD420DA9CE63B5EECEC2C2_OODLE_AUTODXT_11_FAFF7BBF3D412E636129__25FC65CC1C450EB40277046E17894C4F30D5D77A.udd" 3560
"C:/Users/dws24/AppData/Local/UnrealEngine/Common/DerivedDataCache/9/3/4/MATSM_0BA69734E4FD45E082FA4560DBE25454_PCD3D_SM5_8__BC5N_NOCCBN_NOIRIS_DEV_SL___95AAB9E14C861E99C492F05D9A72A2730A05F537.udd" 3561
"C:/Users/dws24/AppData/Local/UnrealEngine/Common/DerivedDataCache/9/9/2/TEXTURE_E01F4250BECD420DA9CE63B5EECEC2C2_OODLE_DXT1_11_75AEBA244D3052D9AA1EB58__83362296CAA5EDF7F6C47D747067B6ED685BA180.udd" 3562
"C:/Users/dws24/AppData/Local/UnrealEngine/Common/DerivedDataCache/8/0/3/TEXTURE_E01F4250BECD420DA9CE63B5EECEC2C2_OODLE_DXT1_11_75AEBA244D3052D9AA1EB58__12EAD5527501FA60185099D3464A856D665B0BBF.udd" 3563
"C:/Users/dws24/AppData/Local/UnrealEngine/Common/DerivedDataCache/3/9/2/TEXTURE_E01F4250BECD420DA9CE63B5EECEC2C2_OODLE_DXT1_11_75AEBA244D3052D9AA1EB58__54559A2F0D13F6A384A12928F1A065E8045F5141.udd" 3564
"C:/Users/dws24/AppData/Local/UnrealEngine/Common/DerivedDataCache/9/3/0/TEXTURE_E01F4250BECD420DA9CE63B5EECEC2C2_OODLE_DXT1_11_75AEBA244D3052D9AA1EB58__9744156486DDCDFF94C8B301E3300C56CEE5AF1E.udd" 3565
"C:/Users/dws24/AppData/Local/UnrealEngine/Common/DerivedDataCache/4/3/1/TEXTURE_E01F4250BECD420DA9CE63B5EECEC2C2_OODLE_AUTODXT_11_3A9D248C41F700B7D3BD__3418D29C9A6D6F6180544AEF429FE968C29EC339.udd" 3566
"C:/Users/dws24/AppData/Local/UnrealEngine/Common/DerivedDataCache/0/6/3/TEXTURE_E01F4250BECD420DA9CE63B5EECEC2C2_OODLE_AUTODXT_11_84614F724FE3B45CD7C0__B225246EDBEB977161CF178662FCB427B05865B8.udd" 3567
"C:/Users/dws24/AppData/Local/UnrealEngine/Common/DerivedDataCache/3/4/8/MATSM_0BA69734E4FD45E082FA4560DBE25454_PCD3D_SM5_8__BC5N_NOCCBN_NOIRIS_DEV_SL___2E31F3E07F9BF3656D61D4A4A97755B947BC1EE3.udd" 3568
"C:/Users/dws24/AppData/Local/UnrealEngine/Common/DerivedDataCache/6/2/7/MATSM_0BA69734E4FD45E082FA4560DBE25454_PCD3D_SM5_8__BC5N_NOCCBN_NOIRIS_DEV_SL___7572963E3C8BEA58C62DAFB81B9289CA5014399C.udd" 3569
"C:/Users/dws24/AppData/Local/UnrealEngine/Common/DerivedDataCache/5/8/7/TEXTURE_E01F4250BECD420DA9CE63B5EECEC2C2_G8_FA295A154BD8811C242389BB21FD81FF_0__889F3F9B1BB91455142FAF646E57DB9102A19418.udd" 3570
"C:/Users/dws24/AppData/Local/UnrealEngine/Common/DerivedDataCache/4/9/4/TEXTURE_E01F4250BECD420DA9CE63B5EECEC2C2_G8_020113124BF6D3113801298082B3FFEA_0__C1D6AFFC6D83A6743C13F0953D8182679436BA63.udd" 3571
"C:/Users/dws24/AppData/Local/UnrealEngine/Common/DerivedDataCache/2/9/1/TEXTURE_E01F4250BECD420DA9CE63B5EECEC2C2_OODLE_BC5_11_B4451E4A4517820B2FB762AA__875A1570B6C3A1602D5090F7659E29C51E9193DE.udd" 3572
"C:/Users/dws24/AppData/Local/UnrealEngine/Common/DerivedDataCache/9/5/7/TEXTURE_E01F4250BECD420DA9CE63B5EECEC2C2_G8_FA295A154BD8811C242389BB21FD81FF_0__34A8D298119E319C70DBFB667366414B2DE7596D.udd" 3573
"C:/Users/dws24/AppData/Local/UnrealEngine/Common/DerivedDataCache/5/4/5/TEXTURE_E01F4250BECD420DA9CE63B5EECEC2C2_OODLE_BC5_11_B4451E4A4517820B2FB762AA__FF95CCC34D6650D8192D32BA574A38777B4D0AE2.udd" 3574
"C:/Users/dws24/AppData/Local/UnrealEngine/Common/DerivedDataCache/9/1/4/TEXTURE_E01F4250BECD420DA9CE63B5EECEC2C2_OODLE_AUTODXT_11_0B3DA6A94373B2F2C9EA__277060745739856F87FDB0905B5ABAB39FEE7982.udd" 3575
"C:/Users/dws24/AppData/Local/UnrealEngine/Common/DerivedDataCache/0/0/9/TEXTURE_E01F4250BECD420DA9CE63B5EECEC2C2_G8_020113124BF6D3113801298082B3FFEA_0__A66A1D90F6F38577EB2DF65708CF61235CD0C167.udd" 3576
"C:/Users/dws24/AppData/Local/UnrealEngine/Common/DerivedDataCache/2/0/0/TEXTURE_E01F4250BECD420DA9CE63B5EECEC2C2_G8_020113124BF6D3113801298082B3FFEA_0__6D0322BEEA90EBECEB3DF36AFB9FDB58EBE33257.udd" 3577
"C:/Users/dws24/AppData/Local/UnrealEngine/Common/DerivedDataCache/5/8/8/TEXTURE_E01F4250BECD420DA9CE63B5EECEC2C2_OODLE_BC5_11_B4451E4A4517820B2FB762AA__19ABC52390BC7055EDADC73424CA345BBB5A1976.udd" 3578
"C:/Users/dws24/AppData/Local/UnrealEngine/Common/DerivedDataCache/0/9/7/TEXTURE_E01F4250BECD420DA9CE63B5EECEC2C2_OODLE_AUTODXT_11_FD42123F4B17739D5D40__331CCFFAE2628259964FB3B7800530A30ADD9A58.udd" 3579
"C:/Users/dws24/AppData/Local/UnrealEngine/Common/DerivedDataCache/7/0/1/TEXTURE_E01F4250BECD420DA9CE63B5EECEC2C2_G8_020113124BF6D3113801298082B3FFEA_0__A3E76E49C194BD06019E031ED8D4472FA8B17FD6.udd" 3580
"C:/Users/dws24/AppData/Local/UnrealEngine/Common/DerivedDataCache/2/4/1/MATSM_0BA69734E4FD45E082FA4560DBE25454_PCD3D_SM5_8__BC5N_NOCCBN_NOIRIS_DEV_SL___C419A53BF69D72B05B2ADDF1B6BA3CFA1880D68B.udd" 3581
"C:/Users/dws24/AppData/Local/UnrealEngine/Common/DerivedDataCache/5/5/4/TEXTURE_E01F4250BECD420DA9CE63B5EECEC2C2_G8_FA295A154BD8811C242389BB21FD81FF_0__8D2489C95A6476F3FDCB287F08FD5E1AD333C642.udd" 3582
"C:/Users/dws24/AppData/Local/UnrealEngine/Common/DerivedDataCache/4/5/9/TEXTURE_E01F4250BECD420DA9CE63B5EECEC2C2_G8_FA295A154BD8811C242389BB21FD81FF_0__6EC0EEBC4C580F5681C6AD374DF633B786C6A4CB.udd" 3583
"C:/Users/dws24/AppData/Local/UnrealEngine/Common/DerivedDataCache/8/3/3/MATSM_0BA69734E4FD45E082FA4560DBE25454_PCD3D_SM5_8__BC5N_NOCCBN_NOIRIS_DEV_SL___2F1B85623B3F7DA5CDF9E27634E53BC4F74ACA5F.udd" 3584
"C:/Users/dws24/AppData/Local/UnrealEngine/Common/DerivedDataCache/3/1/9/MATSM_0BA69734E4FD45E082FA4560DBE25454_PCD3D_SM5_8__BC5N_NOCCBN_NOIRIS_DEV_SL___BDA7F967E93D75511C97A212475B844677D5B4F9.udd" 3585
"../../../Engine/Content/EngineSky/BP_Sky_Sphere.uasset" 3586
"C:/Users/dws24/AppData/Local/UnrealEngine/Common/DerivedDataCache/2/5/4/MATSM_0BA69734E4FD45E082FA4560DBE25454_PCD3D_SM5_8__BC5N_NOCCBN_NOIRIS_DEV_SL___E3D1A734971E62CA454618E9CFC680E793C75710.udd" 3587
"X:/Unreal Projects/Momentum/Momentum/Content/StylizedRenderingSystem/Textures/Misc/T_billboard_icon_srs.uasset" 3588
"X:/Unreal Projects/Momentum/Momentum/Content/StylizedRenderingSystem/Blueprints/Misc/Structs/BP_SRS_DistanceScale_Struct.uasset" 3589
"X:/Unreal Projects/Momentum/Momentum/Content/StylizedRenderingSystem/Blueprints/Misc/Structs/BP_SRS_DistanceFade_Struct.uasset" 3590
"X:/Unreal Projects/Momentum/Momentum/Content/StylizedRenderingSystem/Blueprints/Misc/Structs/BPSRS_OutlineAdvanced_Struct.uasset" 3591
"X:/Unreal Projects/Momentum/Momentum/Content/StylizedRenderingSystem/Blueprints/Misc/Structs/BP_S_Outline_Struct.uasset" 3592
"X:/Unreal Projects/Momentum/Momentum/Content/StylizedRenderingSystem/Blueprints/Misc/BP_SRS_Modes_Enum.uasset" 3593
"X:/Unreal Projects/Momentum/Momentum/Content/StylizedRenderingSystem/Blueprints/Misc/BP_SRS_BlendingModes.uasset" 3594
"X:/Unreal Projects/Momentum/Momentum/Content/StylizedRenderingSystem/Blueprints/Misc/BP_DynamicLightModes_Enum.uasset" 3595
"X:/Unreal Projects/Momentum/Momentum/Content/StylizedRenderingSystem/Materials/Private/Outlines/M_SRS_Outline25.uasset" 3596
"X:/Unreal Projects/Momentum/Momentum/Content/StylizedRenderingSystem/Materials/Private/Outlines/M_SRS_Outline24.uasset" 3597
"X:/Unreal Projects/Momentum/Momentum/Content/StylizedRenderingSystem/Materials/Private/Outlines/M_SRS_Outline23.uasset" 3598
"X:/Unreal Projects/Momentum/Momentum/Content/StylizedRenderingSystem/Materials/Private/Outlines/M_SRS_Outline22.uasset" 3599
"X:/Unreal Projects/Momentum/Momentum/Content/StylizedRenderingSystem/Materials/Private/Outlines/M_SRS_Outline21.uasset" 3600
"X:/Unreal Projects/Momentum/Momentum/Content/StylizedRenderingSystem/Materials/Private/Outlines/M_SRS_Outline20.uasset" 3601
"X:/Unreal Projects/Momentum/Momentum/Content/StylizedRenderingSystem/Materials/Private/Outlines/M_SRS_Outline19.uasset" 3602
"X:/Unreal Projects/Momentum/Momentum/Content/StylizedRenderingSystem/Materials/Private/Outlines/M_SRS_Outline18.uasset" 3603
"X:/Unreal Projects/Momentum/Momentum/Content/StylizedRenderingSystem/Materials/Private/Outlines/M_SRS_Outline16.uasset" 3604
"X:/Unreal Projects/Momentum/Momentum/Content/StylizedRenderingSystem/Materials/Private/Outlines/M_SRS_Outline15.uasset" 3605
"X:/Unreal Projects/Momentum/Momentum/Content/StylizedRenderingSystem/Materials/Private/Outlines/M_SRS_Outline14.uasset" 3606
"X:/Unreal Projects/Momentum/Momentum/Content/StylizedRenderingSystem/Materials/Private/Outlines/M_SRS_Outline13.uasset" 3607
"X:/Unreal Projects/Momentum/Momentum/Content/StylizedRenderingSystem/Materials/Private/Outlines/M_SRS_Outline12.uasset" 3608
"X:/Unreal Projects/Momentum/Momentum/Content/StylizedRenderingSystem/Materials/Private/Outlines/M_SRS_Outline11.uasset" 3609
"X:/Unreal Projects/Momentum/Momentum/Content/StylizedRenderingSystem/Materials/Private/Outlines/M_SRS_Outline10.uasset" 3610
"X:/Unreal Projects/Momentum/Momentum/Content/StylizedRenderingSystem/Materials/Private/Outlines/M_SRS_Outline09.uasset" 3611
"X:/Unreal Projects/Momentum/Momentum/Content/StylizedRenderingSystem/Materials/Private/Outlines/M_SRS_Outline08.uasset" 3612
"X:/Unreal Projects/Momentum/Momentum/Content/StylizedRenderingSystem/Materials/Private/Outlines/M_SRS_Outline07.uasset" 3613
"X:/Unreal Projects/Momentum/Momentum/Content/StylizedRenderingSystem/Materials/Private/Outlines/M_SRS_Outline06.uasset" 3614
"X:/Unreal Projects/Momentum/Momentum/Content/StylizedRenderingSystem/Textures/Misc/T_calibration_mode_instructions_srs.uasset" 3615
"X:/Unreal Projects/Momentum/Momentum/Content/StylizedRenderingSystem/Materials/Private/Misc/M_SRS_LC_Calibration.uasset" 3616
"X:/Unreal Projects/Momentum/Momentum/Content/StylizedRenderingSystem/Blueprints/Misc/Curves/C_ShadowColor_1.uasset" 3617
"X:/Unreal Projects/Momentum/Momentum/Content/StylizedRenderingSystem/Materials/Private/Outlines/M_SRS_Outline17.uasset" 3618
"X:/Unreal Projects/Momentum/Momentum/Content/StylizedRenderingSystem/Blueprints/Misc/Curves/C_HighlightColor_1.uasset" 3619
"X:/Unreal Projects/Momentum/Momentum/Content/StylizedRenderingSystem/Blueprints/Misc/Curves/C_DaytimeTint_1.uasset" 3620
"X:/Unreal Projects/Momentum/Momentum/Content/StylizedRenderingSystem/Blueprints/Misc/Curves/C_FadeAt3and21.uasset" 3621
"X:/Unreal Projects/Momentum/Momentum/Content/StylizedRenderingSystem/Materials/Private/Outlines/M_SRS_Outline05.uasset" 3622
"X:/Unreal Projects/Momentum/Momentum/Content/StylizedRenderingSystem/Blueprints/BP_StylizedRenderingSystem.uasset" 3623
"X:/Unreal Projects/Momentum/Momentum/Content/Timer.uasset" 3624
"X:/Unreal Projects/Momentum/Momentum/Content/MissingActorCheck.uasset" 3625
"X:/Unreal Projects/Momentum/Momentum/Content/GeometrySpline.uasset" 3626
"X:/Unreal Projects/Momentum/Momentum/Content/CelShading.uasset" 3627
"X:/Unreal Projects/Momentum/Momentum/Content/Levels/Levels/LevelCredits.umap" 3628
"X:/Unreal Projects/Momentum/Momentum/Content/Checkerboard.uasset" 3629
"X:/Unreal Projects/Momentum/Momentum/Content/BlackWhiteChecker.uasset" 3630
"X:/Unreal Projects/Momentum/Momentum/Content/Experimental/DifferentSurfaces/SurfaceTypeEnum.uasset" 3631
"X:/Unreal Projects/Momentum/Momentum/Content/Experimental/SurfaceTypeMat.uasset" 3632
"X:/Unreal Projects/Momentum/Momentum/Content/Experimental/SurfaceTypeMat_Speed.uasset" 3633
"X:/Unreal Projects/Momentum/Momentum/Content/Experimental/SurfaceTypeMat_Rubber.uasset" 3634
"X:/Unreal Projects/Momentum/Momentum/Content/Experimental/SurfaceTypeMat_Ice.uasset" 3635
"X:/Unreal Projects/Momentum/Momentum/Content/Experimental/SurfaceTypeMat_Dirt.uasset" 3636
"X:/Unreal Projects/Momentum/Momentum/Content/Experimental/DifferentSurfaces/SurfaceValues.uasset" 3637
"X:/Unreal Projects/Momentum/Momentum/Content/Models/Tracks/SurfaceTest/CustomSurfaceActor.uasset" 3638
"X:/Unreal Projects/Momentum/Momentum/Content/Experimental/TestDefaultNormal.uasset" 3639
"X:/Unreal Projects/Momentum/Momentum/Content/Experimental/TestDefaultNormal_Inst.uasset" 3640
"X:/Unreal Projects/Momentum/Momentum/Content/SkaterArt/Materials/JacketTexture2.uasset" 3641
"../../../Engine/Content/Functions/Engine_MaterialFunctions02/TransformToClipSpace.uasset" 3642
"../../../Engine/Content/Functions/Engine_MaterialFunctions01/Texturing/ScaleUVsByCenter.uasset" 3643
"C:/Users/dws24/AppData/Local/UnrealEngine/Common/DerivedDataCache/0/4/4/PHYSX_A08609EF508D460CBB6710540B03AACF_PHYSXPC_0078BE964E9FD959B781329F005B2A9__3CDC2E8E7BF97297BBCFD51C9C47060B375E89E2.udd" 3644
"C:/Users/dws24/AppData/Local/UnrealEngine/Common/DerivedDataCache/1/9/1/PHYSX_A08609EF508D460CBB6710540B03AACF_PHYSXPC_0078BE964E9FD959B781329F005B2A9__823FE6E597BC4651F7974212A5734662BC5D43DE.udd" 3645
"C:/Users/dws24/AppData/Local/UnrealEngine/Common/DerivedDataCache/0/0/0/PHYSX_A08609EF508D460CBB6710540B03AACF_PHYSXPC_0078BE964E9FD959B781329F005B2A9__9A5DB00B7DD5D974FED120C0F238107CE75EBD97.udd" 3646
"C:/Users/dws24/AppData/Local/UnrealEngine/Common/DerivedDataCache/6/8/9/PHYSX_A08609EF508D460CBB6710540B03AACF_PHYSXPC_0078BE964E9FD959B781329F005B2A9__F2E07786FF27A19F9B9BB05A29D365798DCD2D88.udd" 3647
"C:/Users/dws24/AppData/Local/UnrealEngine/Common/DerivedDataCache/1/2/7/PHYSX_A08609EF508D460CBB6710540B03AACF_PHYSXPC_0078BE964E9FD959B781329F005B2A9__F0A3D64DE7DEEE692435DFAB8F98C92BF58D76FE.udd" 3648
"C:/Users/dws24/AppData/Local/UnrealEngine/Common/DerivedDataCache/9/9/8/PHYSX_A08609EF508D460CBB6710540B03AACF_PHYSXPC_0078BE964E9FD959B781329F005B2A9__D7CA81D10482A9AA505AD8093D2124ABD2E5DF9F.udd" 3649
"C:/Users/dws24/AppData/Local/UnrealEngine/Common/DerivedDataCache/5/5/9/PHYSX_A08609EF508D460CBB6710540B03AACF_PHYSXPC_0078BE964E9FD959B781329F005B2A9__C7164BCFD32612FC451AAD1B4AC1F27CBD7D277C.udd" 3650
"C:/Users/dws24/AppData/Local/UnrealEngine/Common/DerivedDataCache/1/7/3/PHYSX_A08609EF508D460CBB6710540B03AACF_PHYSXPC_0078BE964E9FD959B781329F005B2A9__239A585B398114FEDE7EA11DBF74F7D6BE43627B.udd" 3651
"C:/Users/dws24/AppData/Local/UnrealEngine/Common/DerivedDataCache/7/9/7/PHYSX_A08609EF508D460CBB6710540B03AACF_PHYSXPC_32BDDC324FB1D7314BBB989229B8C69__44A8F549BC73FDEAFE906935E25E0DB9AD9D2839.udd" 3652
"C:/Users/dws24/AppData/Local/UnrealEngine/Common/DerivedDataCache/6/3/5/PHYSX_A08609EF508D460CBB6710540B03AACF_PHYSXPC_32BDDC324FB1D7314BBB989229B8C69__1B7C153CDFEAA2DF83EB221AFF1146DD8326D733.udd" 3653
"C:/Users/dws24/AppData/Local/UnrealEngine/Common/DerivedDataCache/7/5/2/PHYSX_A08609EF508D460CBB6710540B03AACF_PHYSXPC_32BDDC324FB1D7314BBB989229B8C69__EF7076CF2729682FFE351E2D1461605F2FAC06A8.udd" 3654
"C:/Users/dws24/AppData/Local/UnrealEngine/Common/DerivedDataCache/7/7/8/PHYSX_A08609EF508D460CBB6710540B03AACF_PHYSXPC_32BDDC324FB1D7314BBB989229B8C69__42884911235FC3288BCB7D94D41FDC4DFB6FA4A1.udd" 3655
"C:/Users/dws24/AppData/Local/UnrealEngine/Common/DerivedDataCache/0/6/6/PHYSX_A08609EF508D460CBB6710540B03AACF_PHYSXPC_32BDDC324FB1D7314BBB989229B8C69__2068F89C4D3F4967EE1191EFE45D7FCD67326F7A.udd" 3656
"C:/Users/dws24/AppData/Local/UnrealEngine/Common/DerivedDataCache/1/0/0/PHYSX_A08609EF508D460CBB6710540B03AACF_PHYSXPC_32BDDC324FB1D7314BBB989229B8C69__BC1AB86B3BCC3D1991596FD7643B5F70731BFC8E.udd" 3657
"C:/Users/dws24/AppData/Local/UnrealEngine/Common/DerivedDataCache/2/0/8/PHYSX_A08609EF508D460CBB6710540B03AACF_PHYSXPC_32BDDC324FB1D7314BBB989229B8C69__08E6ABC807356A7CCDC50ED5FDECD5E84BE4FAA9.udd" 3658
"C:/Users/dws24/AppData/Local/UnrealEngine/Common/DerivedDataCache/8/5/9/PHYSX_A08609EF508D460CBB6710540B03AACF_PHYSXPC_32BDDC324FB1D7314BBB989229B8C69__7F76B239346298447AAB8E065CB9D156932FC27A.udd" 3659
"C:/Users/dws24/AppData/Local/UnrealEngine/Common/DerivedDataCache/6/3/4/PHYSX_A08609EF508D460CBB6710540B03AACF_PHYSXPC_2CEFD31349D6938DC1506B950AE128B__2B3227F7AE61030AF2F477F93D8178B08878236A.udd" 3660
"C:/Users/dws24/AppData/Local/UnrealEngine/Common/DerivedDataCache/2/2/4/PHYSX_A08609EF508D460CBB6710540B03AACF_PHYSXPC_2CEFD31349D6938DC1506B950AE128B__8930D890B50417AFB654162AE3E1C29381E12F93.udd" 3661
"C:/Users/dws24/AppData/Local/UnrealEngine/Common/DerivedDataCache/3/5/5/PHYSX_A08609EF508D460CBB6710540B03AACF_PHYSXPC_2CEFD31349D6938DC1506B950AE128B__E04BEAAFFD0690F0B1DE5F8D131D6536A9BD864B.udd" 3662
"C:/Users/dws24/AppData/Local/UnrealEngine/Common/DerivedDataCache/6/3/9/PHYSX_A08609EF508D460CBB6710540B03AACF_PHYSXPC_2CEFD31349D6938DC1506B950AE128B__4592A5E8165C59C964BA6C3D611C11ED87EC5248.udd" 3663
"C:/Users/dws24/AppData/Local/UnrealEngine/Common/DerivedDataCache/9/4/8/PHYSX_A08609EF508D460CBB6710540B03AACF_PHYSXPC_2CEFD31349D6938DC1506B950AE128B__F71B3FE782DE9CAC7F477268156960C921A727DF.udd" 3664
"C:/Users/dws24/AppData/Local/UnrealEngine/Common/DerivedDataCache/4/8/5/PHYSX_A08609EF508D460CBB6710540B03AACF_PHYSXPC_2CEFD31349D6938DC1506B950AE128B__1BC72A0449FA3C706B8CC7B3A7D0386012FFFB29.udd" 3665
"C:/Users/dws24/AppData/Local/UnrealEngine/Common/DerivedDataCache/2/9/3/PHYSX_A08609EF508D460CBB6710540B03AACF_PHYSXPC_2CEFD31349D6938DC1506B950AE128B__AF17150167C33EE5ACE6E28F71BBE3787C122AC2.udd" 3666
"C:/Users/dws24/AppData/Local/UnrealEngine/Common/DerivedDataCache/2/5/4/PHYSX_A08609EF508D460CBB6710540B03AACF_PHYSXPC_2CEFD31349D6938DC1506B950AE128B__EFE20F138DBB5AF462DACA97377CECE7C4C0ACA4.udd" 3667
"C:/Users/dws24/AppData/Local/UnrealEngine/Common/DerivedDataCache/1/2/6/PHYSX_A08609EF508D460CBB6710540B03AACF_PHYSXPC_2CEFD31349D6938DC1506B950AE128B__F2F153AAB48C7ADC2890B8E0EF8473903DA1B058.udd" 3668
"C:/Users/dws24/AppData/Local/UnrealEngine/Common/DerivedDataCache/3/9/8/PHYSX_A08609EF508D460CBB6710540B03AACF_PHYSXPC_2CEFD31349D6938DC1506B950AE128B__5848B62E8C2A09405DBCAED8B0B3472EEA9F8C92.udd" 3669
"C:/Users/dws24/AppData/Local/UnrealEngine/Common/DerivedDataCache/1/3/2/PHYSX_A08609EF508D460CBB6710540B03AACF_PHYSXPC_2CEFD31349D6938DC1506B950AE128B__CE531F4C8E4BD4813DBAA5549858242D4EDF6FCB.udd" 3670
"C:/Users/dws24/AppData/Local/UnrealEngine/Common/DerivedDataCache/3/9/0/PHYSX_A08609EF508D460CBB6710540B03AACF_PHYSXPC_2CEFD31349D6938DC1506B950AE128B__1F827857824D6523D0FA7EC33A2B8920747AB56F.udd" 3671
"C:/Users/dws24/AppData/Local/UnrealEngine/Common/DerivedDataCache/9/0/1/PHYSX_A08609EF508D460CBB6710540B03AACF_PHYSXPC_2CEFD31349D6938DC1506B950AE128B__76ED071958111180B0FCEC6E74CD28EE75BB4C98.udd" 3672
"C:/Users/dws24/AppData/Local/UnrealEngine/Common/DerivedDataCache/8/1/1/PHYSX_A08609EF508D460CBB6710540B03AACF_PHYSXPC_2CEFD31349D6938DC1506B950AE128B__D2AB78197D06B63090F502731A948F08FF6F4058.udd" 3673
"C:/Users/dws24/AppData/Local/UnrealEngine/Common/DerivedDataCache/7/5/3/PHYSX_A08609EF508D460CBB6710540B03AACF_PHYSXPC_2CEFD31349D6938DC1506B950AE128B__C25EB3DFA9303DFE92267E0F06E00999A15E7E73.udd" 3674
"C:/Users/dws24/AppData/Local/UnrealEngine/Common/DerivedDataCache/6/8/3/PHYSX_A08609EF508D460CBB6710540B03AACF_PHYSXPC_2CEFD31349D6938DC1506B950AE128B__95EA26AE044855138238EFBF2BF984E7E283AB64.udd" 3675
"C:/Users/dws24/AppData/Local/UnrealEngine/Common/DerivedDataCache/3/2/6/PHYSX_A08609EF508D460CBB6710540B03AACF_PHYSXPC_2CEFD31349D6938DC1506B950AE128B__5E5A2643FD0C5573A19A12B69E81537C5A432CD7.udd" 3676
"C:/Users/dws24/AppData/Local/UnrealEngine/Common/DerivedDataCache/8/5/2/PHYSX_A08609EF508D460CBB6710540B03AACF_PHYSXPC_0078BE964E9FD959B781329F005B2A9__8BA155E49B0F2BC6F2B4E3BF2B26D57D8471D200.udd" 3677
"C:/Users/dws24/AppData/Local/UnrealEngine/Common/DerivedDataCache/3/0/5/PHYSX_A08609EF508D460CBB6710540B03AACF_PHYSXPC_0078BE964E9FD959B781329F005B2A9__C5BC0AA2340EEE735AD5D30086067572B3FD9CE9.udd" 3678
"C:/Users/dws24/AppData/Local/UnrealEngine/Common/DerivedDataCache/9/1/6/PHYSX_A08609EF508D460CBB6710540B03AACF_PHYSXPC_0078BE964E9FD959B781329F005B2A9__BA1783FA99D1E9AC110D54A20B13E984226476CB.udd" 3679
"C:/Users/dws24/AppData/Local/UnrealEngine/Common/DerivedDataCache/6/1/4/PHYSX_A08609EF508D460CBB6710540B03AACF_PHYSXPC_0078BE964E9FD959B781329F005B2A9__093419AEEB591D6EC79655760031786569064F95.udd" 3680
"C:/Users/dws24/AppData/Local/UnrealEngine/Common/DerivedDataCache/2/6/3/PHYSX_A08609EF508D460CBB6710540B03AACF_PHYSXPC_0078BE964E9FD959B781329F005B2A9__0E88E407E0191FAD862D1145E079DB98154B2C0F.udd" 3681
"C:/Users/dws24/AppData/Local/UnrealEngine/Common/DerivedDataCache/5/9/1/PHYSX_A08609EF508D460CBB6710540B03AACF_PHYSXPC_0078BE964E9FD959B781329F005B2A9__D34AEC8E504FE59979205F32F990402F70BF767D.udd" 3682
"C:/Users/dws24/AppData/Local/UnrealEngine/Common/DerivedDataCache/2/9/5/PHYSX_A08609EF508D460CBB6710540B03AACF_PHYSXPC_0078BE964E9FD959B781329F005B2A9__F220A936CEA2DB5F93B7F1F62225F9D63F22CB49.udd" 3683
"C:/Users/dws24/AppData/Local/UnrealEngine/Common/DerivedDataCache/6/7/8/PHYSX_A08609EF508D460CBB6710540B03AACF_PHYSXPC_0078BE964E9FD959B781329F005B2A9__8EE44C3DB702808812E206FCEC1916410947ADAD.udd" 3684
"C:/Users/dws24/AppData/Local/UnrealEngine/Common/DerivedDataCache/8/6/6/PHYSX_A08609EF508D460CBB6710540B03AACF_PHYSXPC_0078BE964E9FD959B781329F005B2A9__710F8ADA8C750ED9EBAB545B20219D71A3B80E11.udd" 3685
"C:/Users/dws24/AppData/Local/UnrealEngine/Common/DerivedDataCache/8/2/8/PHYSX_A08609EF508D460CBB6710540B03AACF_PHYSXPC_0078BE964E9FD959B781329F005B2A9__81F4DE20EE81BD1103BC48C208EAA69056110033.udd" 3686
"C:/Users/dws24/AppData/Local/UnrealEngine/Common/DerivedDataCache/9/1/9/PHYSX_A08609EF508D460CBB6710540B03AACF_PHYSXPC_0078BE964E9FD959B781329F005B2A9__CB54BBB6CAA532A82E30AA77F05479E055B9658A.udd" 3687
"C:/Users/dws24/AppData/Local/UnrealEngine/Common/DerivedDataCache/9/8/3/PHYSX_A08609EF508D460CBB6710540B03AACF_PHYSXPC_0078BE964E9FD959B781329F005B2A9__C726EDF57674E612F6C2B7EDF8DAC5852D9D0404.udd" 3688
"C:/Users/dws24/AppData/Local/UnrealEngine/Common/DerivedDataCache/0/8/9/PHYSX_A08609EF508D460CBB6710540B03AACF_PHYSXPC_0078BE964E9FD959B781329F005B2A9__7E2DE646F5402F12C6196CA172F0B6C9032708F1.udd" 3689
"C:/Users/dws24/AppData/Local/UnrealEngine/Common/DerivedDataCache/6/1/9/PHYSX_A08609EF508D460CBB6710540B03AACF_PHYSXPC_0078BE964E9FD959B781329F005B2A9__03DF615CCC6508C73AE3DAEE206BB1B412240C4E.udd" 3690
"C:/Users/dws24/AppData/Local/UnrealEngine/Common/DerivedDataCache/8/6/5/PHYSX_A08609EF508D460CBB6710540B03AACF_PHYSXPC_0078BE964E9FD959B781329F005B2A9__88263A48B02D894B96AEDCEEAC3002BABE16DCB6.udd" 3691
"C:/Users/dws24/AppData/Local/UnrealEngine/Common/DerivedDataCache/1/6/8/PHYSX_A08609EF508D460CBB6710540B03AACF_PHYSXPC_0078BE964E9FD959B781329F005B2A9__55670EA45142665B202FDB38CB1A31B6FB21C5A2.udd" 3692
"C:/Users/dws24/AppData/Local/UnrealEngine/Common/DerivedDataCache/3/8/3/PHYSX_A08609EF508D460CBB6710540B03AACF_PHYSXPC_0078BE964E9FD959B781329F005B2A9__081C788599A0005A3FC5B2CAC2E685EA2754A4E4.udd" 3693
"C:/Users/dws24/AppData/Local/UnrealEngine/Common/DerivedDataCache/5/2/7/PHYSX_A08609EF508D460CBB6710540B03AACF_PHYSXPC_0078BE964E9FD959B781329F005B2A9__880C0E7C2582924BF58F12F5459721CF1C9DA016.udd" 3694
"C:/Users/dws24/AppData/Local/UnrealEngine/Common/DerivedDataCache/1/0/0/PHYSX_A08609EF508D460CBB6710540B03AACF_PHYSXPC_0078BE964E9FD959B781329F005B2A9__E1300B238AEE469726FB6994EED95213E3A73E50.udd" 3695
"C:/Users/dws24/AppData/Local/UnrealEngine/Common/DerivedDataCache/7/9/6/PHYSX_A08609EF508D460CBB6710540B03AACF_PHYSXPC_0078BE964E9FD959B781329F005B2A9__F9785623FB21EBF532FFA82528F703F44AF353E3.udd" 3696
"C:/Users/dws24/AppData/Local/UnrealEngine/Common/DerivedDataCache/6/0/9/PHYSX_A08609EF508D460CBB6710540B03AACF_PHYSXPC_0078BE964E9FD959B781329F005B2A9__12C532A4A733CD931436403D118417C75C04ADC0.udd" 3697
"C:/Users/dws24/AppData/Local/UnrealEngine/Common/DerivedDataCache/0/6/8/PHYSX_A08609EF508D460CBB6710540B03AACF_PHYSXPC_0078BE964E9FD959B781329F005B2A9__2C075902C20C6C41676BBEB043661396277E7320.udd" 3698
"C:/Users/dws24/AppData/Local/UnrealEngine/Common/DerivedDataCache/2/8/6/PHYSX_A08609EF508D460CBB6710540B03AACF_PHYSXPC_0078BE964E9FD959B781329F005B2A9__7C738EED0BDC868C784DD27111730BC310C32D42.udd" 3699
"C:/Users/dws24/AppData/Local/UnrealEngine/Common/DerivedDataCache/2/3/3/PHYSX_A08609EF508D460CBB6710540B03AACF_PHYSXPC_0078BE964E9FD959B781329F005B2A9__327AECD5FBFB029871100CC5CF31F9D28AE3BE0A.udd" 3700
"C:/Users/dws24/AppData/Local/UnrealEngine/Common/DerivedDataCache/3/5/9/PHYSX_A08609EF508D460CBB6710540B03AACF_PHYSXPC_0078BE964E9FD959B781329F005B2A9__086B412AFA974E5EB4BE30DF2B2742699F904507.udd" 3701
"C:/Users/dws24/AppData/Local/UnrealEngine/Common/DerivedDataCache/3/6/8/PHYSX_A08609EF508D460CBB6710540B03AACF_PHYSXPC_0078BE964E9FD959B781329F005B2A9__5B4905BB43EF207FFDE6A4377D92DB9AFA9D650B.udd" 3702
"C:/Users/dws24/AppData/Local/UnrealEngine/Common/DerivedDataCache/7/5/1/PHYSX_A08609EF508D460CBB6710540B03AACF_PHYSXPC_BCF4A6B541A210D31F595E88A19BB48__DA1E2818D3368FE4E6DF74782FCAD0BBE56CF2A5.udd" 3703
"C:/Users/dws24/AppData/Local/UnrealEngine/Common/DerivedDataCache/6/2/0/PHYSX_A08609EF508D460CBB6710540B03AACF_PHYSXPC_BCF4A6B541A210D31F595E88A19BB48__DB7CA979753600C7CD1CE96E78ACED40A6CBF047.udd" 3704
"C:/Users/dws24/AppData/Local/UnrealEngine/Common/DerivedDataCache/9/9/1/PHYSX_A08609EF508D460CBB6710540B03AACF_PHYSXPC_BCF4A6B541A210D31F595E88A19BB48__62884796F9AFBF09CC2CCD6AD0680B09232E5886.udd" 3705
"C:/Users/dws24/AppData/Local/UnrealEngine/Common/DerivedDataCache/0/3/1/PHYSX_A08609EF508D460CBB6710540B03AACF_PHYSXPC_BCF4A6B541A210D31F595E88A19BB48__8D7E173C0C9A6A2983C914F599F2578BB966681A.udd" 3706
"C:/Users/dws24/AppData/Local/UnrealEngine/Common/DerivedDataCache/0/4/0/PHYSX_A08609EF508D460CBB6710540B03AACF_PHYSXPC_BCF4A6B541A210D31F595E88A19BB48__3FC4EF493D0948067EE3FD04F16A265261010B95.udd" 3707
"C:/Users/dws24/AppData/Local/UnrealEngine/Common/DerivedDataCache/4/7/7/PHYSX_A08609EF508D460CBB6710540B03AACF_PHYSXPC_BCF4A6B541A210D31F595E88A19BB48__4A07DFD349F91F98F5661CDFA1BC9A46B005E836.udd" 3708
"C:/Users/dws24/AppData/Local/UnrealEngine/Common/DerivedDataCache/7/5/1/PHYSX_A08609EF508D460CBB6710540B03AACF_PHYSXPC_BCF4A6B541A210D31F595E88A19BB48__33ED0950B5FAE6E6D5DEA84F388ED838CF8BF19F.udd" 3709
"C:/Users/dws24/AppData/Local/UnrealEngine/Common/DerivedDataCache/2/8/2/PHYSX_A08609EF508D460CBB6710540B03AACF_PHYSXPC_BCF4A6B541A210D31F595E88A19BB48__49380F69FD9B5B3EDF9B09214EDB0DC57AFED54D.udd" 3710
"C:/Users/dws24/AppData/Local/UnrealEngine/Common/DerivedDataCache/8/0/3/PHYSX_A08609EF508D460CBB6710540B03AACF_PHYSXPC_BCF4A6B541A210D31F595E88A19BB48__E1A4DB05A98D473A959E8C25F6F670BC6BB491D2.udd" 3711
"C:/Users/dws24/AppData/Local/UnrealEngine/Common/DerivedDataCache/6/6/6/PHYSX_A08609EF508D460CBB6710540B03AACF_PHYSXPC_BCF4A6B541A210D31F595E88A19BB48__7E65A68A4EDD67F023A08E818A9FF434B1430098.udd" 3712
"C:/Users/dws24/AppData/Local/UnrealEngine/Common/DerivedDataCache/7/7/9/PHYSX_A08609EF508D460CBB6710540B03AACF_PHYSXPC_BCF4A6B541A210D31F595E88A19BB48__626E78E73EDFC28C1B756AF637C87D99384ACEE8.udd" 3713
"C:/Users/dws24/AppData/Local/UnrealEngine/Common/DerivedDataCache/4/6/6/PHYSX_A08609EF508D460CBB6710540B03AACF_PHYSXPC_BCF4A6B541A210D31F595E88A19BB48__FAEF2A8AEEB6BC1DA44FDAF5B0A302F852B27D45.udd" 3714
"C:/Users/dws24/AppData/Local/UnrealEngine/Common/DerivedDataCache/4/9/0/PHYSX_A08609EF508D460CBB6710540B03AACF_PHYSXPC_BCF4A6B541A210D31F595E88A19BB48__9533B629F176E9A0274277684737601D7F14888E.udd" 3715
"C:/Users/dws24/AppData/Local/UnrealEngine/Common/DerivedDataCache/7/2/2/PHYSX_A08609EF508D460CBB6710540B03AACF_PHYSXPC_BCF4A6B541A210D31F595E88A19BB48__CD6EF853531C3A7985277F79EAD953BE97C46B2B.udd" 3716
"C:/Users/dws24/AppData/Local/UnrealEngine/Common/DerivedDataCache/2/2/6/PHYSX_A08609EF508D460CBB6710540B03AACF_PHYSXPC_BCF4A6B541A210D31F595E88A19BB48__F329B0FC1740A4115F14926428EBC1469D4DF60D.udd" 3717
"C:/Users/dws24/AppData/Local/UnrealEngine/Common/DerivedDataCache/8/4/1/PHYSX_A08609EF508D460CBB6710540B03AACF_PHYSXPC_BCF4A6B541A210D31F595E88A19BB48__917F51775EB8FA0BDB952630316E9944E0537DAE.udd" 3718
"C:/Users/dws24/AppData/Local/UnrealEngine/Common/DerivedDataCache/3/5/4/PHYSX_A08609EF508D460CBB6710540B03AACF_PHYSXPC_BCF4A6B541A210D31F595E88A19BB48__0A46AA09F4D32D6B979FB2F91B6AD6EA9B356120.udd" 3719
"C:/Users/dws24/AppData/Local/UnrealEngine/Common/DerivedDataCache/1/1/1/PHYSX_A08609EF508D460CBB6710540B03AACF_PHYSXPC_BCF4A6B541A210D31F595E88A19BB48__FD283BDBAB5FAC15A5FC04EC4DEF24C1F5F80689.udd" 3720
"C:/Users/dws24/AppData/Local/UnrealEngine/Common/DerivedDataCache/5/9/6/PHYSX_A08609EF508D460CBB6710540B03AACF_PHYSXPC_BCF4A6B541A210D31F595E88A19BB48__946834338360B99B90B92269DDA62C456176966F.udd" 3721
"C:/Users/dws24/AppData/Local/UnrealEngine/Common/DerivedDataCache/8/7/3/PHYSX_A08609EF508D460CBB6710540B03AACF_PHYSXPC_BCF4A6B541A210D31F595E88A19BB48__236D16D67D20D10C909345A76EE835E37B97E81D.udd" 3722
"C:/Users/dws24/AppData/Local/UnrealEngine/Common/DerivedDataCache/6/6/7/PHYSX_A08609EF508D460CBB6710540B03AACF_PHYSXPC_BCF4A6B541A210D31F595E88A19BB48__50794D9D72AA7F360E6A2534ECB78BA2CA82318F.udd" 3723
"C:/Users/dws24/AppData/Local/UnrealEngine/Common/DerivedDataCache/0/2/0/PHYSX_A08609EF508D460CBB6710540B03AACF_PHYSXPC_BCF4A6B541A210D31F595E88A19BB48__A9D5F5723C29591ECF5941D43A4A4A7A5ED8EDAB.udd" 3724
"C:/Users/dws24/AppData/Local/UnrealEngine/Common/DerivedDataCache/9/0/3/PHYSX_A08609EF508D460CBB6710540B03AACF_PHYSXPC_BCF4A6B541A210D31F595E88A19BB48__218A63948705FA4FD44E79523A8F15F719E1713D.udd" 3725
"C:/Users/dws24/AppData/Local/UnrealEngine/Common/DerivedDataCache/2/2/5/PHYSX_A08609EF508D460CBB6710540B03AACF_PHYSXPC_BCF4A6B541A210D31F595E88A19BB48__677B90633272244C7669020044A52121B0E258A2.udd" 3726
"C:/Users/dws24/AppData/Local/UnrealEngine/Common/DerivedDataCache/3/9/1/PHYSX_A08609EF508D460CBB6710540B03AACF_PHYSXPC_BCF4A6B541A210D31F595E88A19BB48__12098FBCAEAA2A393D210217BAF32367478F75E6.udd" 3727
"C:/Users/dws24/AppData/Local/UnrealEngine/Common/DerivedDataCache/1/0/3/PHYSX_A08609EF508D460CBB6710540B03AACF_PHYSXPC_BCF4A6B541A210D31F595E88A19BB48__15995BBD287DCF03A65DC570AA8BB50877A49D29.udd" 3728
"C:/Users/dws24/AppData/Local/UnrealEngine/Common/DerivedDataCache/3/3/7/PHYSX_A08609EF508D460CBB6710540B03AACF_PHYSXPC_BCF4A6B541A210D31F595E88A19BB48__8E59CA998CD86C3DD351555BE59C512068BB061C.udd" 3729
"C:/Users/dws24/AppData/Local/UnrealEngine/Common/DerivedDataCache/3/5/2/PHYSX_A08609EF508D460CBB6710540B03AACF_PHYSXPC_BCF4A6B541A210D31F595E88A19BB48__05022F2BB46B9ABD71D053E77B5B97974FF764C6.udd" 3730
"C:/Users/dws24/AppData/Local/UnrealEngine/Common/DerivedDataCache/6/7/9/PHYSX_A08609EF508D460CBB6710540B03AACF_PHYSXPC_BCF4A6B541A210D31F595E88A19BB48__CF2AF2F3689FE335DF7B5304A1D399F893323080.udd" 3731
"C:/Users/dws24/AppData/Local/UnrealEngine/Common/DerivedDataCache/8/9/5/PHYSX_A08609EF508D460CBB6710540B03AACF_PHYSXPC_BCF4A6B541A210D31F595E88A19BB48__0D4BD5D724FF33AF23A6E7CA1963A61545458EF3.udd" 3732
"C:/Users/dws24/AppData/Local/UnrealEngine/Common/DerivedDataCache/1/8/7/PHYSX_A08609EF508D460CBB6710540B03AACF_PHYSXPC_BCF4A6B541A210D31F595E88A19BB48__94499E990E64D7F9ECCDCAED85284EA11A42DB50.udd" 3733
"C:/Users/dws24/AppData/Local/UnrealEngine/Common/DerivedDataCache/0/0/8/PHYSX_A08609EF508D460CBB6710540B03AACF_PHYSXPC_BCF4A6B541A210D31F595E88A19BB48__9C0F07D65B0E53F06F01222183D80E32AB404EA5.udd" 3734
"C:/Users/dws24/AppData/Local/UnrealEngine/Common/DerivedDataCache/0/7/6/PHYSX_A08609EF508D460CBB6710540B03AACF_PHYSXPC_BCF4A6B541A210D31F595E88A19BB48__37FF729279943578C2B891190118ED1E7912F274.udd" 3735
"C:/Users/dws24/AppData/Local/UnrealEngine/Common/DerivedDataCache/6/3/4/PHYSX_A08609EF508D460CBB6710540B03AACF_PHYSXPC_BCF4A6B541A210D31F595E88A19BB48__3D22DEAC72FF02104853BD26554439531D924D21.udd" 3736
"C:/Users/dws24/AppData/Local/UnrealEngine/Common/DerivedDataCache/2/2/8/PHYSX_A08609EF508D460CBB6710540B03AACF_PHYSXPC_BCF4A6B541A210D31F595E88A19BB48__A10F75D58FF79D0EC7A574157BE68E00A6854817.udd" 3737
"C:/Users/dws24/AppData/Local/UnrealEngine/Common/DerivedDataCache/6/1/4/PHYSX_A08609EF508D460CBB6710540B03AACF_PHYSXPC_0F924BDA4771E8B102596ABD61DCFA0__26B86459F192AEAF71FB3AEE6CB36A8887B56BBD.udd" 3738
"C:/Users/dws24/AppData/Local/UnrealEngine/Common/DerivedDataCache/8/8/4/PHYSX_A08609EF508D460CBB6710540B03AACF_PHYSXPC_0F924BDA4771E8B102596ABD61DCFA0__9C684714286CBDF0D8536F05A5724D9CEE14CFE5.udd" 3739
"C:/Users/dws24/AppData/Local/UnrealEngine/Common/DerivedDataCache/5/5/8/PHYSX_A08609EF508D460CBB6710540B03AACF_PHYSXPC_0F924BDA4771E8B102596ABD61DCFA0__24F56E86889D6A3C03CACA6AF2A955BC9F85DFC3.udd" 3740
"C:/Users/dws24/AppData/Local/UnrealEngine/Common/DerivedDataCache/5/3/0/PHYSX_A08609EF508D460CBB6710540B03AACF_PHYSXPC_0F924BDA4771E8B102596ABD61DCFA0__03A534CD65DD596F8F7ECCF1E1CF9E4361991A70.udd" 3741
"C:/Users/dws24/AppData/Local/UnrealEngine/Common/DerivedDataCache/8/5/2/PHYSX_A08609EF508D460CBB6710540B03AACF_PHYSXPC_0F924BDA4771E8B102596ABD61DCFA0__C673BFBBD236CCD3C4C34028B70A4531DEE41D1A.udd" 3742
"C:/Users/dws24/AppData/Local/UnrealEngine/Common/DerivedDataCache/6/1/1/PHYSX_A08609EF508D460CBB6710540B03AACF_PHYSXPC_E8ACEE884C42CCD208E005A9AF24FF93__1_0_0_0_2_13315_0.udd" 3743
"X:/Unreal Projects/Momentum/Momentum/Content/Experimental/Glass.uasset" 3744
"X:/Unreal Projects/Momentum/Momentum/Content/Models/Geometry/BuildingTemplate4_ExtraLargeCubeTall.uasset" 3745
"X:/Unreal Projects/Momentum/Momentum/Content/Models/Geometry/BuildingTemplate4_LargeCubeTall.uasset" 3746
"X:/Unreal Projects/Momentum/Momentum/Content/Models/Geometry/BuildingTemplate4_StandardCubeTall.uasset" 3747
"X:/Unreal Projects/Momentum/Momentum/Content/Experimental/SinglesMerged.uasset" 3748
"X:/Unreal Projects/Momentum/Momentum/Content/Experimental/CollectibleSplinePlacementTool.uasset" 3749
"X:/Unreal Projects/Momentum/Momentum/Content/Models/Geometry/QuarterPipeTexture.uasset" 3750
"X:/Unreal Projects/Momentum/Momentum/Content/Models/Geometry/QuarterPipeMat.uasset" 3751
"X:/Unreal Projects/Momentum/Momentum/Content/Models/Geometry/SkateTrackSegments_QuarterPipe.uasset" 3752
"X:/Unreal Projects/Momentum/Momentum/Content/TrackSpline.uasset" 3753
"X:/Unreal Projects/Momentum/Momentum/Content/Levels/Levels/LevelChampionship.umap" 3754
"X:/Unreal Projects/Momentum/Momentum/Content/Green.uasset" 3755
"X:/Unreal Projects/Momentum/Momentum/Content/Levels/ActionBlocks/Race/Checkpoint.uasset" 3756
"X:/Unreal Projects/Momentum/Momentum/Content/Levels/ActionBlocks/Race/CheckpointManager.uasset" 3757
"X:/Unreal Projects/Momentum/Momentum/Content/Models/Geometry/Fence/FenceMesh.uasset" 3758
"X:/Unreal Projects/Momentum/Momentum/Content/Experimental/RotatingComponent.uasset" 3759
"../../../Engine/Content/BasicShapes/BasicShapeMaterial.uasset" 3760
"C:/Users/dws24/AppData/Local/UnrealEngine/Common/DerivedDataCache/3/8/5/STATICMESH_9CE2B6FB46754B699726C4AA1515F12E_228332BAE0224DD294E232B87D83948FQU__2358136707FFB851E6B9F0A9A339CCCB71E90EE5.udd" 3761
"C:/Users/dws24/AppData/Local/UnrealEngine/Common/DerivedDataCache/3/6/7/PHYSX_A08609EF508D460CBB6710540B03AACF_PHYSXPC_4BDD90CF49044433B643FBA5AB7B504__B4A2F61C73096329EE366CF094144B9C4BA8785F.udd" 3762
"C:/Users/dws24/AppData/Local/UnrealEngine/Common/DerivedDataCache/7/5/5/NAVCOLLISION_2983273BE5D6425391E8C0B3D1C0A55D_NAVCOLLISION_X_4BDD90CF49044433B__AF1BDF1366D45390739DD71B38CE9B344887CF5E.udd" 3763
"X:/Unreal Projects/Momentum/Momentum/Content/TriggeredDoor.uasset" 3764
"C:/Users/dws24/AppData/Local/UnrealEngine/Common/DerivedDataCache/0/3/0/STATICMESH_9CE2B6FB46754B699726C4AA1515F12E_228332BAE0224DD294E232B87D83948FQU__005E0B8BDE6A97A6EDA5C86DCDC6698AB5840D79.udd" 3765
"C:/Users/dws24/AppData/Local/UnrealEngine/Common/DerivedDataCache/8/3/9/PHYSX_A08609EF508D460CBB6710540B03AACF_PHYSXPC_1E7DC0564194C1C6E221538340A939F__283F4FE983DF2233B092527664C61442DDF3973B.udd" 3766
"C:/Users/dws24/AppData/Local/UnrealEngine/Common/DerivedDataCache/7/5/5/NAVCOLLISION_2983273BE5D6425391E8C0B3D1C0A55D_NAVCOLLISION_X_1E7DC0564194C1C6E__1B840B93FE7E87C878792273979F0CBBE9C89CDF.udd" 3767
"X:/Unreal Projects/Momentum/Momentum/Content/StarterContent/Textures/T_Concrete_Poured_N.uasset" 3768
"C:/Users/dws24/AppData/Local/UnrealEngine/Common/DerivedDataCache/5/4/3/STATICMESH_9CE2B6FB46754B699726C4AA1515F12E_228332BAE0224DD294E232B87D83948FQU__57A77CBBEFE434CD8BA3E0ADB8C7A8E460D718B3.udd" 3769
"C:/Users/dws24/AppData/Local/UnrealEngine/Common/DerivedDataCache/2/0/9/PHYSX_A08609EF508D460CBB6710540B03AACF_PHYSXPC_BE3361814BE96E2A66E74797F7AA4A6__A1E8FCF50093C6483D5138605675B479B1C1EE79.udd" 3770
"C:/Users/dws24/AppData/Local/UnrealEngine/Common/DerivedDataCache/8/1/9/NAVCOLLISION_2983273BE5D6425391E8C0B3D1C0A55D_NAVCOLLISION_X_BE3361814BE96E2A6__3B7C43E9A337FB3F2D7D9FE4D6D2EFC4A387A448.udd" 3771
"X:/Unreal Projects/Momentum/Momentum/Content/StarterContent/Textures/T_Concrete_Poured_D.uasset" 3772
"C:/Users/dws24/AppData/Local/UnrealEngine/Common/DerivedDataCache/7/2/9/STATICMESH_9CE2B6FB46754B699726C4AA1515F12E_228332BAE0224DD294E232B87D83948FQU__EF3160A5A040E07E2B3FBEA1EC0AA102F33B308D.udd" 3773
"C:/Users/dws24/AppData/Local/UnrealEngine/Common/DerivedDataCache/9/7/4/PHYSX_A08609EF508D460CBB6710540B03AACF_PHYSXPC_4A55B0594EC0B24EA0DB9F8169C2927__9353D2F1FC92F5BE2F739C6420D301A8D57657B5.udd" 3774
"C:/Users/dws24/AppData/Local/UnrealEngine/Common/DerivedDataCache/5/0/0/NAVCOLLISION_2983273BE5D6425391E8C0B3D1C0A55D_NAVCOLLISION_X_4A55B0594EC0B24EA__401B1116F1B97DD0181F6CA8B4478459F2439675.udd" 3775
"X:/Unreal Projects/Momentum/Momentum/Content/StarterContent/Textures/T_Perlin_Noise_M.uasset" 3776
"X:/Unreal Projects/Momentum/Momentum/Content/M_Concrete_PouredCopy.uasset" 3777
"X:/Unreal Projects/Momentum/Momentum/Content/Levels/Levels/LevelBomb.umap" 3778
"X:/Unreal Projects/Momentum/Momentum/Content/Models/Geometry/FullPipeSegment.uasset" 3779
"C:/Users/dws24/AppData/Local/UnrealEngine/Common/DerivedDataCache/0/3/2/STATICMESH_9CE2B6FB46754B699726C4AA1515F12E_228332BAE0224DD294E232B87D83948FQU__B5857A661EBB532846E1CA47D136C30A7B0892B0.udd" 3780
"C:/Users/dws24/AppData/Local/UnrealEngine/Common/DerivedDataCache/3/1/8/PHYSX_A08609EF508D460CBB6710540B03AACF_PHYSXPC_4AAC57D44EDD0407B869ABA938F6CFD__D63281E34B4BE26864F2BCC4012B1D7008D1D840.udd" 3781
"C:/Users/dws24/AppData/Local/UnrealEngine/Common/DerivedDataCache/2/9/4/NAVCOLLISION_2983273BE5D6425391E8C0B3D1C0A55D_NAVCOLLISION_X_4AAC57D44EDD0407B__5DB3B8397226F35A2AA16E9A7337339004663454.udd" 3782
"../../../Engine/Plugins/Marketplace/NinjaCharacter/Content/StarterContent/Materials/M_Basic_Wall.uasset" 3783
"../../../Engine/Plugins/Marketplace/NinjaCharacter/Content/StarterContent/Shapes/Shape_Sphere.uasset" 3784
"C:/Users/dws24/AppData/Local/UnrealEngine/Common/DerivedDataCache/0/6/5/PHYSX_A08609EF508D460CBB6710540B03AACF_PHYSXPC_0F924BDA4771E8B102596ABD61DCFA0__6EA6AB59CF8FBD7E148EE161D4A353D2D47230AE.udd" 3785
"C:/Users/dws24/AppData/Local/UnrealEngine/Common/DerivedDataCache/8/8/4/PHYSX_A08609EF508D460CBB6710540B03AACF_PHYSXPC_0F924BDA4771E8B102596ABD61DCFA0__4DB1399E5173D90CF06595847D3BFAC845463B31.udd" 3786
"C:/Users/dws24/AppData/Local/UnrealEngine/Common/DerivedDataCache/3/1/1/PHYSX_A08609EF508D460CBB6710540B03AACF_PHYSXPC_0F924BDA4771E8B102596ABD61DCFA0__57AC458DE323D91196024C48E6367DA1B86553BA.udd" 3787
"C:/Users/dws24/AppData/Local/UnrealEngine/Common/DerivedDataCache/0/9/2/PHYSX_A08609EF508D460CBB6710540B03AACF_PHYSXPC_0F924BDA4771E8B102596ABD61DCFA0__57C16C553BC7C41C6C20B287F84D883931CA888A.udd" 3788
"C:/Users/dws24/AppData/Local/UnrealEngine/Common/DerivedDataCache/6/5/5/PHYSX_A08609EF508D460CBB6710540B03AACF_PHYSXPC_0F924BDA4771E8B102596ABD61DCFA0__6F44C204A5B54401E0903063F23F67D4798956B6.udd" 3789
"C:/Users/dws24/AppData/Local/UnrealEngine/Common/DerivedDataCache/4/1/7/PHYSX_A08609EF508D460CBB6710540B03AACF_PHYSXPC_0F924BDA4771E8B102596ABD61DCFA0__0B8B6E9AB065751E7628FEE1D52689BDAD7B0109.udd" 3790
"C:/Users/dws24/AppData/Local/UnrealEngine/Common/DerivedDataCache/2/6/5/PHYSX_A08609EF508D460CBB6710540B03AACF_PHYSXPC_0F924BDA4771E8B102596ABD61DCFA0__7B3C791C8258900B9DC952EC297C55625821F0C5.udd" 3791
"C:/Users/dws24/AppData/Local/UnrealEngine/Common/DerivedDataCache/7/7/9/PHYSX_A08609EF508D460CBB6710540B03AACF_PHYSXPC_0F924BDA4771E8B102596ABD61DCFA0__D50E33AD49703A03906353BE6438A9B50AD1A261.udd" 3792
"C:/Users/dws24/AppData/Local/UnrealEngine/Common/DerivedDataCache/9/0/8/PHYSX_A08609EF508D460CBB6710540B03AACF_PHYSXPC_0F924BDA4771E8B102596ABD61DCFA0__82D2ABEEE0772EC5368018C2AD27895430CDF2CF.udd" 3793
"C:/Users/dws24/AppData/Local/UnrealEngine/Common/DerivedDataCache/5/6/6/PHYSX_A08609EF508D460CBB6710540B03AACF_PHYSXPC_0F924BDA4771E8B102596ABD61DCFA0__DD3F9B62542E93A2398A0F120091C0D1E32D1AE3.udd" 3794
"C:/Users/dws24/AppData/Local/UnrealEngine/Common/DerivedDataCache/3/3/2/PHYSX_A08609EF508D460CBB6710540B03AACF_PHYSXPC_0F924BDA4771E8B102596ABD61DCFA0__B71F80050E3739A207724E241B7CA3F66B03B4FE.udd" 3795
"C:/Users/dws24/AppData/Local/UnrealEngine/Common/DerivedDataCache/8/9/6/PHYSX_A08609EF508D460CBB6710540B03AACF_PHYSXPC_0F924BDA4771E8B102596ABD61DCFA0__1C278C48A88C31F3CDB6AB95C70945392B60AB5A.udd" 3796
"C:/Users/dws24/AppData/Local/UnrealEngine/Common/DerivedDataCache/2/1/7/PHYSX_A08609EF508D460CBB6710540B03AACF_PHYSXPC_0F924BDA4771E8B102596ABD61DCFA0__5281F71187EEBEF0DC67B17B4287FADE38889D12.udd" 3797
"C:/Users/dws24/AppData/Local/UnrealEngine/Common/DerivedDataCache/8/6/5/PHYSX_A08609EF508D460CBB6710540B03AACF_PHYSXPC_0F924BDA4771E8B102596ABD61DCFA0__7D216A174DF4F5135044B66983860E37C76E9C1C.udd" 3798
"C:/Users/dws24/AppData/Local/UnrealEngine/Common/DerivedDataCache/7/5/2/PHYSX_A08609EF508D460CBB6710540B03AACF_PHYSXPC_0F924BDA4771E8B102596ABD61DCFA0__B375E350D4E5C8BDB7DD7914D39C12B1B3A5589C.udd" 3799
"C:/Users/dws24/AppData/Local/UnrealEngine/Common/DerivedDataCache/8/7/4/PHYSX_A08609EF508D460CBB6710540B03AACF_PHYSXPC_BCF4A6B541A210D31F595E88A19BB48__485F6F3FC6D472D98353D6B92EE97F87EC6EF285.udd" 3800
"C:/Users/dws24/AppData/Local/UnrealEngine/Common/DerivedDataCache/0/2/7/PHYSX_A08609EF508D460CBB6710540B03AACF_PHYSXPC_BCF4A6B541A210D31F595E88A19BB48__EB77BA16EC4180E1C3AADF80E057506697291297.udd" 3801
"C:/Users/dws24/AppData/Local/UnrealEngine/Common/DerivedDataCache/1/0/5/PHYSX_A08609EF508D460CBB6710540B03AACF_PHYSXPC_BCF4A6B541A210D31F595E88A19BB48__8EE0FCC8AF755362EDFC43A74AFE046BFF4AE2E4.udd" 3802
"C:/Users/dws24/AppData/Local/UnrealEngine/Common/DerivedDataCache/3/6/9/PHYSX_A08609EF508D460CBB6710540B03AACF_PHYSXPC_BCF4A6B541A210D31F595E88A19BB48__42A70B0BD111F9A759592F26820F5117382CF3E3.udd" 3803
"C:/Users/dws24/AppData/Local/UnrealEngine/Common/DerivedDataCache/9/8/4/PHYSX_A08609EF508D460CBB6710540B03AACF_PHYSXPC_BCF4A6B541A210D31F595E88A19BB48__ABC7BB0660E331E2F08231ED2C844CF832299137.udd" 3804
"C:/Users/dws24/AppData/Local/UnrealEngine/Common/DerivedDataCache/6/4/4/PHYSX_A08609EF508D460CBB6710540B03AACF_PHYSXPC_BCF4A6B541A210D31F595E88A19BB48__8025E5E9074C505326B4AE265E2369DCFF925D4C.udd" 3805
"C:/Users/dws24/AppData/Local/UnrealEngine/Common/DerivedDataCache/2/1/1/PHYSX_A08609EF508D460CBB6710540B03AACF_PHYSXPC_BCF4A6B541A210D31F595E88A19BB48__292EFB722D8A19025D50ABE7D453456560EF7839.udd" 3806
"C:/Users/dws24/AppData/Local/UnrealEngine/Common/DerivedDataCache/7/4/7/PHYSX_A08609EF508D460CBB6710540B03AACF_PHYSXPC_BCF4A6B541A210D31F595E88A19BB48__0354423FDA3A62BCDE704975B1B9B8BE14B5D3F3.udd" 3807
"C:/Users/dws24/AppData/Local/UnrealEngine/Common/DerivedDataCache/3/4/4/PHYSX_A08609EF508D460CBB6710540B03AACF_PHYSXPC_BCF4A6B541A210D31F595E88A19BB48__CECDC86FED9930F9BA75EF218C148D90A4249AEB.udd" 3808
"C:/Users/dws24/AppData/Local/UnrealEngine/Common/DerivedDataCache/5/5/1/PHYSX_A08609EF508D460CBB6710540B03AACF_PHYSXPC_BCF4A6B541A210D31F595E88A19BB48__A8BAFAE682B860E97C036D7CC2F206ED77BF8AEA.udd" 3809
"C:/Users/dws24/AppData/Local/UnrealEngine/Common/DerivedDataCache/6/7/8/PHYSX_A08609EF508D460CBB6710540B03AACF_PHYSXPC_BCF4A6B541A210D31F595E88A19BB48__C599AC83543441F4509BE8630CEFF85296B61E5C.udd" 3810
"C:/Users/dws24/AppData/Local/UnrealEngine/Common/DerivedDataCache/3/4/3/PHYSX_A08609EF508D460CBB6710540B03AACF_PHYSXPC_BCF4A6B541A210D31F595E88A19BB48__0A9C984D7BFAA923F07AA59D9655195A8A13D4BC.udd" 3811
"C:/Users/dws24/AppData/Local/UnrealEngine/Common/DerivedDataCache/0/0/2/PHYSX_A08609EF508D460CBB6710540B03AACF_PHYSXPC_BCF4A6B541A210D31F595E88A19BB48__096060FD690B7CF7BD24AC82A79EA114EADD8F66.udd" 3812
"C:/Users/dws24/AppData/Local/UnrealEngine/Common/DerivedDataCache/8/6/3/PHYSX_A08609EF508D460CBB6710540B03AACF_PHYSXPC_BCF4A6B541A210D31F595E88A19BB48__F7A898C4C0FBC8737C8B6F307FF4CDB2B4B76FA0.udd" 3813
"C:/Users/dws24/AppData/Local/UnrealEngine/Common/DerivedDataCache/1/6/2/PHYSX_A08609EF508D460CBB6710540B03AACF_PHYSXPC_BCF4A6B541A210D31F595E88A19BB48__3DD83DA886BF1D29A213C7BCF141B750E76D0DBA.udd" 3814
"C:/Users/dws24/AppData/Local/UnrealEngine/Common/DerivedDataCache/0/5/3/PHYSX_A08609EF508D460CBB6710540B03AACF_PHYSXPC_BCF4A6B541A210D31F595E88A19BB48__A34CEB9F957EA594A60BF0612C91EA3A39212D69.udd" 3815
"C:/Users/dws24/AppData/Local/UnrealEngine/Common/DerivedDataCache/9/6/1/PHYSX_A08609EF508D460CBB6710540B03AACF_PHYSXPC_BCF4A6B541A210D31F595E88A19BB48__EEA2DAB6E2ECB878E93E1E872310144681686BFC.udd" 3816
"C:/Users/dws24/AppData/Local/UnrealEngine/Common/DerivedDataCache/9/1/6/PHYSX_A08609EF508D460CBB6710540B03AACF_PHYSXPC_BCF4A6B541A210D31F595E88A19BB48__DB65CA7B3E6F8558F418FDCD98B328D58D3D49A8.udd" 3817
"C:/Users/dws24/AppData/Local/UnrealEngine/Common/DerivedDataCache/7/8/9/PHYSX_A08609EF508D460CBB6710540B03AACF_PHYSXPC_BCF4A6B541A210D31F595E88A19BB48__9AECB45E33584EABC6E3E6A42A351A22D784BDB4.udd" 3818
"C:/Users/dws24/AppData/Local/UnrealEngine/Common/DerivedDataCache/3/5/6/PHYSX_A08609EF508D460CBB6710540B03AACF_PHYSXPC_BCF4A6B541A210D31F595E88A19BB48__D8A0738B1E4216819E6C5C9EE4EF441D960235A2.udd" 3819
"C:/Users/dws24/AppData/Local/UnrealEngine/Common/DerivedDataCache/5/7/6/PHYSX_A08609EF508D460CBB6710540B03AACF_PHYSXPC_BCF4A6B541A210D31F595E88A19BB48__8E14A7394FCE4E83AD3A9FE460DE8B323508EBA5.udd" 3820
"C:/Users/dws24/AppData/Local/UnrealEngine/Common/DerivedDataCache/0/0/7/PHYSX_A08609EF508D460CBB6710540B03AACF_PHYSXPC_BCF4A6B541A210D31F595E88A19BB48__52AE74137996FEF6E140ABF14D54D63AE3815784.udd" 3821
"C:/Users/dws24/AppData/Local/UnrealEngine/Common/DerivedDataCache/0/0/7/PHYSX_A08609EF508D460CBB6710540B03AACF_PHYSXPC_BCF4A6B541A210D31F595E88A19BB48__99F9334830FA3855FED363D5E4F740D6852BC839.udd" 3822
"C:/Users/dws24/AppData/Local/UnrealEngine/Common/DerivedDataCache/9/7/8/PHYSX_A08609EF508D460CBB6710540B03AACF_PHYSXPC_BCF4A6B541A210D31F595E88A19BB48__56D8E03998FF8AE76DCB1356D077861099963D6B.udd" 3823
"C:/Users/dws24/AppData/Local/UnrealEngine/Common/DerivedDataCache/2/4/3/PHYSX_A08609EF508D460CBB6710540B03AACF_PHYSXPC_BCF4A6B541A210D31F595E88A19BB48__60D402CAB1B37485136EBBA36259C7E76E96EDBD.udd" 3824
"C:/Users/dws24/AppData/Local/UnrealEngine/Common/DerivedDataCache/9/0/5/PHYSX_A08609EF508D460CBB6710540B03AACF_PHYSXPC_BCF4A6B541A210D31F595E88A19BB48__26E22748EE487A9820573D66CEF443327CAF6C82.udd" 3825
"C:/Users/dws24/AppData/Local/UnrealEngine/Common/DerivedDataCache/5/2/3/PHYSX_A08609EF508D460CBB6710540B03AACF_PHYSXPC_BCF4A6B541A210D31F595E88A19BB48__F04EAF72B98D7F85236AE145AABD03B7B5483E4F.udd" 3826
"C:/Users/dws24/AppData/Local/UnrealEngine/Common/DerivedDataCache/7/2/2/PHYSX_A08609EF508D460CBB6710540B03AACF_PHYSXPC_BCF4A6B541A210D31F595E88A19BB48__9B9266C2C06C96CEB77D7DDDEB6E2E78CEA58F73.udd" 3827
"C:/Users/dws24/AppData/Local/UnrealEngine/Common/DerivedDataCache/6/9/0/PHYSX_A08609EF508D460CBB6710540B03AACF_PHYSXPC_BCF4A6B541A210D31F595E88A19BB48__ECE6CA30B658FBA5E188D9EC2500CA581BDFCE57.udd" 3828
"C:/Users/dws24/AppData/Local/UnrealEngine/Common/DerivedDataCache/6/8/9/PHYSX_A08609EF508D460CBB6710540B03AACF_PHYSXPC_BCF4A6B541A210D31F595E88A19BB48__2DA1ABBC1F7540DC99521F52C672B49BDE2B9CCF.udd" 3829
"C:/Users/dws24/AppData/Local/UnrealEngine/Common/DerivedDataCache/7/0/8/PHYSX_A08609EF508D460CBB6710540B03AACF_PHYSXPC_BCF4A6B541A210D31F595E88A19BB48__7D300FF44FF6E22E0852801772255AD5BE81A752.udd" 3830
"C:/Users/dws24/AppData/Local/UnrealEngine/Common/DerivedDataCache/2/1/7/PHYSX_A08609EF508D460CBB6710540B03AACF_PHYSXPC_BCF4A6B541A210D31F595E88A19BB48__DA1A1BDF9B9B79904F4B839A4C0EEA613A4F47C1.udd" 3831
"C:/Users/dws24/AppData/Local/UnrealEngine/Common/DerivedDataCache/4/8/7/PHYSX_A08609EF508D460CBB6710540B03AACF_PHYSXPC_BCF4A6B541A210D31F595E88A19BB48__064C6DC056807FAD6B437BF2B9097A2EA530F3EA.udd" 3832
"C:/Users/dws24/AppData/Local/UnrealEngine/Common/DerivedDataCache/9/3/3/PHYSX_A08609EF508D460CBB6710540B03AACF_PHYSXPC_BCF4A6B541A210D31F595E88A19BB48__5488F371B11EC6FA101F765F44708B2D2704ADC1.udd" 3833
"C:/Users/dws24/AppData/Local/UnrealEngine/Common/DerivedDataCache/4/6/2/PHYSX_A08609EF508D460CBB6710540B03AACF_PHYSXPC_BCF4A6B541A210D31F595E88A19BB48__9522BD05ECDFA527796A6DEE895F0B0E003CB8A9.udd" 3834
"C:/Users/dws24/AppData/Local/UnrealEngine/Common/DerivedDataCache/9/0/7/PHYSX_A08609EF508D460CBB6710540B03AACF_PHYSXPC_BCF4A6B541A210D31F595E88A19BB48__1DD9F989E4762AE53DD6693451A196017C703C65.udd" 3835
"C:/Users/dws24/AppData/Local/UnrealEngine/Common/DerivedDataCache/0/2/6/PHYSX_A08609EF508D460CBB6710540B03AACF_PHYSXPC_BCF4A6B541A210D31F595E88A19BB48__94A537131416DAB90AC23AB5C41508A5AC584236.udd" 3836
"C:/Users/dws24/AppData/Local/UnrealEngine/Common/DerivedDataCache/7/3/2/PHYSX_A08609EF508D460CBB6710540B03AACF_PHYSXPC_BCF4A6B541A210D31F595E88A19BB48__EFC87B713DFDE5FB238A851B93A30DBCFF246596.udd" 3837
"C:/Users/dws24/AppData/Local/UnrealEngine/Common/DerivedDataCache/5/7/7/PHYSX_A08609EF508D460CBB6710540B03AACF_PHYSXPC_BCF4A6B541A210D31F595E88A19BB48__82DCDFE139C68A0525E77C8696FBEC69733DB219.udd" 3838
"C:/Users/dws24/AppData/Local/UnrealEngine/Common/DerivedDataCache/7/3/7/PHYSX_A08609EF508D460CBB6710540B03AACF_PHYSXPC_BCF4A6B541A210D31F595E88A19BB48__472CF6D784CFB6DC9E31E8981E1F38D2AD978963.udd" 3839
"C:/Users/dws24/AppData/Local/UnrealEngine/Common/DerivedDataCache/5/5/5/PHYSX_A08609EF508D460CBB6710540B03AACF_PHYSXPC_BCF4A6B541A210D31F595E88A19BB48__40D36A09705EDA8209741546180B1C475958C104.udd" 3840
"C:/Users/dws24/AppData/Local/UnrealEngine/Common/DerivedDataCache/1/8/9/PHYSX_A08609EF508D460CBB6710540B03AACF_PHYSXPC_BCF4A6B541A210D31F595E88A19BB48__6755794E65C29E111236454667455336D515FE4F.udd" 3841
"C:/Users/dws24/AppData/Local/UnrealEngine/Common/DerivedDataCache/1/0/9/PHYSX_A08609EF508D460CBB6710540B03AACF_PHYSXPC_BCF4A6B541A210D31F595E88A19BB48__326DE16F9B4CB9EBF2172A8AF91AC0686C993BD2.udd" 3842
"C:/Users/dws24/AppData/Local/UnrealEngine/Common/DerivedDataCache/5/0/3/PHYSX_A08609EF508D460CBB6710540B03AACF_PHYSXPC_BCF4A6B541A210D31F595E88A19BB48__E8F120EDFD75DF235440A22FEF4CF48F5A2041A9.udd" 3843
"C:/Users/dws24/AppData/Local/UnrealEngine/Common/DerivedDataCache/4/3/9/PHYSX_A08609EF508D460CBB6710540B03AACF_PHYSXPC_BCF4A6B541A210D31F595E88A19BB48__21E73330E76A17D6270E57B4D6C8E8E9A16F52D5.udd" 3844
"C:/Users/dws24/AppData/Local/UnrealEngine/Common/DerivedDataCache/2/8/0/PHYSX_A08609EF508D460CBB6710540B03AACF_PHYSXPC_BCF4A6B541A210D31F595E88A19BB48__11D6F28CC9FEC9F2C48FC80DFDE81538A87BA477.udd" 3845
"C:/Users/dws24/AppData/Local/UnrealEngine/Common/DerivedDataCache/1/8/7/PHYSX_A08609EF508D460CBB6710540B03AACF_PHYSXPC_BCF4A6B541A210D31F595E88A19BB48__570D6C7027F95E76A07E2C68391B062F09E76899.udd" 3846
"C:/Users/dws24/AppData/Local/UnrealEngine/Common/DerivedDataCache/2/4/8/PHYSX_A08609EF508D460CBB6710540B03AACF_PHYSXPC_BCF4A6B541A210D31F595E88A19BB48__EB09A902FBA786C0B6B5F8DAE681C47909E01A6F.udd" 3847
"X:/Unreal Projects/Momentum/Momentum/Content/Experimental/ConfidenceGhost.uasset" 3848
"X:/Unreal Projects/Momentum/Momentum/Content/Experimental/BlackHole.uasset" 3849
"X:/Unreal Projects/Momentum/Momentum/Content/Models/Geometry/HalfPipeTexture.uasset" 3850
"X:/Unreal Projects/Momentum/Momentum/Content/Models/Geometry/HalfPipeMat.uasset" 3851
"X:/Unreal Projects/Momentum/Momentum/Content/Models/Geometry/Fence/FenceCollision.uasset" 3852
"C:/Users/dws24/AppData/Local/UnrealEngine/Common/DerivedDataCache/7/3/3/STATICMESH_9CE2B6FB46754B699726C4AA1515F12E_228332BAE0224DD294E232B87D83948FQU__15A5F722F68C7F3B3E8E2C6530CE3E57615FCA40.udd" 3853
"C:/Users/dws24/AppData/Local/UnrealEngine/Common/DerivedDataCache/6/5/5/PHYSX_A08609EF508D460CBB6710540B03AACF_PHYSXPC_665E8C304AB07D3B736D99B5E411F48__3DEDFA0DDE3222DE8FA40D74027E592825D7B0C7.udd" 3854
"C:/Users/dws24/AppData/Local/UnrealEngine/Common/DerivedDataCache/2/1/8/NAVCOLLISION_2983273BE5D6425391E8C0B3D1C0A55D_NAVCOLLISION_X_665E8C304AB07D3B7__EE745BFB803F5F58ED4D7AA99F81A153AA8B93CF.udd" 3855
"C:/Users/dws24/AppData/Local/UnrealEngine/Common/DerivedDataCache/6/4/2/STATICMESH_9CE2B6FB46754B699726C4AA1515F12E_228332BAE0224DD294E232B87D83948FQU__8964D6B5909EB06FF6043B320C0EE01B825FF0C4.udd" 3856
"C:/Users/dws24/AppData/Local/UnrealEngine/Common/DerivedDataCache/0/6/9/PHYSX_A08609EF508D460CBB6710540B03AACF_PHYSXPC_5271D1124DB82D3F6434DBB8DA083F8__8AC51D767BE42A1E1AA02E5BCDC1F7670932EC25.udd" 3857
"C:/Users/dws24/AppData/Local/UnrealEngine/Common/DerivedDataCache/8/1/7/NAVCOLLISION_2983273BE5D6425391E8C0B3D1C0A55D_NAVCOLLISION_X_5271D1124DB82D3F6__DF39862759CD218E7D5EAEE250CFBA9A7BA7F206.udd" 3858
"X:/Unreal Projects/Momentum/Momentum/Content/Models/Geometry/SkateTrackSegments_HalfPipePlane.uasset" 3859
"X:/Unreal Projects/Momentum/Momentum/Content/AirBoostTexture.uasset" 3860
"X:/Unreal Projects/Momentum/Momentum/Content/BoostTexture_MatReversed.uasset" 3861
"X:/Unreal Projects/Momentum/Momentum/Content/Models/AirBooster.uasset" 3862
"X:/Unreal Projects/Momentum/Momentum/Content/BoostTexture_Mat.uasset" 3863
"X:/Unreal Projects/Momentum/Momentum/Content/BoostPad.uasset" 3864
"X:/Unreal Projects/Momentum/Momentum/Content/Levels/Levels/LevelConfidence.umap" 3865
"../../../Engine/Content/VREditor/Sounds/UI/Camera_Shutter.uasset" 3866
"C:/Users/dws24/AppData/Local/UnrealEngine/Common/DerivedDataCache/5/1/1/PHYSX_A08609EF508D460CBB6710540B03AACF_PHYSXPC_0F924BDA4771E8B102596ABD61DCFA0__91B99849B1760A241D4A83C547CC28A822D26CDC.udd" 3867
"C:/Users/dws24/AppData/Local/UnrealEngine/Common/DerivedDataCache/0/5/1/PHYSX_A08609EF508D460CBB6710540B03AACF_PHYSXPC_0F924BDA4771E8B102596ABD61DCFA0__7096C9E2AAA2E3EB9229B46FD9CA7FC5AD23AABF.udd" 3868
"C:/Users/dws24/AppData/Local/UnrealEngine/Common/DerivedDataCache/7/6/1/PHYSX_A08609EF508D460CBB6710540B03AACF_PHYSXPC_0F924BDA4771E8B102596ABD61DCFA0__7536CC54CBBAA3F3DEA2B643C056BBEA5BEA1ADE.udd" 3869
"C:/Users/dws24/AppData/Local/UnrealEngine/Common/DerivedDataCache/2/6/9/PHYSX_A08609EF508D460CBB6710540B03AACF_PHYSXPC_0F924BDA4771E8B102596ABD61DCFA0__4274FD8D24D0A2CD15512FB037154E9C0D61A4F0.udd" 3870
"C:/Users/dws24/AppData/Local/UnrealEngine/Common/DerivedDataCache/2/5/4/PHYSX_A08609EF508D460CBB6710540B03AACF_PHYSXPC_0F924BDA4771E8B102596ABD61DCFA0__A284A831A6792751AF64ADD00B7D706AC9088C5E.udd" 3871
"C:/Users/dws24/AppData/Local/UnrealEngine/Common/DerivedDataCache/1/8/3/PHYSX_A08609EF508D460CBB6710540B03AACF_PHYSXPC_BCF4A6B541A210D31F595E88A19BB48__C1C1EF5EE4CA2789F85176C04BFC93B7C7CFCB2D.udd" 3872
"C:/Users/dws24/AppData/Local/UnrealEngine/Common/DerivedDataCache/7/2/8/PHYSX_A08609EF508D460CBB6710540B03AACF_PHYSXPC_BCF4A6B541A210D31F595E88A19BB48__A122DCA42A3506A5C6D894BBB15B34B7267A88C2.udd" 3873
"C:/Users/dws24/AppData/Local/UnrealEngine/Common/DerivedDataCache/6/3/1/PHYSX_A08609EF508D460CBB6710540B03AACF_PHYSXPC_BCF4A6B541A210D31F595E88A19BB48__1FF681481CA8E41B958BB984DFBCFA6E1C8D4336.udd" 3874
"C:/Users/dws24/AppData/Local/UnrealEngine/Common/DerivedDataCache/2/8/1/PHYSX_A08609EF508D460CBB6710540B03AACF_PHYSXPC_BCF4A6B541A210D31F595E88A19BB48__B7EB0669203EC9A627461FB36C14DA7AAC3AF72B.udd" 3875
"C:/Users/dws24/AppData/Local/UnrealEngine/Common/DerivedDataCache/4/0/2/PHYSX_A08609EF508D460CBB6710540B03AACF_PHYSXPC_BCF4A6B541A210D31F595E88A19BB48__9415889129398B44983BA43A3D00A11AF5683779.udd" 3876
"C:/Users/dws24/AppData/Local/UnrealEngine/Common/DerivedDataCache/6/2/8/PHYSX_A08609EF508D460CBB6710540B03AACF_PHYSXPC_BCF4A6B541A210D31F595E88A19BB48__7B66DB4DA6FC97637AC6E0E72B599139263CF7D8.udd" 3877
"C:/Users/dws24/AppData/Local/UnrealEngine/Common/DerivedDataCache/2/3/4/PHYSX_A08609EF508D460CBB6710540B03AACF_PHYSXPC_BCF4A6B541A210D31F595E88A19BB48__A645F11D4FC13436F6525CFFFA84A273D3260045.udd" 3878
"C:/Users/dws24/AppData/Local/UnrealEngine/Common/DerivedDataCache/9/6/9/PHYSX_A08609EF508D460CBB6710540B03AACF_PHYSXPC_BCF4A6B541A210D31F595E88A19BB48__31C3436168E09E9360D5D01A9CD3EEA39CDA9672.udd" 3879
"C:/Users/dws24/AppData/Local/UnrealEngine/Common/DerivedDataCache/2/6/3/PHYSX_A08609EF508D460CBB6710540B03AACF_PHYSXPC_BCF4A6B541A210D31F595E88A19BB48__CFF5C30B4A1774B5580098EFDCB85DF3B871EB12.udd" 3880
"C:/Users/dws24/AppData/Local/UnrealEngine/Common/DerivedDataCache/6/2/8/PHYSX_A08609EF508D460CBB6710540B03AACF_PHYSXPC_BCF4A6B541A210D31F595E88A19BB48__C91A6A64FF5132729FB8611E550C38910D42ED10.udd" 3881
"C:/Users/dws24/AppData/Local/UnrealEngine/Common/DerivedDataCache/3/3/7/PHYSX_A08609EF508D460CBB6710540B03AACF_PHYSXPC_BCF4A6B541A210D31F595E88A19BB48__6D6BA0C2F58A0CEBB8CE17D505751B385647D1BD.udd" 3882
"X:/Unreal Projects/Momentum/Momentum/Content/Experimental/RestartLevelInterface.uasset" 3883
"C:/Users/dws24/AppData/Local/UnrealEngine/Common/DerivedDataCache/4/0/6/STATICMESH_9CE2B6FB46754B699726C4AA1515F12E_228332BAE0224DD294E232B87D83948FQU__FEC653FCF8AD9683CFD06ABF7688785232B351A4.udd" 3884
"C:/Users/dws24/AppData/Local/UnrealEngine/Common/DerivedDataCache/0/9/8/PHYSX_A08609EF508D460CBB6710540B03AACF_PHYSXPC_8F66D0D74C16B69CF867B29E74CA79B__933FC29376EEA88DA3DD5609788A083D91696A0F.udd" 3885
"C:/Users/dws24/AppData/Local/UnrealEngine/Common/DerivedDataCache/5/7/2/NAVCOLLISION_2983273BE5D6425391E8C0B3D1C0A55D_NAVCOLLISION_X_8F66D0D74C16B69CF__D9F1CD9221CDDFD62797DA6B24D08A19A003DBDE.udd" 3886
"X:/Unreal Projects/Momentum/Momentum/Content/Experimental/RestartLevelComponent.uasset" 3887
"X:/Unreal Projects/Momentum/Momentum/Content/Experimental/CameraFlash.uasset" 3888
"C:/Users/dws24/AppData/Local/UnrealEngine/Common/DerivedDataCache/2/7/6/STATICMESH_9CE2B6FB46754B699726C4AA1515F12E_228332BAE0224DD294E232B87D83948FQU__043AB85C355B2B8BBC4E42E88C699B1C349604B1.udd" 3889
"C:/Users/dws24/AppData/Local/UnrealEngine/Common/DerivedDataCache/3/4/5/PHYSX_A08609EF508D460CBB6710540B03AACF_PHYSXPC_25098840450940CDFBA4C291C9B0974__9FC80EA3A7400B53FD8F3DE8E84B2882A266F3A3.udd" 3890
"C:/Users/dws24/AppData/Local/UnrealEngine/Common/DerivedDataCache/6/4/2/NAVCOLLISION_2983273BE5D6425391E8C0B3D1C0A55D_NAVCOLLISION_X_25098840450940CDF__352648559B88335FB606A126C1CFF1FDFAF3FA63.udd" 3891
"X:/Unreal Projects/Momentum/Momentum/Content/Experimental/SpeedTrap.uasset" 3892
"X:/Unreal Projects/Momentum/Momentum/Content/Art/RTPressed.uasset" 3893
"X:/Unreal Projects/Momentum/Momentum/Content/Levels/Levels/LevelTraps.umap" 3894
"X:/Unreal Projects/Momentum/Momentum/Content/StarterContent/Materials/M_Basic_Wall.uasset" 3895
"X:/Unreal Projects/Momentum/Momentum/Content/StarterContent/Shapes/Shape_Sphere.uasset" 3896
"C:/Users/dws24/AppData/Local/UnrealEngine/Common/DerivedDataCache/6/4/6/STATICMESH_9CE2B6FB46754B699726C4AA1515F12E_228332BAE0224DD294E232B87D83948FQU__F00846DCF9E1BA20AFEB0A84FAAFE42494B6C16F.udd" 3897
"C:/Users/dws24/AppData/Local/UnrealEngine/Common/DerivedDataCache/9/3/0/PHYSX_A08609EF508D460CBB6710540B03AACF_PHYSXPC_8CACEC0F413E2AD400E7F6BCB9BC4E5__16467A3B5657D3B580646959F380FE9FE773CC0D.udd" 3898
"C:/Users/dws24/AppData/Local/UnrealEngine/Common/DerivedDataCache/5/6/1/NAVCOLLISION_2983273BE5D6425391E8C0B3D1C0A55D_NAVCOLLISION_X_8CACEC0F413E2AD40__5C773C4C7F7A5D7EA7AEA0CC2535BC69E0690652.udd" 3899
"X:/Unreal Projects/Momentum/Momentum/Content/Experimental/DebugTeleporter.uasset" 3900
"X:/Unreal Projects/Momentum/Momentum/Content/Levels/Levels/LevelTriggers.umap" 3901
"C:/Users/dws24/AppData/Local/UnrealEngine/Common/DerivedDataCache/3/6/1/STATICMESH_9CE2B6FB46754B699726C4AA1515F12E_228332BAE0224DD294E232B87D83948FQU__4382523919642578727DE4F00ED053398E011704.udd" 3902
"C:/Users/dws24/AppData/Local/UnrealEngine/Common/DerivedDataCache/5/4/3/PHYSX_A08609EF508D460CBB6710540B03AACF_PHYSXPC_D70992074D3F62A7C4F5F7A95DE3FEB__9ACA41178995B88D9C9C683627B28CDC65520D00.udd" 3903
"C:/Users/dws24/AppData/Local/UnrealEngine/Common/DerivedDataCache/3/7/4/NAVCOLLISION_2983273BE5D6425391E8C0B3D1C0A55D_NAVCOLLISION_X_D70992074D3F62A7C__8F32D26F6B18C72544D2DBAA0B49DD240053CB0E.udd" 3904
"X:/Unreal Projects/Momentum/Momentum/Content/Models/Capture.uasset" 3905
"X:/Unreal Projects/Momentum/Momentum/Content/Models/Capture_Mat.uasset" 3906
"../../../Engine/Content/MapTemplates/Materials/BasicAsset01.uasset" 3907
"X:/Unreal Projects/Momentum/Momentum/Content/Levels/Levels/LevelSpeed_2.umap" 3908
"C:/Users/dws24/AppData/Local/UnrealEngine/Common/DerivedDataCache/9/4/3/PHYSX_A08609EF508D460CBB6710540B03AACF_PHYSXPC_8F66D0D74C16B69CF867B29E74CA79B__56A815ECBB6F17A604A62B47A3DA6B161CEB345C.udd" 3909
"C:/Users/dws24/AppData/Local/UnrealEngine/Common/DerivedDataCache/1/1/1/PHYSX_A08609EF508D460CBB6710540B03AACF_PHYSXPC_0F924BDA4771E8B102596ABD61DCFA0__87A1A3571D7E8E933580A6E2C64FDBDE4BB2C64C.udd" 3910
"C:/Users/dws24/AppData/Local/UnrealEngine/Common/DerivedDataCache/7/3/7/PHYSX_A08609EF508D460CBB6710540B03AACF_PHYSXPC_0F924BDA4771E8B102596ABD61DCFA0__F54D7C5085B10386CBF0A4C3DEA8A947E1FA2260.udd" 3911
"C:/Users/dws24/AppData/Local/UnrealEngine/Common/DerivedDataCache/8/7/0/PHYSX_A08609EF508D460CBB6710540B03AACF_PHYSXPC_0F924BDA4771E8B102596ABD61DCFA0__1AB35C7CBED027316850FCDBDB2D8789FB2FA760.udd" 3912
"C:/Users/dws24/AppData/Local/UnrealEngine/Common/DerivedDataCache/1/2/6/PHYSX_A08609EF508D460CBB6710540B03AACF_PHYSXPC_0F924BDA4771E8B102596ABD61DCFA0__A583C0D34C1A4873099381714794B47B0A18C366.udd" 3913
"C:/Users/dws24/AppData/Local/UnrealEngine/Common/DerivedDataCache/2/5/9/PHYSX_A08609EF508D460CBB6710540B03AACF_PHYSXPC_0F924BDA4771E8B102596ABD61DCFA0__CF007EC5AF183A1DEFC0172028692CE1AF82744C.udd" 3914
"C:/Users/dws24/AppData/Local/UnrealEngine/Common/DerivedDataCache/7/5/0/PHYSX_A08609EF508D460CBB6710540B03AACF_PHYSXPC_0F924BDA4771E8B102596ABD61DCFA0__6E0B035764D421A73DF3B5AFB13E6997814D283C.udd" 3915
"C:/Users/dws24/AppData/Local/UnrealEngine/Common/DerivedDataCache/3/6/0/PHYSX_A08609EF508D460CBB6710540B03AACF_PHYSXPC_0F924BDA4771E8B102596ABD61DCFA0__988B5FE5913F41D30489A104DC80948606DFFA7F.udd" 3916
"C:/Users/dws24/AppData/Local/UnrealEngine/Common/DerivedDataCache/6/6/7/PHYSX_A08609EF508D460CBB6710540B03AACF_PHYSXPC_37E458A54C07A874F74A86B12C1A9969__1_0_0_0_3_13315_0.udd" 3917
"C:/Users/dws24/AppData/Local/UnrealEngine/Common/DerivedDataCache/3/9/8/PHYSX_A08609EF508D460CBB6710540B03AACF_PHYSXPC_8D08B5FB4D47F57A460023B6297302A2__1_0_0_0_3_13315_0.udd" 3918
"C:/Users/dws24/AppData/Local/UnrealEngine/Common/DerivedDataCache/4/0/4/PHYSX_A08609EF508D460CBB6710540B03AACF_PHYSXPC_1657AF9149EFBDA6D2170D906CA7182E__1_0_0_0_3_13315_0.udd" 3919
"C:/Users/dws24/AppData/Local/UnrealEngine/Common/DerivedDataCache/4/4/7/PHYSX_A08609EF508D460CBB6710540B03AACF_PHYSXPC_40E0E6B54D321193B381DA92B199780C__1_0_0_0_3_13315_0.udd" 3920
"C:/Users/dws24/AppData/Local/UnrealEngine/Common/DerivedDataCache/9/4/1/PHYSX_A08609EF508D460CBB6710540B03AACF_PHYSXPC_FCC81CCD476EAFFA660919900727E2A7__1_0_0_0_3_13315_0.udd" 3921
"C:/Users/dws24/AppData/Local/UnrealEngine/Common/DerivedDataCache/8/0/8/PHYSX_A08609EF508D460CBB6710540B03AACF_PHYSXPC_7F74827F465D63257186C98F2F11825C__1_0_0_0_3_13315_0.udd" 3922
"C:/Users/dws24/AppData/Local/UnrealEngine/Common/DerivedDataCache/8/1/6/PHYSX_A08609EF508D460CBB6710540B03AACF_PHYSXPC_428A61834D4C02B4864A55B92C1663B5__1_0_0_0_3_13315_0.udd" 3923
"C:/Users/dws24/AppData/Local/UnrealEngine/Common/DerivedDataCache/4/0/7/PHYSX_A08609EF508D460CBB6710540B03AACF_PHYSXPC_9638EA6F466C293173B2B7948329B3E9__1_0_0_0_3_13315_0.udd" 3924
"C:/Users/dws24/AppData/Local/UnrealEngine/Common/DerivedDataCache/7/0/1/PHYSX_A08609EF508D460CBB6710540B03AACF_PHYSXPC_BE53AA454EA9BE552567BDA49B759E37__1_0_0_0_3_13315_0.udd" 3925
"C:/Users/dws24/AppData/Local/UnrealEngine/Common/DerivedDataCache/0/3/1/PHYSX_A08609EF508D460CBB6710540B03AACF_PHYSXPC_7EAC802042D46E2C492FB1BABA3022DA__1_0_0_0_3_13315_0.udd" 3926
"C:/Users/dws24/AppData/Local/UnrealEngine/Common/DerivedDataCache/8/8/7/PHYSX_A08609EF508D460CBB6710540B03AACF_PHYSXPC_687B99154D42817AE3F0FBB6CA01DBD0__1_0_0_0_3_13315_0.udd" 3927
"C:/Users/dws24/AppData/Local/UnrealEngine/Common/DerivedDataCache/7/5/4/PHYSX_A08609EF508D460CBB6710540B03AACF_PHYSXPC_EC13096D44980969F66B52ADA4451185__1_0_0_0_3_13315_0.udd" 3928
"C:/Users/dws24/AppData/Local/UnrealEngine/Common/DerivedDataCache/4/8/5/PHYSX_A08609EF508D460CBB6710540B03AACF_PHYSXPC_8C917B8B42F5C2BCB0400D8CAE38C48F__1_0_0_0_3_13315_0.udd" 3929
"C:/Users/dws24/AppData/Local/UnrealEngine/Common/DerivedDataCache/9/6/9/PHYSX_A08609EF508D460CBB6710540B03AACF_PHYSXPC_6BA170894C8735B8D87096A997398029__1_0_0_0_3_13315_0.udd" 3930
"C:/Users/dws24/AppData/Local/UnrealEngine/Common/DerivedDataCache/3/1/2/PHYSX_A08609EF508D460CBB6710540B03AACF_PHYSXPC_7C68B7A54D7B4587D4C21A923BD66C2E__1_0_0_0_3_13315_0.udd" 3931
"C:/Users/dws24/AppData/Local/UnrealEngine/Common/DerivedDataCache/0/5/9/PHYSX_A08609EF508D460CBB6710540B03AACF_PHYSXPC_4307B8EF41A67994A79AC38BA619A60F__1_0_0_0_3_13315_0.udd" 3932
"C:/Users/dws24/AppData/Local/UnrealEngine/Common/DerivedDataCache/8/3/3/PHYSX_A08609EF508D460CBB6710540B03AACF_PHYSXPC_A5478254417E2C65B7DA3D879EE6DF24__1_0_0_0_3_13315_0.udd" 3933
"C:/Users/dws24/AppData/Local/UnrealEngine/Common/DerivedDataCache/8/3/3/PHYSX_A08609EF508D460CBB6710540B03AACF_PHYSXPC_A42C5BE34C60C9402F3D33BD89415D44__1_0_0_0_3_13315_0.udd" 3934
"C:/Users/dws24/AppData/Local/UnrealEngine/Common/DerivedDataCache/4/1/2/PHYSX_A08609EF508D460CBB6710540B03AACF_PHYSXPC_D930701B424C3EE45D6CAB8B9843EE59__1_0_0_0_3_13315_0.udd" 3935
"C:/Users/dws24/AppData/Local/UnrealEngine/Common/DerivedDataCache/7/5/7/PHYSX_A08609EF508D460CBB6710540B03AACF_PHYSXPC_6BFFD38740A1EA844A254EB3E84070A5__1_0_0_0_3_13315_0.udd" 3936
"C:/Users/dws24/AppData/Local/UnrealEngine/Common/DerivedDataCache/7/3/3/PHYSX_A08609EF508D460CBB6710540B03AACF_PHYSXPC_DD9A70E049AD2AD1E120B1BB3E5915B5__1_0_0_0_3_13315_0.udd" 3937
"C:/Users/dws24/AppData/Local/UnrealEngine/Common/DerivedDataCache/1/9/2/PHYSX_A08609EF508D460CBB6710540B03AACF_PHYSXPC_7C0F325E4E4473711C490E98E29C943E__1_0_0_0_3_13315_0.udd" 3938
"C:/Users/dws24/AppData/Local/UnrealEngine/Common/DerivedDataCache/3/1/0/PHYSX_A08609EF508D460CBB6710540B03AACF_PHYSXPC_5D7A89D848EA021253E1609B0F01FA61__1_0_0_0_3_13315_0.udd" 3939
"C:/Users/dws24/AppData/Local/UnrealEngine/Common/DerivedDataCache/4/6/3/PHYSX_A08609EF508D460CBB6710540B03AACF_PHYSXPC_14A561EE4DFB7599B53E4B8B555E6FD6__1_0_0_0_3_13315_0.udd" 3940
"C:/Users/dws24/AppData/Local/UnrealEngine/Common/DerivedDataCache/3/9/5/PHYSX_A08609EF508D460CBB6710540B03AACF_PHYSXPC_1092494F4282195BEF182FB4E5BE2084__1_0_0_0_3_13315_0.udd" 3941
"C:/Users/dws24/AppData/Local/UnrealEngine/Common/DerivedDataCache/1/0/3/PHYSX_A08609EF508D460CBB6710540B03AACF_PHYSXPC_ADA241A34CB44C077EE23B8F9B9F3D27__1_0_0_0_3_13315_0.udd" 3942
"C:/Users/dws24/AppData/Local/UnrealEngine/Common/DerivedDataCache/1/5/5/PHYSX_A08609EF508D460CBB6710540B03AACF_PHYSXPC_AF602E1A4EA89EEF86A083AF12BB7C9B__1_0_0_0_3_13315_0.udd" 3943
"C:/Users/dws24/AppData/Local/UnrealEngine/Common/DerivedDataCache/8/8/0/PHYSX_A08609EF508D460CBB6710540B03AACF_PHYSXPC_8E173B33498B0C71DAF915A134C4842F__1_0_0_0_3_13315_0.udd" 3944
"C:/Users/dws24/AppData/Local/UnrealEngine/Common/DerivedDataCache/2/3/4/PHYSX_A08609EF508D460CBB6710540B03AACF_PHYSXPC_B5F2F2354230F50784A80484C9416AD2__1_0_0_0_3_13315_0.udd" 3945
"C:/Users/dws24/AppData/Local/UnrealEngine/Common/DerivedDataCache/0/1/7/PHYSX_A08609EF508D460CBB6710540B03AACF_PHYSXPC_A6D9F4194AB03C0CAEC827ACFCB34933__1_0_0_0_3_13315_0.udd" 3946
"C:/Users/dws24/AppData/Local/UnrealEngine/Common/DerivedDataCache/1/0/8/PHYSX_A08609EF508D460CBB6710540B03AACF_PHYSXPC_F59D23124450552231E77795BA631E3E__1_0_0_0_3_13315_0.udd" 3947
"C:/Users/dws24/AppData/Local/UnrealEngine/Common/DerivedDataCache/5/5/1/PHYSX_A08609EF508D460CBB6710540B03AACF_PHYSXPC_9E14536442B7406172585D8056D37273__1_0_0_0_3_13315_0.udd" 3948
"C:/Users/dws24/AppData/Local/UnrealEngine/Common/DerivedDataCache/3/3/9/PHYSX_A08609EF508D460CBB6710540B03AACF_PHYSXPC_E1F7965E49DE7E3D3AD7E794D21653AD__1_0_0_0_3_13315_0.udd" 3949
"C:/Users/dws24/AppData/Local/UnrealEngine/Common/DerivedDataCache/1/5/6/PHYSX_A08609EF508D460CBB6710540B03AACF_PHYSXPC_05D3F68043DD51E008897394D1A94E7F__1_0_0_0_3_13315_0.udd" 3950
"C:/Users/dws24/AppData/Local/UnrealEngine/Common/DerivedDataCache/4/2/5/PHYSX_A08609EF508D460CBB6710540B03AACF_PHYSXPC_E973880B4E06029BF6454A897FDFA80B__1_0_0_0_2_13315_0.udd" 3951
"X:/Unreal Projects/Momentum/Momentum/Content/Models/Geometry/SkateTrackSegments3_LongFlatRamp.uasset" 3952
"X:/Unreal Projects/Momentum/Momentum/Content/TutGhost.uasset" 3953
"X:/Unreal Projects/Momentum/Momentum/Content/Levels/Levels/LevelStraight2.umap" 3954
"X:/Unreal Projects/Momentum/Momentum/Content/Models/Tracks/FlatTrackSegment.uasset" 3955
"X:/Unreal Projects/Momentum/Momentum/Content/Models/Tracks/Material_001.uasset" 3956
"X:/Unreal Projects/Momentum/Momentum/Content/Models/Tracks/Material_007.uasset" 3957
"C:/Users/dws24/AppData/Local/UnrealEngine/Common/DerivedDataCache/9/8/3/PHYSX_A08609EF508D460CBB6710540B03AACF_PHYSXPC_0F924BDA4771E8B102596ABD61DCFA0__279CA4650BAE667457D8330EB5BC115A889C0AD4.udd" 3958
"C:/Users/dws24/AppData/Local/UnrealEngine/Common/DerivedDataCache/1/1/0/PHYSX_A08609EF508D460CBB6710540B03AACF_PHYSXPC_0F924BDA4771E8B102596ABD61DCFA0__609E70447FE5E8E861C49A4B870C5EC1BA032BD4.udd" 3959
"C:/Users/dws24/AppData/Local/UnrealEngine/Common/DerivedDataCache/5/0/4/PHYSX_A08609EF508D460CBB6710540B03AACF_PHYSXPC_BCF4A6B541A210D31F595E88A19BB48__58F1088FF31C6955BCB8D9C322C9F50DE0B8E6E0.udd" 3960
"C:/Users/dws24/AppData/Local/UnrealEngine/Common/DerivedDataCache/2/3/9/PHYSX_A08609EF508D460CBB6710540B03AACF_PHYSXPC_BCF4A6B541A210D31F595E88A19BB48__51079C73A6691364C492B300EABAA3032030EF67.udd" 3961
"C:/Users/dws24/AppData/Local/UnrealEngine/Common/DerivedDataCache/1/1/9/PHYSX_A08609EF508D460CBB6710540B03AACF_PHYSXPC_BCF4A6B541A210D31F595E88A19BB48__9DED3AD7D99CC7D44702BBFDB2CC0A98DE79E55D.udd" 3962
"C:/Users/dws24/AppData/Local/UnrealEngine/Common/DerivedDataCache/9/2/5/PHYSX_A08609EF508D460CBB6710540B03AACF_PHYSXPC_BCF4A6B541A210D31F595E88A19BB48__E8C2AD0A27766A69AE00C850834EA292FC707738.udd" 3963
"C:/Users/dws24/AppData/Local/UnrealEngine/Common/DerivedDataCache/6/2/5/PHYSX_A08609EF508D460CBB6710540B03AACF_PHYSXPC_BCF4A6B541A210D31F595E88A19BB48__D78D75F980C4E9A67646550095CDCD666A2F5063.udd" 3964
"C:/Users/dws24/AppData/Local/UnrealEngine/Common/DerivedDataCache/3/1/5/PHYSX_A08609EF508D460CBB6710540B03AACF_PHYSXPC_BCF4A6B541A210D31F595E88A19BB48__ED065EC8DA81F19FA2049C55D484BECCF2807E34.udd" 3965
"C:/Users/dws24/AppData/Local/UnrealEngine/Common/DerivedDataCache/4/4/0/PHYSX_A08609EF508D460CBB6710540B03AACF_PHYSXPC_BCF4A6B541A210D31F595E88A19BB48__43E8657DAD193FF8ECA3C1C04E91F4716DB7DA14.udd" 3966
"C:/Users/dws24/AppData/Local/UnrealEngine/Common/DerivedDataCache/6/0/4/PHYSX_A08609EF508D460CBB6710540B03AACF_PHYSXPC_BCF4A6B541A210D31F595E88A19BB48__1AF19C5B2FC0A4CBFAB289412289FA0EA1FD316A.udd" 3967
"C:/Users/dws24/AppData/Local/UnrealEngine/Common/DerivedDataCache/4/4/0/PHYSX_A08609EF508D460CBB6710540B03AACF_PHYSXPC_BCF4A6B541A210D31F595E88A19BB48__2730359C3A089609CDDF3A2D23B9EBDE8CDEEE43.udd" 3968
"C:/Users/dws24/AppData/Local/UnrealEngine/Common/DerivedDataCache/2/9/5/PHYSX_A08609EF508D460CBB6710540B03AACF_PHYSXPC_BCF4A6B541A210D31F595E88A19BB48__63B6519545E4394DA2D1CA9BE69BD95CCE02EA8B.udd" 3969
"C:/Users/dws24/AppData/Local/UnrealEngine/Common/DerivedDataCache/0/4/0/PHYSX_A08609EF508D460CBB6710540B03AACF_PHYSXPC_BCF4A6B541A210D31F595E88A19BB48__7A746B547E8EF6FBDE96C650F949FEE90DEFEAFA.udd" 3970
"C:/Users/dws24/AppData/Local/UnrealEngine/Common/DerivedDataCache/6/7/3/PHYSX_A08609EF508D460CBB6710540B03AACF_PHYSXPC_BCF4A6B541A210D31F595E88A19BB48__6A858D1A2C1EECF095595684B08B8381A5F81BCF.udd" 3971
"C:/Users/dws24/AppData/Local/UnrealEngine/Common/DerivedDataCache/9/9/8/PHYSX_A08609EF508D460CBB6710540B03AACF_PHYSXPC_BCF4A6B541A210D31F595E88A19BB48__01AB945759D37A0F95812161DF5B9C571377C8E2.udd" 3972
"C:/Users/dws24/AppData/Local/UnrealEngine/Common/DerivedDataCache/6/2/1/PHYSX_A08609EF508D460CBB6710540B03AACF_PHYSXPC_BCF4A6B541A210D31F595E88A19BB48__9153F0FB78C93C1A6FDF0828F644E6FBE68BD2EC.udd" 3973
"C:/Users/dws24/AppData/Local/UnrealEngine/Common/DerivedDataCache/5/6/9/PHYSX_A08609EF508D460CBB6710540B03AACF_PHYSXPC_BCF4A6B541A210D31F595E88A19BB48__C8605FB2D245F832DAABC34DFCE707C435221021.udd" 3974
"C:/Users/dws24/AppData/Local/UnrealEngine/Common/DerivedDataCache/5/4/4/PHYSX_A08609EF508D460CBB6710540B03AACF_PHYSXPC_BCF4A6B541A210D31F595E88A19BB48__2EBA5DA4EBEFBBAA7B2EBFECA45922430E83D228.udd" 3975
"X:/Unreal Projects/Momentum/Momentum/Content/Models/Tracks/Material_005.uasset" 3976
"X:/Unreal Projects/Momentum/Momentum/Content/Models/Tracks/TrackSegmentsWithRails4.uasset" 3977
"X:/Unreal Projects/Momentum/Momentum/Content/Levels/Levels/LevelClimb.umap" 3978
"X:/Unreal Projects/Momentum/Momentum/Content/Models/Tracks/SurfaceTest/TrackVisuals.uasset" 3979
"X:/Unreal Projects/Momentum/Momentum/Content/Levels/Levels/LevelConstruction.umap" 3980
"C:/Users/dws24/AppData/Local/UnrealEngine/Common/DerivedDataCache/4/6/5/PHYSX_A08609EF508D460CBB6710540B03AACF_PHYSXPC_0F924BDA4771E8B102596ABD61DCFA0__7FE45F9DA2B47AF72EAF684E11C476E4935A3DE1.udd" 3981
"C:/Users/dws24/AppData/Local/UnrealEngine/Common/DerivedDataCache/5/8/5/PHYSX_A08609EF508D460CBB6710540B03AACF_PHYSXPC_0F924BDA4771E8B102596ABD61DCFA0__E00A62879897F69D7DAE8A7355B7BC69392A7B44.udd" 3982
"C:/Users/dws24/AppData/Local/UnrealEngine/Common/DerivedDataCache/8/9/4/PHYSX_A08609EF508D460CBB6710540B03AACF_PHYSXPC_0F924BDA4771E8B102596ABD61DCFA0__CA9FE1FD2D3D3321AF14E53DAF8EABA416CECD49.udd" 3983
"C:/Users/dws24/AppData/Local/UnrealEngine/Common/DerivedDataCache/6/2/1/PHYSX_A08609EF508D460CBB6710540B03AACF_PHYSXPC_0F924BDA4771E8B102596ABD61DCFA0__E00A0BB190E0DBAE2F6338717FCB9429702CBAEC.udd" 3984
"C:/Users/dws24/AppData/Local/UnrealEngine/Common/DerivedDataCache/6/6/7/PHYSX_A08609EF508D460CBB6710540B03AACF_PHYSXPC_0F924BDA4771E8B102596ABD61DCFA0__E2F3EAA35CA4D6C8FA1AD2A55923E805BE05BAB6.udd" 3985
"C:/Users/dws24/AppData/Local/UnrealEngine/Common/DerivedDataCache/8/6/5/PHYSX_A08609EF508D460CBB6710540B03AACF_PHYSXPC_0F924BDA4771E8B102596ABD61DCFA0__41B5F9DFE30062BD9341930D6C5108CF40BC8300.udd" 3986
"C:/Users/dws24/AppData/Local/UnrealEngine/Common/DerivedDataCache/5/6/9/PHYSX_A08609EF508D460CBB6710540B03AACF_PHYSXPC_979901BA473928E8E8E61EBCEF49CD0F__1_0_0_0_3_13315_0.udd" 3987
"C:/Users/dws24/AppData/Local/UnrealEngine/Common/DerivedDataCache/0/6/1/PHYSX_A08609EF508D460CBB6710540B03AACF_PHYSXPC_3E8B96CC42C2547D13AF6D8D34CF83C9__1_0_0_0_3_13315_0.udd" 3988
"C:/Users/dws24/AppData/Local/UnrealEngine/Common/DerivedDataCache/5/2/9/PHYSX_A08609EF508D460CBB6710540B03AACF_PHYSXPC_236E1C8B4DF71BD8B4CA668D3EA5BAB9__1_0_0_0_3_13315_0.udd" 3989
"C:/Users/dws24/AppData/Local/UnrealEngine/Common/DerivedDataCache/6/8/3/PHYSX_A08609EF508D460CBB6710540B03AACF_PHYSXPC_BEB3C580491F3D77B92C85B969AAE6C4__1_0_0_0_3_13315_0.udd" 3990
"C:/Users/dws24/AppData/Local/UnrealEngine/Common/DerivedDataCache/5/5/5/PHYSX_A08609EF508D460CBB6710540B03AACF_PHYSXPC_92E59CA8405A23E1EADE44912CF00D26__1_0_0_0_3_13315_0.udd" 3991
"C:/Users/dws24/AppData/Local/UnrealEngine/Common/DerivedDataCache/1/5/0/PHYSX_A08609EF508D460CBB6710540B03AACF_PHYSXPC_2B9D7D094CE2D2FA369B8E91E4030991__1_0_0_0_3_13315_0.udd" 3992
"C:/Users/dws24/AppData/Local/UnrealEngine/Common/DerivedDataCache/7/9/9/PHYSX_A08609EF508D460CBB6710540B03AACF_PHYSXPC_A5B3403341128AF91FFB9DA643B27231__1_0_0_0_3_13315_0.udd" 3993
"C:/Users/dws24/AppData/Local/UnrealEngine/Common/DerivedDataCache/4/6/1/PHYSX_A08609EF508D460CBB6710540B03AACF_PHYSXPC_B9F5EBE14E0F643FEC0408A2F4689E4C__1_0_0_0_3_13315_0.udd" 3994
"C:/Users/dws24/AppData/Local/UnrealEngine/Common/DerivedDataCache/9/9/7/PHYSX_A08609EF508D460CBB6710540B03AACF_PHYSXPC_366428984F251103D7FE5BA63BA0BBC2__1_0_0_0_3_13315_0.udd" 3995
"C:/Users/dws24/AppData/Local/UnrealEngine/Common/DerivedDataCache/3/5/8/PHYSX_A08609EF508D460CBB6710540B03AACF_PHYSXPC_64BFEF9F45F4876B585CEAB1BB86E59F__1_0_0_0_3_13315_0.udd" 3996
"C:/Users/dws24/AppData/Local/UnrealEngine/Common/DerivedDataCache/2/6/8/PHYSX_A08609EF508D460CBB6710540B03AACF_PHYSXPC_0190B69949D8AFB4F75776AEE65E2EDB__1_0_0_0_3_13315_0.udd" 3997
"C:/Users/dws24/AppData/Local/UnrealEngine/Common/DerivedDataCache/2/0/8/PHYSX_A08609EF508D460CBB6710540B03AACF_PHYSXPC_AE16A71E4970AA431209099125DE8AD8__1_0_0_0_3_13315_0.udd" 3998
"C:/Users/dws24/AppData/Local/UnrealEngine/Common/DerivedDataCache/2/7/1/PHYSX_A08609EF508D460CBB6710540B03AACF_PHYSXPC_15E28C274AA7579FBCCC1D814A74CEB9__1_0_0_0_3_13315_0.udd" 3999
"C:/Users/dws24/AppData/Local/UnrealEngine/Common/DerivedDataCache/9/7/8/PHYSX_A08609EF508D460CBB6710540B03AACF_PHYSXPC_451A584D4C27B95AE898289F6CAA5766__1_0_0_0_3_13315_0.udd" 4000
"C:/Users/dws24/AppData/Local/UnrealEngine/Common/DerivedDataCache/9/2/0/PHYSX_A08609EF508D460CBB6710540B03AACF_PHYSXPC_E3DEB3AE44A66FAB3FB2678C2BE404C4__1_0_0_0_3_13315_0.udd" 4001
"C:/Users/dws24/AppData/Local/UnrealEngine/Common/DerivedDataCache/0/2/5/PHYSX_A08609EF508D460CBB6710540B03AACF_PHYSXPC_393132A34495975BC37EDDA44CB256E7__1_0_0_0_3_13315_0.udd" 4002
"C:/Users/dws24/AppData/Local/UnrealEngine/Common/DerivedDataCache/8/9/6/PHYSX_A08609EF508D460CBB6710540B03AACF_PHYSXPC_CFB009A44E31C8C18CAA26B9FE18461E__1_0_0_0_3_13315_0.udd" 4003
"C:/Users/dws24/AppData/Local/UnrealEngine/Common/DerivedDataCache/7/3/8/PHYSX_A08609EF508D460CBB6710540B03AACF_PHYSXPC_D9A174E4426326E4FC36E39D30F0CC4C__1_0_0_0_3_13315_0.udd" 4004
"C:/Users/dws24/AppData/Local/UnrealEngine/Common/DerivedDataCache/1/3/6/PHYSX_A08609EF508D460CBB6710540B03AACF_PHYSXPC_C45E6BB8453D13A238AE5E966A0E29DF__1_0_0_0_3_13315_0.udd" 4005
"C:/Users/dws24/AppData/Local/UnrealEngine/Common/DerivedDataCache/3/6/0/PHYSX_A08609EF508D460CBB6710540B03AACF_PHYSXPC_830CDA9042BA374A1F7237A0338EF574__1_0_0_0_3_13315_0.udd" 4006
"C:/Users/dws24/AppData/Local/UnrealEngine/Common/DerivedDataCache/5/8/7/PHYSX_A08609EF508D460CBB6710540B03AACF_PHYSXPC_CFF93647491300C44650FFA54F829BF2__1_0_0_0_3_13315_0.udd" 4007
"C:/Users/dws24/AppData/Local/UnrealEngine/Common/DerivedDataCache/3/4/4/PHYSX_A08609EF508D460CBB6710540B03AACF_PHYSXPC_91C7BC8D43BB49F5FC2F52B760B7CC06__1_0_0_0_3_13315_0.udd" 4008
"C:/Users/dws24/AppData/Local/UnrealEngine/Common/DerivedDataCache/5/8/8/PHYSX_A08609EF508D460CBB6710540B03AACF_PHYSXPC_5FB5839E4A1EFC564F86338CD97AC856__1_0_0_0_3_13315_0.udd" 4009
"C:/Users/dws24/AppData/Local/UnrealEngine/Common/DerivedDataCache/9/1/4/PHYSX_A08609EF508D460CBB6710540B03AACF_PHYSXPC_2074334643AB46B472289481F9F54A2B__1_0_0_0_3_13315_0.udd" 4010
"C:/Users/dws24/AppData/Local/UnrealEngine/Common/DerivedDataCache/1/2/5/PHYSX_A08609EF508D460CBB6710540B03AACF_PHYSXPC_A97C3F3F4D5BCDDCE24885A221DDCC6D__1_0_0_0_3_13315_0.udd" 4011
"C:/Users/dws24/AppData/Local/UnrealEngine/Common/DerivedDataCache/0/2/9/PHYSX_A08609EF508D460CBB6710540B03AACF_PHYSXPC_C14D964047AC4893AAFCC5AF0B7E0C69__1_0_0_0_3_13315_0.udd" 4012
"C:/Users/dws24/AppData/Local/UnrealEngine/Common/DerivedDataCache/0/2/5/PHYSX_A08609EF508D460CBB6710540B03AACF_PHYSXPC_513FBA284F71B47790309DA046B1474D__1_0_0_0_3_13315_0.udd" 4013
"C:/Users/dws24/AppData/Local/UnrealEngine/Common/DerivedDataCache/0/8/6/PHYSX_A08609EF508D460CBB6710540B03AACF_PHYSXPC_683FCFEC4D8E8B5BFD0C1C8FD25DE469__1_0_0_0_3_13315_0.udd" 4014
"C:/Users/dws24/AppData/Local/UnrealEngine/Common/DerivedDataCache/9/3/9/PHYSX_A08609EF508D460CBB6710540B03AACF_PHYSXPC_5B5F30914A214A4BBEDBCCA3A8B43BF5__1_0_0_0_3_13315_0.udd" 4015
"C:/Users/dws24/AppData/Local/UnrealEngine/Common/DerivedDataCache/9/6/1/PHYSX_A08609EF508D460CBB6710540B03AACF_PHYSXPC_65A5F0E94A2063DE8060AC89FA211C5F__1_0_0_0_3_13315_0.udd" 4016
"C:/Users/dws24/AppData/Local/UnrealEngine/Common/DerivedDataCache/5/5/4/PHYSX_A08609EF508D460CBB6710540B03AACF_PHYSXPC_1B1DB91449D0D2043559A1B5B3AD75AC__1_0_0_0_3_13315_0.udd" 4017
"C:/Users/dws24/AppData/Local/UnrealEngine/Common/DerivedDataCache/4/6/8/PHYSX_A08609EF508D460CBB6710540B03AACF_PHYSXPC_C908B47A471D7A70F45770A17856787D__1_0_0_0_3_13315_0.udd" 4018
"C:/Users/dws24/AppData/Local/UnrealEngine/Common/DerivedDataCache/4/6/7/PHYSX_A08609EF508D460CBB6710540B03AACF_PHYSXPC_17C366B04FECE9D66B223B9A98EB5523__1_0_0_0_3_13315_0.udd" 4019
"C:/Users/dws24/AppData/Local/UnrealEngine/Common/DerivedDataCache/0/7/9/PHYSX_A08609EF508D460CBB6710540B03AACF_PHYSXPC_0C8526A54598F6D97D7BABB0E89961FC__1_0_0_0_3_13315_0.udd" 4020
"C:/Users/dws24/AppData/Local/UnrealEngine/Common/DerivedDataCache/8/5/8/PHYSX_A08609EF508D460CBB6710540B03AACF_PHYSXPC_0A4D186F44641112C491EA8B7195FC88__1_0_0_0_3_13315_0.udd" 4021
"C:/Users/dws24/AppData/Local/UnrealEngine/Common/DerivedDataCache/0/0/9/PHYSX_A08609EF508D460CBB6710540B03AACF_PHYSXPC_1C85666041A8976EDC8C62841A5DF6E3__1_0_0_0_3_13315_0.udd" 4022
"C:/Users/dws24/AppData/Local/UnrealEngine/Common/DerivedDataCache/7/0/6/PHYSX_A08609EF508D460CBB6710540B03AACF_PHYSXPC_C248CFBE45D1F555BE0A96A0083980F6__1_0_0_0_3_13315_0.udd" 4023
"C:/Users/dws24/AppData/Local/UnrealEngine/Common/DerivedDataCache/8/0/5/PHYSX_A08609EF508D460CBB6710540B03AACF_PHYSXPC_073BDB0747A9ED2485E476BA28CF652A__1_0_0_0_3_13315_0.udd" 4024
"C:/Users/dws24/AppData/Local/UnrealEngine/Common/DerivedDataCache/4/8/0/PHYSX_A08609EF508D460CBB6710540B03AACF_PHYSXPC_A98B5A33440E14708DF52BB6323E2CDE__1_0_0_0_3_13315_0.udd" 4025
"C:/Users/dws24/AppData/Local/UnrealEngine/Common/DerivedDataCache/2/1/6/PHYSX_A08609EF508D460CBB6710540B03AACF_PHYSXPC_A9578999446E095FBCA2ADB11F674D41__1_0_0_0_3_13315_0.udd" 4026
"C:/Users/dws24/AppData/Local/UnrealEngine/Common/DerivedDataCache/8/7/8/PHYSX_A08609EF508D460CBB6710540B03AACF_PHYSXPC_EF73E0214171247412E014BB7628CB4D__1_0_0_0_3_13315_0.udd" 4027
"C:/Users/dws24/AppData/Local/UnrealEngine/Common/DerivedDataCache/7/2/9/PHYSX_A08609EF508D460CBB6710540B03AACF_PHYSXPC_42DB0E6940D35A31AA9E3BAA48693959__1_0_0_0_3_13315_0.udd" 4028
"C:/Users/dws24/AppData/Local/UnrealEngine/Common/DerivedDataCache/5/8/1/PHYSX_A08609EF508D460CBB6710540B03AACF_PHYSXPC_06BA6CD0440010792D7B34BEA867AAC5__1_0_0_0_3_13315_0.udd" 4029
"C:/Users/dws24/AppData/Local/UnrealEngine/Common/DerivedDataCache/2/2/7/PHYSX_A08609EF508D460CBB6710540B03AACF_PHYSXPC_2C34475349AC9FB930E780A84F0C7A01__1_0_0_0_3_13315_0.udd" 4030
"C:/Users/dws24/AppData/Local/UnrealEngine/Common/DerivedDataCache/5/3/9/PHYSX_A08609EF508D460CBB6710540B03AACF_PHYSXPC_770C870C438952B7CE8FE8AB8C85D1D8__1_0_0_0_3_13315_0.udd" 4031
"C:/Users/dws24/AppData/Local/UnrealEngine/Common/DerivedDataCache/6/3/1/PHYSX_A08609EF508D460CBB6710540B03AACF_PHYSXPC_F87868C44DB59EB864BB39B7D263170C__1_0_0_0_3_13315_0.udd" 4032
"C:/Users/dws24/AppData/Local/UnrealEngine/Common/DerivedDataCache/3/2/3/PHYSX_A08609EF508D460CBB6710540B03AACF_PHYSXPC_9388D9774AF6A50B682ADCB753B3E439__1_0_0_0_3_13315_0.udd" 4033
"C:/Users/dws24/AppData/Local/UnrealEngine/Common/DerivedDataCache/4/7/0/PHYSX_A08609EF508D460CBB6710540B03AACF_PHYSXPC_1896FB694E5F7A6D38882CB0EA68A5F9__1_0_0_0_3_13315_0.udd" 4034
"C:/Users/dws24/AppData/Local/UnrealEngine/Common/DerivedDataCache/7/4/6/PHYSX_A08609EF508D460CBB6710540B03AACF_PHYSXPC_AD3E08BE43A7A874B381B5893EFFBA3F__1_0_0_0_3_13315_0.udd" 4035
"C:/Users/dws24/AppData/Local/UnrealEngine/Common/DerivedDataCache/7/1/7/PHYSX_A08609EF508D460CBB6710540B03AACF_PHYSXPC_179F78EF44461615FDBC11B00A00FC11__1_0_0_0_3_13315_0.udd" 4036
"C:/Users/dws24/AppData/Local/UnrealEngine/Common/DerivedDataCache/4/1/9/PHYSX_A08609EF508D460CBB6710540B03AACF_PHYSXPC_A74011D845DD594C55FB57ACEEAD7811__1_0_0_0_3_13315_0.udd" 4037
"C:/Users/dws24/AppData/Local/UnrealEngine/Common/DerivedDataCache/5/9/6/PHYSX_A08609EF508D460CBB6710540B03AACF_PHYSXPC_87EF75824C0AEC91D69308B7140C0837__1_0_0_0_3_13315_0.udd" 4038
"C:/Users/dws24/AppData/Local/UnrealEngine/Common/DerivedDataCache/4/7/6/PHYSX_A08609EF508D460CBB6710540B03AACF_PHYSXPC_FD6D89EF427F49B03A2E22A08FC5C7DF__1_0_0_0_3_13315_0.udd" 4039
"C:/Users/dws24/AppData/Local/UnrealEngine/Common/DerivedDataCache/8/1/3/PHYSX_A08609EF508D460CBB6710540B03AACF_PHYSXPC_DAE28DA442C111E9BF072DBAAC787A91__1_0_0_0_3_13315_0.udd" 4040
"C:/Users/dws24/AppData/Local/UnrealEngine/Common/DerivedDataCache/0/7/5/PHYSX_A08609EF508D460CBB6710540B03AACF_PHYSXPC_BC7552F048B5220CC48A84ABB26CDB34__1_0_0_0_3_13315_0.udd" 4041
"C:/Users/dws24/AppData/Local/UnrealEngine/Common/DerivedDataCache/9/1/2/PHYSX_A08609EF508D460CBB6710540B03AACF_PHYSXPC_B78A51904288C984036052B91C14B279__1_0_0_0_3_13315_0.udd" 4042
"C:/Users/dws24/AppData/Local/UnrealEngine/Common/DerivedDataCache/4/6/7/PHYSX_A08609EF508D460CBB6710540B03AACF_PHYSXPC_4156945E4B21485DF088858DFD1C07F5__1_0_0_0_3_13315_0.udd" 4043
"C:/Users/dws24/AppData/Local/UnrealEngine/Common/DerivedDataCache/3/8/1/PHYSX_A08609EF508D460CBB6710540B03AACF_PHYSXPC_F7C387A948884E30BBB33BB718E59A80__1_0_0_0_3_13315_0.udd" 4044
"C:/Users/dws24/AppData/Local/UnrealEngine/Common/DerivedDataCache/1/1/8/PHYSX_A08609EF508D460CBB6710540B03AACF_PHYSXPC_415587074987F05A5CC5D0945064921F__1_0_0_0_3_13315_0.udd" 4045
"C:/Users/dws24/AppData/Local/UnrealEngine/Common/DerivedDataCache/5/4/3/PHYSX_A08609EF508D460CBB6710540B03AACF_PHYSXPC_9F18ECA2481066412CC646933C189557__1_0_0_0_3_13315_0.udd" 4046
"C:/Users/dws24/AppData/Local/UnrealEngine/Common/DerivedDataCache/3/5/1/PHYSX_A08609EF508D460CBB6710540B03AACF_PHYSXPC_D90486984A4C09CE37297B945B02FA88__1_0_0_0_3_13315_0.udd" 4047
"C:/Users/dws24/AppData/Local/UnrealEngine/Common/DerivedDataCache/9/1/7/PHYSX_A08609EF508D460CBB6710540B03AACF_PHYSXPC_E7475CC945482E5380E777A98170AA8F__1_0_0_0_3_13315_0.udd" 4048
"C:/Users/dws24/AppData/Local/UnrealEngine/Common/DerivedDataCache/8/6/2/PHYSX_A08609EF508D460CBB6710540B03AACF_PHYSXPC_B0D0018144B2485DC379C5B33C0246B6__1_0_0_0_3_13315_0.udd" 4049
"C:/Users/dws24/AppData/Local/UnrealEngine/Common/DerivedDataCache/3/3/2/PHYSX_A08609EF508D460CBB6710540B03AACF_PHYSXPC_02069084499B0860215E05B8972F0B9E__1_0_0_0_3_13315_0.udd" 4050
"C:/Users/dws24/AppData/Local/UnrealEngine/Common/DerivedDataCache/1/6/2/PHYSX_A08609EF508D460CBB6710540B03AACF_PHYSXPC_9E70E6004B3D429819E5FA8F8C5B7670__1_0_0_0_3_13315_0.udd" 4051
"C:/Users/dws24/AppData/Local/UnrealEngine/Common/DerivedDataCache/2/8/1/PHYSX_A08609EF508D460CBB6710540B03AACF_PHYSXPC_F8783A8F4A4835E12530DB9CBB2F88A1__1_0_0_0_3_13315_0.udd" 4052
"C:/Users/dws24/AppData/Local/UnrealEngine/Common/DerivedDataCache/1/5/9/PHYSX_A08609EF508D460CBB6710540B03AACF_PHYSXPC_1E566CEF4888CE83DB42FC8BEACF8563__1_0_0_0_3_13315_0.udd" 4053
"C:/Users/dws24/AppData/Local/UnrealEngine/Common/DerivedDataCache/0/8/3/PHYSX_A08609EF508D460CBB6710540B03AACF_PHYSXPC_5C46071141AE8A67B816A4B72C3E98BB__1_0_0_0_3_13315_0.udd" 4054
"C:/Users/dws24/AppData/Local/UnrealEngine/Common/DerivedDataCache/0/8/6/PHYSX_A08609EF508D460CBB6710540B03AACF_PHYSXPC_3BEC99E7491775EA0A4AB196704574B3__1_0_0_0_3_13315_0.udd" 4055
"C:/Users/dws24/AppData/Local/UnrealEngine/Common/DerivedDataCache/3/5/8/PHYSX_A08609EF508D460CBB6710540B03AACF_PHYSXPC_228BBF544536E2E61A11A1A22150BDE6__1_0_0_0_3_13315_0.udd" 4056
"C:/Users/dws24/AppData/Local/UnrealEngine/Common/DerivedDataCache/9/0/4/PHYSX_A08609EF508D460CBB6710540B03AACF_PHYSXPC_997A1C4C4925E9A709E86D938A7387FD__1_0_0_0_3_13315_0.udd" 4057
"C:/Users/dws24/AppData/Local/UnrealEngine/Common/DerivedDataCache/6/2/2/PHYSX_A08609EF508D460CBB6710540B03AACF_PHYSXPC_0A44843F45C9806CA31D3C899960F12C__1_0_0_0_3_13315_0.udd" 4058
"C:/Users/dws24/AppData/Local/UnrealEngine/Common/DerivedDataCache/4/9/7/PHYSX_A08609EF508D460CBB6710540B03AACF_PHYSXPC_08880640416FDDAFB036539712E18DA8__1_0_0_0_3_13315_0.udd" 4059
"C:/Users/dws24/AppData/Local/UnrealEngine/Common/DerivedDataCache/9/8/4/PHYSX_A08609EF508D460CBB6710540B03AACF_PHYSXPC_8D3DE7C04711556845AE5EBC0FE0107E__1_0_0_0_3_13315_0.udd" 4060
"C:/Users/dws24/AppData/Local/UnrealEngine/Common/DerivedDataCache/9/7/1/PHYSX_A08609EF508D460CBB6710540B03AACF_PHYSXPC_0AB3C4E24D828A038C5A8599766953F2__1_0_0_0_3_13315_0.udd" 4061
"C:/Users/dws24/AppData/Local/UnrealEngine/Common/DerivedDataCache/5/7/6/PHYSX_A08609EF508D460CBB6710540B03AACF_PHYSXPC_6ECE0FF5470F0EFB88359E8EC69FD60B__1_0_0_0_3_13315_0.udd" 4062
"C:/Users/dws24/AppData/Local/UnrealEngine/Common/DerivedDataCache/3/5/6/PHYSX_A08609EF508D460CBB6710540B03AACF_PHYSXPC_52D2EA9E4C4012F74EFA529098795F74__1_0_0_0_3_13315_0.udd" 4063
"C:/Users/dws24/AppData/Local/UnrealEngine/Common/DerivedDataCache/0/6/4/PHYSX_A08609EF508D460CBB6710540B03AACF_PHYSXPC_D9F82EA3455B3CBD4CD45E891A3BE6E5__1_0_0_0_3_13315_0.udd" 4064
"C:/Users/dws24/AppData/Local/UnrealEngine/Common/DerivedDataCache/2/2/3/PHYSX_A08609EF508D460CBB6710540B03AACF_PHYSXPC_E343F112475213000BA264B4F4453226__1_0_0_0_3_13315_0.udd" 4065
"C:/Users/dws24/AppData/Local/UnrealEngine/Common/DerivedDataCache/7/9/2/PHYSX_A08609EF508D460CBB6710540B03AACF_PHYSXPC_E62B37BC4A35D35030B191918BBAFDB3__1_0_0_0_3_13315_0.udd" 4066
"C:/Users/dws24/AppData/Local/UnrealEngine/Common/DerivedDataCache/4/5/1/PHYSX_A08609EF508D460CBB6710540B03AACF_PHYSXPC_D2307ECD4F810B25A56F858EA570A75E__1_0_0_0_3_13315_0.udd" 4067
"C:/Users/dws24/AppData/Local/UnrealEngine/Common/DerivedDataCache/6/0/3/PHYSX_A08609EF508D460CBB6710540B03AACF_PHYSXPC_10AEDE0A43F53BDBDB139880E8E56C5F__1_0_0_0_3_13315_0.udd" 4068
"C:/Users/dws24/AppData/Local/UnrealEngine/Common/DerivedDataCache/2/1/9/PHYSX_A08609EF508D460CBB6710540B03AACF_PHYSXPC_7473419D43964A76CB2981B212CF7FEE__1_0_0_0_3_13315_0.udd" 4069
"C:/Users/dws24/AppData/Local/UnrealEngine/Common/DerivedDataCache/6/3/2/PHYSX_A08609EF508D460CBB6710540B03AACF_PHYSXPC_D9276FB44B77956E314B0EAD448D807C__1_0_0_0_3_13315_0.udd" 4070
"C:/Users/dws24/AppData/Local/UnrealEngine/Common/DerivedDataCache/1/1/3/PHYSX_A08609EF508D460CBB6710540B03AACF_PHYSXPC_F772C76E49C6BCF21F29B9BCC0BEA971__1_0_0_0_3_13315_0.udd" 4071
"C:/Users/dws24/AppData/Local/UnrealEngine/Common/DerivedDataCache/8/9/4/PHYSX_A08609EF508D460CBB6710540B03AACF_PHYSXPC_DDD120E6403A941CA3BB6D8C764C30EF__1_0_0_0_3_13315_0.udd" 4072
"C:/Users/dws24/AppData/Local/UnrealEngine/Common/DerivedDataCache/4/0/7/PHYSX_A08609EF508D460CBB6710540B03AACF_PHYSXPC_B76D473242404AA338A57F9083D78A1A__1_0_0_0_3_13315_0.udd" 4073
"C:/Users/dws24/AppData/Local/UnrealEngine/Common/DerivedDataCache/7/3/8/PHYSX_A08609EF508D460CBB6710540B03AACF_PHYSXPC_FE6B770E424F68E0E10503811B90AA79__1_0_0_0_3_13315_0.udd" 4074
"C:/Users/dws24/AppData/Local/UnrealEngine/Common/DerivedDataCache/7/8/3/PHYSX_A08609EF508D460CBB6710540B03AACF_PHYSXPC_2407ED994F6618BA0ECC37AA154F6A54__1_0_0_0_3_13315_0.udd" 4075
"C:/Users/dws24/AppData/Local/UnrealEngine/Common/DerivedDataCache/2/8/6/PHYSX_A08609EF508D460CBB6710540B03AACF_PHYSXPC_EC3B53FF45AD310FF8061887A1011B4E__1_0_0_0_3_13315_0.udd" 4076
"C:/Users/dws24/AppData/Local/UnrealEngine/Common/DerivedDataCache/4/7/3/PHYSX_A08609EF508D460CBB6710540B03AACF_PHYSXPC_7DC60F3444A4FAAB9A382584BBAB7A3B__1_0_0_0_3_13315_0.udd" 4077
"C:/Users/dws24/AppData/Local/UnrealEngine/Common/DerivedDataCache/7/0/2/PHYSX_A08609EF508D460CBB6710540B03AACF_PHYSXPC_CD5439484E616D3AAC6BE0AF8EC9DFDC__1_0_0_0_3_13315_0.udd" 4078
"C:/Users/dws24/AppData/Local/UnrealEngine/Common/DerivedDataCache/3/1/0/PHYSX_A08609EF508D460CBB6710540B03AACF_PHYSXPC_09C1F2174AF3EFC8B66239BB2E7A4269__1_0_0_0_3_13315_0.udd" 4079
"C:/Users/dws24/AppData/Local/UnrealEngine/Common/DerivedDataCache/2/1/3/PHYSX_A08609EF508D460CBB6710540B03AACF_PHYSXPC_4692286046E17C593895E9BD2F87174E__1_0_0_0_3_13315_0.udd" 4080
"C:/Users/dws24/AppData/Local/UnrealEngine/Common/DerivedDataCache/6/0/4/PHYSX_A08609EF508D460CBB6710540B03AACF_PHYSXPC_76BB17374B4BEE80BAD5BDB61AAC1036__1_0_0_0_3_13315_0.udd" 4081
"C:/Users/dws24/AppData/Local/UnrealEngine/Common/DerivedDataCache/3/0/7/PHYSX_A08609EF508D460CBB6710540B03AACF_PHYSXPC_C87B5EEB4C41904DB1E486B77E9160AD__1_0_0_0_3_13315_0.udd" 4082
"C:/Users/dws24/AppData/Local/UnrealEngine/Common/DerivedDataCache/0/5/4/PHYSX_A08609EF508D460CBB6710540B03AACF_PHYSXPC_C1688D3A40FCDBC09ED3C7AD70C3360F__1_0_0_0_3_13315_0.udd" 4083
"C:/Users/dws24/AppData/Local/UnrealEngine/Common/DerivedDataCache/4/1/0/PHYSX_A08609EF508D460CBB6710540B03AACF_PHYSXPC_2BA41B8F428D20B259516EA71F8D9532__1_0_0_0_3_13315_0.udd" 4084
"C:/Users/dws24/AppData/Local/UnrealEngine/Common/DerivedDataCache/1/6/6/PHYSX_A08609EF508D460CBB6710540B03AACF_PHYSXPC_D069289244D559B8C85F9F93C566857D__1_0_0_0_3_13315_0.udd" 4085
"C:/Users/dws24/AppData/Local/UnrealEngine/Common/DerivedDataCache/8/3/4/PHYSX_A08609EF508D460CBB6710540B03AACF_PHYSXPC_CFD639A347A4DD6A984D29B005BAC038__1_0_0_0_3_13315_0.udd" 4086
"C:/Users/dws24/AppData/Local/UnrealEngine/Common/DerivedDataCache/8/8/5/PHYSX_A08609EF508D460CBB6710540B03AACF_PHYSXPC_A7BADB97418086B4CB09B7A86B891291__1_0_0_0_3_13315_0.udd" 4087
"C:/Users/dws24/AppData/Local/UnrealEngine/Common/DerivedDataCache/1/1/0/PHYSX_A08609EF508D460CBB6710540B03AACF_PHYSXPC_EA8CC55C428D8CB417B195A3CCD48BBB__1_0_0_0_3_13315_0.udd" 4088
"C:/Users/dws24/AppData/Local/UnrealEngine/Common/DerivedDataCache/3/9/9/PHYSX_A08609EF508D460CBB6710540B03AACF_PHYSXPC_016DC74F4451ABED63D8FB89237D3313__1_0_0_0_3_13315_0.udd" 4089
"C:/Users/dws24/AppData/Local/UnrealEngine/Common/DerivedDataCache/5/8/4/PHYSX_A08609EF508D460CBB6710540B03AACF_PHYSXPC_50DD1F9B485B1B85738136BF8EB2B6B5__1_0_0_0_3_13315_0.udd" 4090
"C:/Users/dws24/AppData/Local/UnrealEngine/Common/DerivedDataCache/8/0/3/PHYSX_A08609EF508D460CBB6710540B03AACF_PHYSXPC_DC1DFA814EEBAB32F4B5ADB9185772A3__1_0_0_0_3_13315_0.udd" 4091
"C:/Users/dws24/AppData/Local/UnrealEngine/Common/DerivedDataCache/8/4/6/PHYSX_A08609EF508D460CBB6710540B03AACF_PHYSXPC_DC995FAA484B056ABD85A4BD744F8A29__1_0_0_0_3_13315_0.udd" 4092
"C:/Users/dws24/AppData/Local/UnrealEngine/Common/DerivedDataCache/5/6/0/PHYSX_A08609EF508D460CBB6710540B03AACF_PHYSXPC_DF9D0CB141E80C0CD677D9B427F2B4C2__1_0_0_0_3_13315_0.udd" 4093
"C:/Users/dws24/AppData/Local/UnrealEngine/Common/DerivedDataCache/2/7/5/PHYSX_A08609EF508D460CBB6710540B03AACF_PHYSXPC_35F668964169583BFDEF27A6D3AB53E1__1_0_0_0_3_13315_0.udd" 4094
"C:/Users/dws24/AppData/Local/UnrealEngine/Common/DerivedDataCache/7/9/9/PHYSX_A08609EF508D460CBB6710540B03AACF_PHYSXPC_8981E23F47D3390E387A0C90B99B90E3__1_0_0_0_3_13315_0.udd" 4095
"C:/Users/dws24/AppData/Local/UnrealEngine/Common/DerivedDataCache/1/0/7/PHYSX_A08609EF508D460CBB6710540B03AACF_PHYSXPC_B3A036C244CAF32314C36084FEB54D57__1_0_0_0_3_13315_0.udd" 4096
"C:/Users/dws24/AppData/Local/UnrealEngine/Common/DerivedDataCache/0/9/5/PHYSX_A08609EF508D460CBB6710540B03AACF_PHYSXPC_42AA1CB94B97DA4EB5C4DB8A2DFE093D__1_0_0_0_3_13315_0.udd" 4097
"C:/Users/dws24/AppData/Local/UnrealEngine/Common/DerivedDataCache/9/6/3/PHYSX_A08609EF508D460CBB6710540B03AACF_PHYSXPC_7E1B7E3740AED59F5C7894A473B0F765__1_0_0_0_3_13315_0.udd" 4098
"C:/Users/dws24/AppData/Local/UnrealEngine/Common/DerivedDataCache/6/4/9/PHYSX_A08609EF508D460CBB6710540B03AACF_PHYSXPC_EDBE56A8406309D414DE3F99CA09655F__1_0_0_0_3_13315_0.udd" 4099
"C:/Users/dws24/AppData/Local/UnrealEngine/Common/DerivedDataCache/9/1/1/PHYSX_A08609EF508D460CBB6710540B03AACF_PHYSXPC_779470224681AEB28893908B8DABDABA__1_0_0_0_3_13315_0.udd" 4100
"C:/Users/dws24/AppData/Local/UnrealEngine/Common/DerivedDataCache/9/6/6/PHYSX_A08609EF508D460CBB6710540B03AACF_PHYSXPC_777D8D9B4A88A7E73A1025A577A9F63C__1_0_0_0_3_13315_0.udd" 4101
"C:/Users/dws24/AppData/Local/UnrealEngine/Common/DerivedDataCache/8/9/0/PHYSX_A08609EF508D460CBB6710540B03AACF_PHYSXPC_186D47164DA5ABD84B69EC9EF8A82ECB__1_0_0_0_3_13315_0.udd" 4102
"C:/Users/dws24/AppData/Local/UnrealEngine/Common/DerivedDataCache/5/0/7/PHYSX_A08609EF508D460CBB6710540B03AACF_PHYSXPC_A1B164DA45EB17DD354454B78DED3131__1_0_0_0_3_13315_0.udd" 4103
"C:/Users/dws24/AppData/Local/UnrealEngine/Common/DerivedDataCache/1/9/7/PHYSX_A08609EF508D460CBB6710540B03AACF_PHYSXPC_B895A2E244C1DC56C8936A9616ED9603__1_0_0_0_2_13315_0.udd" 4104
"C:/Users/dws24/AppData/Local/UnrealEngine/Common/DerivedDataCache/6/5/2/PHYSX_A08609EF508D460CBB6710540B03AACF_PHYSXPC_BCF4A6B541A210D31F595E88A19BB48__83F5B118D17CF7F674B90B9A291E9045D0AACB36.udd" 4105
"C:/Users/dws24/AppData/Local/UnrealEngine/Common/DerivedDataCache/8/9/3/PHYSX_A08609EF508D460CBB6710540B03AACF_PHYSXPC_BCF4A6B541A210D31F595E88A19BB48__FF7E5CAC663C441C0610F8161B958327D06DFBCB.udd" 4106
"C:/Users/dws24/AppData/Local/UnrealEngine/Common/DerivedDataCache/3/1/4/PHYSX_A08609EF508D460CBB6710540B03AACF_PHYSXPC_BCF4A6B541A210D31F595E88A19BB48__FC36388858DFA72E6E1C08062BB5D99F42D3B2C3.udd" 4107
"C:/Users/dws24/AppData/Local/UnrealEngine/Common/DerivedDataCache/6/2/8/PHYSX_A08609EF508D460CBB6710540B03AACF_PHYSXPC_BCF4A6B541A210D31F595E88A19BB48__7E3A56EE26D88A64D77F4765BECD4222067871AA.udd" 4108
"../../../Engine/Content/EditorMaterials/MatineeGroups/MAT_Groups_Right_Off.uasset" 4109
"X:/Unreal Projects/Momentum/Momentum/Content/Models/Straight.uasset" 4110
"X:/Unreal Projects/Momentum/Momentum/Content/Models/Straight_Mat.uasset" 4111
"C:/Users/dws24/AppData/Local/UnrealEngine/Common/DerivedDataCache/8/8/0/PHYSX_A08609EF508D460CBB6710540B03AACF_PHYSXPC_0F924BDA4771E8B102596ABD61DCFA0__C4814D90EF75A6DAC2DC0B9DED72C3F09720A803.udd" 4112
"C:/Users/dws24/AppData/Local/UnrealEngine/Common/DerivedDataCache/5/1/3/PHYSX_A08609EF508D460CBB6710540B03AACF_PHYSXPC_0F924BDA4771E8B102596ABD61DCFA0__F787A71FB37B1D311E7511CF55E2DE773B054D4B.udd" 4113
"C:/Users/dws24/AppData/Local/UnrealEngine/Common/DerivedDataCache/7/6/1/PHYSX_A08609EF508D460CBB6710540B03AACF_PHYSXPC_0F924BDA4771E8B102596ABD61DCFA0__52016BAE5F95E1CC0939D55780AFEA052BD141AA.udd" 4114
"C:/Users/dws24/AppData/Local/UnrealEngine/Common/DerivedDataCache/4/7/0/PHYSX_A08609EF508D460CBB6710540B03AACF_PHYSXPC_0F924BDA4771E8B102596ABD61DCFA0__3564F166FD51FEE8826556673709101A5239DD03.udd" 4115
"C:/Users/dws24/AppData/Local/UnrealEngine/Common/DerivedDataCache/2/2/5/PHYSX_A08609EF508D460CBB6710540B03AACF_PHYSXPC_BCF4A6B541A210D31F595E88A19BB48__EEF1CDEFFEE49C00C3F9D6A94BD9D81FD060D41D.udd" 4116
"C:/Users/dws24/AppData/Local/UnrealEngine/Common/DerivedDataCache/5/9/8/PHYSX_A08609EF508D460CBB6710540B03AACF_PHYSXPC_BCF4A6B541A210D31F595E88A19BB48__199ED397380EAE194315887AED23A966AC236382.udd" 4117
"C:/Users/dws24/AppData/Local/UnrealEngine/Common/DerivedDataCache/7/4/1/PHYSX_A08609EF508D460CBB6710540B03AACF_PHYSXPC_BCF4A6B541A210D31F595E88A19BB48__A313672B9D0F964D6E366D4ED435E71E3CD4168A.udd" 4118
"C:/Users/dws24/AppData/Local/UnrealEngine/Common/DerivedDataCache/1/6/3/PHYSX_A08609EF508D460CBB6710540B03AACF_PHYSXPC_BCF4A6B541A210D31F595E88A19BB48__293092828EC8F7789FEDBE813DED6DC9E7CA2778.udd" 4119
"C:/Users/dws24/AppData/Local/UnrealEngine/Common/DerivedDataCache/1/2/8/PHYSX_A08609EF508D460CBB6710540B03AACF_PHYSXPC_BCF4A6B541A210D31F595E88A19BB48__88D5A15E7E4265D8798AFEF931F8F848FD39AB68.udd" 4120
"C:/Users/dws24/AppData/Local/UnrealEngine/Common/DerivedDataCache/2/4/1/PHYSX_A08609EF508D460CBB6710540B03AACF_PHYSXPC_BCF4A6B541A210D31F595E88A19BB48__FD86E1DDEF1B8AAAA2E8651280D82D264555CFD3.udd" 4121
"C:/Users/dws24/AppData/Local/UnrealEngine/Common/DerivedDataCache/0/2/3/PHYSX_A08609EF508D460CBB6710540B03AACF_PHYSXPC_BCF4A6B541A210D31F595E88A19BB48__6D3F60132F54A8D816500BE1E7C926C981D0D0E1.udd" 4122
"C:/Users/dws24/AppData/Local/UnrealEngine/Common/DerivedDataCache/6/2/8/PHYSX_A08609EF508D460CBB6710540B03AACF_PHYSXPC_BCF4A6B541A210D31F595E88A19BB48__16F7CDB94F920BEFEC60307B1A56AFB1F87E983B.udd" 4123
"C:/Users/dws24/AppData/Local/UnrealEngine/Common/DerivedDataCache/8/0/2/PHYSX_A08609EF508D460CBB6710540B03AACF_PHYSXPC_BCF4A6B541A210D31F595E88A19BB48__D56D18859076C4CAD687C3CB7EEBC7D1891DCAD7.udd" 4124
"C:/Users/dws24/AppData/Local/UnrealEngine/Common/DerivedDataCache/5/2/6/PHYSX_A08609EF508D460CBB6710540B03AACF_PHYSXPC_BCF4A6B541A210D31F595E88A19BB48__E4555C5BC5049DC35A37EECFC4EEFEB42745D081.udd" 4125
"C:/Users/dws24/AppData/Local/UnrealEngine/Common/DerivedDataCache/7/5/8/PHYSX_A08609EF508D460CBB6710540B03AACF_PHYSXPC_BCF4A6B541A210D31F595E88A19BB48__54CB2272C6AFB460125B810CBBD4014DFDC4F3B9.udd" 4126
"C:/Users/dws24/AppData/Local/UnrealEngine/Common/DerivedDataCache/9/6/7/PHYSX_A08609EF508D460CBB6710540B03AACF_PHYSXPC_BCF4A6B541A210D31F595E88A19BB48__56473FC5B528069D3407A12E9F84FAA2159172A7.udd" 4127
"C:/Users/dws24/AppData/Local/UnrealEngine/Common/DerivedDataCache/9/7/2/PHYSX_A08609EF508D460CBB6710540B03AACF_PHYSXPC_BCF4A6B541A210D31F595E88A19BB48__BCD9CA2B47B386DFE060B2F2EB057BD305C2F3C5.udd" 4128
"C:/Users/dws24/AppData/Local/UnrealEngine/Common/DerivedDataCache/6/8/8/PHYSX_A08609EF508D460CBB6710540B03AACF_PHYSXPC_BCF4A6B541A210D31F595E88A19BB48__0A7B68C3D91B8360E15D093F96EC6C92A2092215.udd" 4129
"C:/Users/dws24/AppData/Local/UnrealEngine/Common/DerivedDataCache/9/6/4/PHYSX_A08609EF508D460CBB6710540B03AACF_PHYSXPC_BCF4A6B541A210D31F595E88A19BB48__1F57A09A8DBD9C0476518FF5ABF93D0712D7D766.udd" 4130
"C:/Users/dws24/AppData/Local/UnrealEngine/Common/DerivedDataCache/9/6/8/PHYSX_A08609EF508D460CBB6710540B03AACF_PHYSXPC_BCF4A6B541A210D31F595E88A19BB48__CABC4A04CD27B3A8F9C303A898482D85D04A8D83.udd" 4131
"C:/Users/dws24/AppData/Local/UnrealEngine/Common/DerivedDataCache/4/8/4/PHYSX_A08609EF508D460CBB6710540B03AACF_PHYSXPC_BCF4A6B541A210D31F595E88A19BB48__B0574A3B077C6F3FAEE1D4557FBC3AD16EE1FAF6.udd" 4132
"C:/Users/dws24/AppData/Local/UnrealEngine/Common/DerivedDataCache/6/7/9/PHYSX_A08609EF508D460CBB6710540B03AACF_PHYSXPC_BCF4A6B541A210D31F595E88A19BB48__0F7FD2358515405F3B456AF0A5A80F15D9D13EE8.udd" 4133
"C:/Users/dws24/AppData/Local/UnrealEngine/Common/DerivedDataCache/2/9/5/PHYSX_A08609EF508D460CBB6710540B03AACF_PHYSXPC_BCF4A6B541A210D31F595E88A19BB48__0FF5DD1D74EFF5BFD3C7AF5C705FEC4FFDE3EDFE.udd" 4134
"C:/Users/dws24/AppData/Local/UnrealEngine/Common/DerivedDataCache/0/6/8/PHYSX_A08609EF508D460CBB6710540B03AACF_PHYSXPC_BCF4A6B541A210D31F595E88A19BB48__29DE968D88E2CBDD648B00E41DCDD461191FB639.udd" 4135
"C:/Users/dws24/AppData/Local/UnrealEngine/Common/DerivedDataCache/6/0/8/PHYSX_A08609EF508D460CBB6710540B03AACF_PHYSXPC_BCF4A6B541A210D31F595E88A19BB48__69226D74B485E10C11D33B0A374048F6D3C0DA0F.udd" 4136
"C:/Users/dws24/AppData/Local/UnrealEngine/Common/DerivedDataCache/3/3/3/PHYSX_A08609EF508D460CBB6710540B03AACF_PHYSXPC_BCF4A6B541A210D31F595E88A19BB48__7E7BA758A25865091A164870E2E2A73FFE21A7DA.udd" 4137
"C:/Users/dws24/AppData/Local/UnrealEngine/Common/DerivedDataCache/6/1/3/PHYSX_A08609EF508D460CBB6710540B03AACF_PHYSXPC_BCF4A6B541A210D31F595E88A19BB48__511F9F45CDE1F137BABA1224DF3D4C1FB2CB7483.udd" 4138
"C:/Users/dws24/AppData/Local/UnrealEngine/Common/DerivedDataCache/9/9/2/PHYSX_A08609EF508D460CBB6710540B03AACF_PHYSXPC_BCF4A6B541A210D31F595E88A19BB48__3B81913CA44A5EBB2E4F0743A2B7FAA5F0D5C72C.udd" 4139
"C:/Users/dws24/AppData/Local/UnrealEngine/Common/DerivedDataCache/8/6/0/PHYSX_A08609EF508D460CBB6710540B03AACF_PHYSXPC_BCF4A6B541A210D31F595E88A19BB48__F6B076D49E8D01C2ECE62CC19D51DF956829BC72.udd" 4140
"C:/Users/dws24/AppData/Local/UnrealEngine/Common/DerivedDataCache/4/0/4/PHYSX_A08609EF508D460CBB6710540B03AACF_PHYSXPC_BCF4A6B541A210D31F595E88A19BB48__6123A33AD4F2A7F96570BC6CE9B36AEDB3CA4802.udd" 4141
"C:/Users/dws24/AppData/Local/UnrealEngine/Common/DerivedDataCache/8/2/9/PHYSX_A08609EF508D460CBB6710540B03AACF_PHYSXPC_BCF4A6B541A210D31F595E88A19BB48__CB2A6CAA0E2F1C5BEE9F7A6F8898D0021D9F6244.udd" 4142
"C:/Users/dws24/AppData/Local/UnrealEngine/Common/DerivedDataCache/9/4/1/PHYSX_A08609EF508D460CBB6710540B03AACF_PHYSXPC_BCF4A6B541A210D31F595E88A19BB48__162718FD64A014CD239BC12D13137ED1551EF23B.udd" 4143
"C:/Users/dws24/AppData/Local/UnrealEngine/Common/DerivedDataCache/5/6/9/PHYSX_A08609EF508D460CBB6710540B03AACF_PHYSXPC_BCF4A6B541A210D31F595E88A19BB48__AADAEF3CA44861A7106BADC58302418F36EE985F.udd" 4144
"C:/Users/dws24/AppData/Local/UnrealEngine/Common/DerivedDataCache/5/9/0/PHYSX_A08609EF508D460CBB6710540B03AACF_PHYSXPC_BCF4A6B541A210D31F595E88A19BB48__7241293CCBFCF3F030B0F23E93CD668B7809DAE7.udd" 4145
"X:/Unreal Projects/Momentum/Momentum/Content/Levels/Levels/LevelStraight_2.umap" 4146
"C:/Users/dws24/AppData/Local/UnrealEngine/Common/DerivedDataCache/4/7/6/STATICMESH_9CE2B6FB46754B699726C4AA1515F12E_228332BAE0224DD294E232B87D83948FQU__5834C7F83C6775AA18A123E2BFA2B0BF6E819550.udd" 4147
"C:/Users/dws24/AppData/Local/UnrealEngine/Common/DerivedDataCache/8/0/2/PHYSX_A08609EF508D460CBB6710540B03AACF_PHYSXPC_3C53BEC643309315271C8A99CBD2388__E28C11B0923E969258A2DDDAB154A1502E11EEFD.udd" 4148
"C:/Users/dws24/AppData/Local/UnrealEngine/Common/DerivedDataCache/5/3/2/NAVCOLLISION_2983273BE5D6425391E8C0B3D1C0A55D_NAVCOLLISION_X_3C53BEC6433093152__CA677BAC4F2ABB16DC09FE3F03C15436CBA34813.udd" 4149
"X:/Unreal Projects/Momentum/Momentum/Content/Models/Tracks/SurfaceTest/TrackSurface.uasset" 4150
"C:/Users/dws24/AppData/Local/UnrealEngine/Common/DerivedDataCache/4/1/2/PHYSX_A08609EF508D460CBB6710540B03AACF_PHYSXPC_0F924BDA4771E8B102596ABD61DCFA0__77EB1C450FD7BBDE5C0631022756E18828BC1B42.udd" 4151
"C:/Users/dws24/AppData/Local/UnrealEngine/Common/DerivedDataCache/3/1/2/PHYSX_A08609EF508D460CBB6710540B03AACF_PHYSXPC_0F924BDA4771E8B102596ABD61DCFA0__383CE17610E9387CCA1D36620BB712E168619CDA.udd" 4152
"C:/Users/dws24/AppData/Local/UnrealEngine/Common/DerivedDataCache/9/4/0/PHYSX_A08609EF508D460CBB6710540B03AACF_PHYSXPC_0F924BDA4771E8B102596ABD61DCFA0__39926E15DF05EB3260A3A76F65A8C01A4909E4C4.udd" 4153
"C:/Users/dws24/AppData/Local/UnrealEngine/Common/DerivedDataCache/4/5/0/PHYSX_A08609EF508D460CBB6710540B03AACF_PHYSXPC_0F924BDA4771E8B102596ABD61DCFA0__3124B0B8D95298B180035865B151819D36D49EBA.udd" 4154
"C:/Users/dws24/AppData/Local/UnrealEngine/Common/DerivedDataCache/1/7/2/PHYSX_A08609EF508D460CBB6710540B03AACF_PHYSXPC_0F924BDA4771E8B102596ABD61DCFA0__0DC44751CC50ED2ED3F0457020F0FE61E2D94B77.udd" 4155
"C:/Users/dws24/AppData/Local/UnrealEngine/Common/DerivedDataCache/9/7/7/PHYSX_A08609EF508D460CBB6710540B03AACF_PHYSXPC_0F924BDA4771E8B102596ABD61DCFA0__6179917DEC592C37A03C3CA196648B8B725BB7E4.udd" 4156
"C:/Users/dws24/AppData/Local/UnrealEngine/Common/DerivedDataCache/0/4/6/PHYSX_A08609EF508D460CBB6710540B03AACF_PHYSXPC_0F924BDA4771E8B102596ABD61DCFA0__AF01FB694B3B6B522675E3D048BAA6718A730B9E.udd" 4157
"C:/Users/dws24/AppData/Local/UnrealEngine/Common/DerivedDataCache/8/4/0/PHYSX_A08609EF508D460CBB6710540B03AACF_PHYSXPC_BCF4A6B541A210D31F595E88A19BB48__9B691D340539851A663B5FF34F9978F4E94D1AFA.udd" 4158
"C:/Users/dws24/AppData/Local/UnrealEngine/Common/DerivedDataCache/9/0/7/PHYSX_A08609EF508D460CBB6710540B03AACF_PHYSXPC_BCF4A6B541A210D31F595E88A19BB48__BC489C05BDAB6BD8489ADD1CE5AD0B6DF083DA05.udd" 4159
"X:/Unreal Projects/Momentum/Momentum/Content/ZigzagSurface.uasset" 4160
"C:/Users/dws24/AppData/Local/UnrealEngine/Common/DerivedDataCache/3/2/9/PHYSX_A08609EF508D460CBB6710540B03AACF_PHYSXPC_0F924BDA4771E8B102596ABD61DCFA0__DFAF83321406C19242F44FF31913F1EFC41795C3.udd" 4161
"C:/Users/dws24/AppData/Local/UnrealEngine/Common/DerivedDataCache/5/2/5/PHYSX_A08609EF508D460CBB6710540B03AACF_PHYSXPC_0F924BDA4771E8B102596ABD61DCFA0__063C9BD107245876D8B65E7372756402A805A252.udd" 4162
"C:/Users/dws24/AppData/Local/UnrealEngine/Common/DerivedDataCache/5/8/9/PHYSX_A08609EF508D460CBB6710540B03AACF_PHYSXPC_0F924BDA4771E8B102596ABD61DCFA0__39FD7DF856CA3F37DC267198144C0F429FBD4D23.udd" 4163
"C:/Users/dws24/AppData/Local/UnrealEngine/Common/DerivedDataCache/6/3/1/PHYSX_A08609EF508D460CBB6710540B03AACF_PHYSXPC_0F924BDA4771E8B102596ABD61DCFA0__6EF544918CA5D7B96E54F58CCBA1C38602DD3DE1.udd" 4164
"C:/Users/dws24/AppData/Local/UnrealEngine/Common/DerivedDataCache/0/5/5/PHYSX_A08609EF508D460CBB6710540B03AACF_PHYSXPC_0F924BDA4771E8B102596ABD61DCFA0__E174C9784C39F057394A53EE54C944BF08D22834.udd" 4165
"C:/Users/dws24/AppData/Local/UnrealEngine/Common/DerivedDataCache/9/7/5/PHYSX_A08609EF508D460CBB6710540B03AACF_PHYSXPC_0F924BDA4771E8B102596ABD61DCFA0__65B862C1E196656EFD80C7D858ACF3700AE7FC5E.udd" 4166
"C:/Users/dws24/AppData/Local/UnrealEngine/Common/DerivedDataCache/6/7/5/PHYSX_A08609EF508D460CBB6710540B03AACF_PHYSXPC_0F924BDA4771E8B102596ABD61DCFA0__57D93CBE7FCE64C39835CDE5621C51EB5A77DABA.udd" 4167
"C:/Users/dws24/AppData/Local/UnrealEngine/Common/DerivedDataCache/3/9/6/PHYSX_A08609EF508D460CBB6710540B03AACF_PHYSXPC_0F924BDA4771E8B102596ABD61DCFA0__6AC18AC34F510152C75F11AD42676074446E8017.udd" 4168
"C:/Users/dws24/AppData/Local/UnrealEngine/Common/DerivedDataCache/6/2/9/PHYSX_A08609EF508D460CBB6710540B03AACF_PHYSXPC_0F924BDA4771E8B102596ABD61DCFA0__DD79D081F06CA41F0667020848F97EA4E8290486.udd" 4169
"C:/Users/dws24/AppData/Local/UnrealEngine/Common/DerivedDataCache/9/6/9/PHYSX_A08609EF508D460CBB6710540B03AACF_PHYSXPC_BCF4A6B541A210D31F595E88A19BB48__97D044673BD285E164299B4ED598FE9402A9E66B.udd" 4170
"C:/Users/dws24/AppData/Local/UnrealEngine/Common/DerivedDataCache/5/5/6/PHYSX_A08609EF508D460CBB6710540B03AACF_PHYSXPC_BCF4A6B541A210D31F595E88A19BB48__BF47DCB77B4AB214E01684CB7CBAA35EF1D51DD1.udd" 4171
"C:/Users/dws24/AppData/Local/UnrealEngine/Common/DerivedDataCache/0/2/6/PHYSX_A08609EF508D460CBB6710540B03AACF_PHYSXPC_BCF4A6B541A210D31F595E88A19BB48__E63D1CFD64837D7265BEE9FF450A1A7E22D290E8.udd" 4172
"C:/Users/dws24/AppData/Local/UnrealEngine/Common/DerivedDataCache/6/1/9/PHYSX_A08609EF508D460CBB6710540B03AACF_PHYSXPC_BCF4A6B541A210D31F595E88A19BB48__5282BC068611C9897ACFCE7DCBBE5E12DB84994C.udd" 4173
"C:/Users/dws24/AppData/Local/UnrealEngine/Common/DerivedDataCache/4/6/8/PHYSX_A08609EF508D460CBB6710540B03AACF_PHYSXPC_BCF4A6B541A210D31F595E88A19BB48__9D18DB0E90E42745E6D35AF61DE66A149388A852.udd" 4174
"C:/Users/dws24/AppData/Local/UnrealEngine/Common/DerivedDataCache/0/3/4/PHYSX_A08609EF508D460CBB6710540B03AACF_PHYSXPC_BCF4A6B541A210D31F595E88A19BB48__024DEB449B044C0B92180FF123B52FCEAB668D3A.udd" 4175
"C:/Users/dws24/AppData/Local/UnrealEngine/Common/DerivedDataCache/2/2/3/PHYSX_A08609EF508D460CBB6710540B03AACF_PHYSXPC_BCF4A6B541A210D31F595E88A19BB48__6CECEBEB36AA0C3AFA15061386E306DA34423321.udd" 4176
"C:/Users/dws24/AppData/Local/UnrealEngine/Common/DerivedDataCache/5/7/1/PHYSX_A08609EF508D460CBB6710540B03AACF_PHYSXPC_BCF4A6B541A210D31F595E88A19BB48__B1C7AA05B8201563EE6AF1596070B342C9A966E7.udd" 4177
"X:/Unreal Projects/Momentum/Momentum/Content/Levels/Levels/LevelGrip.umap" 4178
"X:/Unreal Projects/Momentum/Momentum/Content/Experimental/TriggeredDoor.uasset" 4179
"X:/Unreal Projects/Momentum/Momentum/Content/Levels/Levels/LevelHairpins.umap" 4180
"X:/Unreal Projects/Momentum/Momentum/Content/Levels/Levels/Level8_BuiltData.uasset" 4181
"X:/Unreal Projects/Momentum/Momentum/Content/Models/Tracks/TrackSegmentsWithRailsExtrudeCollision.uasset" 4182
"C:/Users/dws24/AppData/Local/UnrealEngine/Common/DerivedDataCache/4/7/0/STATICMESH_9CE2B6FB46754B699726C4AA1515F12E_228332BAE0224DD294E232B87D83948FQU__47A43BA273F9AA57A1800AC41A12FADE587D19CE.udd" 4183
"C:/Users/dws24/AppData/Local/UnrealEngine/Common/DerivedDataCache/6/0/5/STATICMESH_9CE2B6FB46754B699726C4AA1515F12E_228332BAE0224DD294E232B87D83948FQU__BCE9B932D4CA1C9CCE8F9B8D4817FCD6060ED56A.udd" 4184
"C:/Users/dws24/AppData/Local/UnrealEngine/Common/DerivedDataCache/6/2/2/PHYSX_A08609EF508D460CBB6710540B03AACF_PHYSXPC_924B500A4B0D14B0D5110DA2F497DBE__029FFE177FEFA5A087830A3392527B6CABDF9151.udd" 4185
"C:/Users/dws24/AppData/Local/UnrealEngine/Common/DerivedDataCache/0/1/7/NAVCOLLISION_2983273BE5D6425391E8C0B3D1C0A55D_NAVCOLLISION_X_924B500A4B0D14B0D__87625E976FBD7EE1D40A34339A2E542825447B3A.udd" 4186
"C:/Users/dws24/AppData/Local/UnrealEngine/Common/DerivedDataCache/4/8/0/PHYSX_A08609EF508D460CBB6710540B03AACF_PHYSXPC_B80AD206469B8BFB2328A48962D5A8F__205AFCB759A43D7AFD85090E17D2B4B18D5ABA8E.udd" 4187
"C:/Users/dws24/AppData/Local/UnrealEngine/Common/DerivedDataCache/9/2/3/NAVCOLLISION_2983273BE5D6425391E8C0B3D1C0A55D_NAVCOLLISION_X_B80AD206469B8BFB2__3F731B1189429981965D66C183B9B655CB0D900B.udd" 4188
"X:/Unreal Projects/Momentum/Momentum/Content/Experimental/GlassDecal.uasset" 4189
"C:/Users/dws24/AppData/Local/UnrealEngine/Common/DerivedDataCache/9/9/3/PHYSX_A08609EF508D460CBB6710540B03AACF_PHYSXPC_0F924BDA4771E8B102596ABD61DCFA0__F4094D7E8BE63BFCB0F45ED79BAAD9E4B8878846.udd" 4190
"C:/Users/dws24/AppData/Local/UnrealEngine/Common/DerivedDataCache/1/0/4/PHYSX_A08609EF508D460CBB6710540B03AACF_PHYSXPC_0F924BDA4771E8B102596ABD61DCFA0__7048D14ED9F214F3B49A1E917C02F2AA09D684C1.udd" 4191
"C:/Users/dws24/AppData/Local/UnrealEngine/Common/DerivedDataCache/2/3/0/PHYSX_A08609EF508D460CBB6710540B03AACF_PHYSXPC_0F924BDA4771E8B102596ABD61DCFA0__77775E82689B1610AB66AA1CAC4A6C8943E35C0A.udd" 4192
"C:/Users/dws24/AppData/Local/UnrealEngine/Common/DerivedDataCache/2/6/0/PHYSX_A08609EF508D460CBB6710540B03AACF_PHYSXPC_0F924BDA4771E8B102596ABD61DCFA0__E0502850F0C97E852603D6480D4E8CF3FD1C44E9.udd" 4193
"C:/Users/dws24/AppData/Local/UnrealEngine/Common/DerivedDataCache/1/8/7/PHYSX_A08609EF508D460CBB6710540B03AACF_PHYSXPC_0F924BDA4771E8B102596ABD61DCFA0__6D9EB3608DB595F2534789D6BAF9D32EF7789EC3.udd" 4194
"C:/Users/dws24/AppData/Local/UnrealEngine/Common/DerivedDataCache/4/8/3/PHYSX_A08609EF508D460CBB6710540B03AACF_PHYSXPC_0F924BDA4771E8B102596ABD61DCFA0__22407C254264C9AEF256A120D30F606683D7CEFD.udd" 4195
"C:/Users/dws24/AppData/Local/UnrealEngine/Common/DerivedDataCache/3/6/9/PHYSX_A08609EF508D460CBB6710540B03AACF_PHYSXPC_0F924BDA4771E8B102596ABD61DCFA0__58BEE941C9FA518BCAD96D6AD36C9798300F35B2.udd" 4196
"C:/Users/dws24/AppData/Local/UnrealEngine/Common/DerivedDataCache/4/6/9/PHYSX_A08609EF508D460CBB6710540B03AACF_PHYSXPC_318211F841F2C72CA5CF15BB8E0606E2__1_0_0_0_3_13315_0.udd" 4197
"C:/Users/dws24/AppData/Local/UnrealEngine/Common/DerivedDataCache/5/0/4/PHYSX_A08609EF508D460CBB6710540B03AACF_PHYSXPC_0137E13C4A6ADD09DF53B094E313360B__1_0_0_0_3_13315_0.udd" 4198
"C:/Users/dws24/AppData/Local/UnrealEngine/Common/DerivedDataCache/6/3/5/PHYSX_A08609EF508D460CBB6710540B03AACF_PHYSXPC_566DA953496C20F4AF976285A1897A69__1_0_0_0_3_13315_0.udd" 4199
"C:/Users/dws24/AppData/Local/UnrealEngine/Common/DerivedDataCache/8/9/7/PHYSX_A08609EF508D460CBB6710540B03AACF_PHYSXPC_86723C7E47CCA2BAC5E174AA177D880F__1_0_0_0_3_13315_0.udd" 4200
"C:/Users/dws24/AppData/Local/UnrealEngine/Common/DerivedDataCache/1/1/7/PHYSX_A08609EF508D460CBB6710540B03AACF_PHYSXPC_55D3E09F40A124D7960246B3E3180BF1__1_0_0_0_3_13315_0.udd" 4201
"C:/Users/dws24/AppData/Local/UnrealEngine/Common/DerivedDataCache/2/3/2/PHYSX_A08609EF508D460CBB6710540B03AACF_PHYSXPC_A6F56BE84FACC5E3686AA2903ACEB739__1_0_0_0_3_13315_0.udd" 4202
"C:/Users/dws24/AppData/Local/UnrealEngine/Common/DerivedDataCache/3/0/5/PHYSX_A08609EF508D460CBB6710540B03AACF_PHYSXPC_A584C00D496F7B5586BFD6BC4EE9678F__1_0_0_0_3_13315_0.udd" 4203
"C:/Users/dws24/AppData/Local/UnrealEngine/Common/DerivedDataCache/1/2/3/PHYSX_A08609EF508D460CBB6710540B03AACF_PHYSXPC_D92D890441E4FC98A073658E7D6A7C35__1_0_0_0_3_13315_0.udd" 4204
"C:/Users/dws24/AppData/Local/UnrealEngine/Common/DerivedDataCache/5/0/8/PHYSX_A08609EF508D460CBB6710540B03AACF_PHYSXPC_910E38DD45C7054C609432AE01489F59__1_0_0_0_3_13315_0.udd" 4205
"C:/Users/dws24/AppData/Local/UnrealEngine/Common/DerivedDataCache/7/8/6/PHYSX_A08609EF508D460CBB6710540B03AACF_PHYSXPC_BFAA6A8A4E829F30653F62B556E70E79__1_0_0_0_3_13315_0.udd" 4206
"C:/Users/dws24/AppData/Local/UnrealEngine/Common/DerivedDataCache/0/3/3/PHYSX_A08609EF508D460CBB6710540B03AACF_PHYSXPC_7551FA42481E0BF673A9D6AD12ECAA53__1_0_0_0_3_13315_0.udd" 4207
"C:/Users/dws24/AppData/Local/UnrealEngine/Common/DerivedDataCache/9/3/3/PHYSX_A08609EF508D460CBB6710540B03AACF_PHYSXPC_71595FE24EB46C2F96E3E38B016F6AD6__1_0_0_0_3_13315_0.udd" 4208
"C:/Users/dws24/AppData/Local/UnrealEngine/Common/DerivedDataCache/0/2/5/PHYSX_A08609EF508D460CBB6710540B03AACF_PHYSXPC_2164352646FAFFF1B01DE4B57F44B937__1_0_0_0_3_13315_0.udd" 4209
"C:/Users/dws24/AppData/Local/UnrealEngine/Common/DerivedDataCache/7/2/2/PHYSX_A08609EF508D460CBB6710540B03AACF_PHYSXPC_E003B29D47ED5D8797484C99EAB21D27__1_0_0_0_3_13315_0.udd" 4210
"C:/Users/dws24/AppData/Local/UnrealEngine/Common/DerivedDataCache/1/2/8/PHYSX_A08609EF508D460CBB6710540B03AACF_PHYSXPC_D3D28C914FE9A6FDCF37B293BC94218F__1_0_0_0_3_13315_0.udd" 4211
"C:/Users/dws24/AppData/Local/UnrealEngine/Common/DerivedDataCache/2/6/9/PHYSX_A08609EF508D460CBB6710540B03AACF_PHYSXPC_809660DF4E4539265BA688A39AE0C369__1_0_0_0_3_13315_0.udd" 4212
"C:/Users/dws24/AppData/Local/UnrealEngine/Common/DerivedDataCache/1/5/7/PHYSX_A08609EF508D460CBB6710540B03AACF_PHYSXPC_F92BCC0441BBE2CC8AF8D4A30FADAE03__1_0_0_0_3_13315_0.udd" 4213
"C:/Users/dws24/AppData/Local/UnrealEngine/Common/DerivedDataCache/5/5/8/PHYSX_A08609EF508D460CBB6710540B03AACF_PHYSXPC_86A59B07415129E7EA269C81F640F0BC__1_0_0_0_3_13315_0.udd" 4214
"C:/Users/dws24/AppData/Local/UnrealEngine/Common/DerivedDataCache/8/9/0/PHYSX_A08609EF508D460CBB6710540B03AACF_PHYSXPC_66B721874136FE8B3950008F27645392__1_0_0_0_3_13315_0.udd" 4215
"C:/Users/dws24/AppData/Local/UnrealEngine/Common/DerivedDataCache/0/8/3/PHYSX_A08609EF508D460CBB6710540B03AACF_PHYSXPC_B4EEB5B044B7CDBA25A6EDBEAD056212__1_0_0_0_3_13315_0.udd" 4216
"C:/Users/dws24/AppData/Local/UnrealEngine/Common/DerivedDataCache/5/8/3/PHYSX_A08609EF508D460CBB6710540B03AACF_PHYSXPC_06302B474621167078E3EDB933CFA553__1_0_0_0_3_13315_0.udd" 4217
"C:/Users/dws24/AppData/Local/UnrealEngine/Common/DerivedDataCache/1/2/6/PHYSX_A08609EF508D460CBB6710540B03AACF_PHYSXPC_7B32B1974FF29CAF6C57658765EDB2EC__1_0_0_0_3_13315_0.udd" 4218
"C:/Users/dws24/AppData/Local/UnrealEngine/Common/DerivedDataCache/5/1/2/PHYSX_A08609EF508D460CBB6710540B03AACF_PHYSXPC_2008E1204B2E2A065A062395234DF510__1_0_0_0_3_13315_0.udd" 4219
"C:/Users/dws24/AppData/Local/UnrealEngine/Common/DerivedDataCache/3/1/9/PHYSX_A08609EF508D460CBB6710540B03AACF_PHYSXPC_452453B04BA0E825456187BB4EA33CBD__1_0_0_0_3_13315_0.udd" 4220
"C:/Users/dws24/AppData/Local/UnrealEngine/Common/DerivedDataCache/8/2/0/PHYSX_A08609EF508D460CBB6710540B03AACF_PHYSXPC_67F3C4254FE561C0FC0CF7A374E91784__1_0_0_0_3_13315_0.udd" 4221
"C:/Users/dws24/AppData/Local/UnrealEngine/Common/DerivedDataCache/7/8/3/PHYSX_A08609EF508D460CBB6710540B03AACF_PHYSXPC_80C16ED945DA037BA031C1B2635EB806__1_0_0_0_3_13315_0.udd" 4222
"C:/Users/dws24/AppData/Local/UnrealEngine/Common/DerivedDataCache/2/0/7/PHYSX_A08609EF508D460CBB6710540B03AACF_PHYSXPC_88962B2147855B54A646D3BDAB80108E__1_0_0_0_3_13315_0.udd" 4223
"C:/Users/dws24/AppData/Local/UnrealEngine/Common/DerivedDataCache/1/6/2/PHYSX_A08609EF508D460CBB6710540B03AACF_PHYSXPC_993BA937463CBF50A030F0B1A9850139__1_0_0_0_3_13315_0.udd" 4224
"C:/Users/dws24/AppData/Local/UnrealEngine/Common/DerivedDataCache/5/2/2/PHYSX_A08609EF508D460CBB6710540B03AACF_PHYSXPC_39AF2E014C66E5AD79033993F717FB28__1_0_0_0_3_13315_0.udd" 4225
"C:/Users/dws24/AppData/Local/UnrealEngine/Common/DerivedDataCache/5/7/9/PHYSX_A08609EF508D460CBB6710540B03AACF_PHYSXPC_8CE614994918FE2B1AEF428C92626B93__1_0_0_0_3_13315_0.udd" 4226
"C:/Users/dws24/AppData/Local/UnrealEngine/Common/DerivedDataCache/7/7/3/PHYSX_A08609EF508D460CBB6710540B03AACF_PHYSXPC_2E41176042C9A8CCA60102939165B50F__1_0_0_0_3_13315_0.udd" 4227
"C:/Users/dws24/AppData/Local/UnrealEngine/Common/DerivedDataCache/0/7/9/PHYSX_A08609EF508D460CBB6710540B03AACF_PHYSXPC_0FD602C44C1A90F38573469E07B8C5DF__1_0_0_0_3_13315_0.udd" 4228
"C:/Users/dws24/AppData/Local/UnrealEngine/Common/DerivedDataCache/4/4/6/PHYSX_A08609EF508D460CBB6710540B03AACF_PHYSXPC_DB337B6A4E1350E22649889573265838__1_0_0_0_3_13315_0.udd" 4229
"C:/Users/dws24/AppData/Local/UnrealEngine/Common/DerivedDataCache/8/2/8/PHYSX_A08609EF508D460CBB6710540B03AACF_PHYSXPC_7300FD48465115E567A62CB87B98E16B__1_0_0_0_3_13315_0.udd" 4230
"C:/Users/dws24/AppData/Local/UnrealEngine/Common/DerivedDataCache/4/9/9/PHYSX_A08609EF508D460CBB6710540B03AACF_PHYSXPC_B0AC233941371E993927A89297F05B5A__1_0_0_0_3_13315_0.udd" 4231
"C:/Users/dws24/AppData/Local/UnrealEngine/Common/DerivedDataCache/4/8/2/PHYSX_A08609EF508D460CBB6710540B03AACF_PHYSXPC_D1A6B86C440C0F663B970EB969699B99__1_0_0_0_3_13315_0.udd" 4232
"C:/Users/dws24/AppData/Local/UnrealEngine/Common/DerivedDataCache/7/3/4/PHYSX_A08609EF508D460CBB6710540B03AACF_PHYSXPC_55B50BE0422280BC19E6CD9DFC50223E__1_0_0_0_3_13315_0.udd" 4233
"C:/Users/dws24/AppData/Local/UnrealEngine/Common/DerivedDataCache/7/1/0/PHYSX_A08609EF508D460CBB6710540B03AACF_PHYSXPC_FE7DFAF741D2EF36CDCC9CAC35B0E465__1_0_0_0_3_13315_0.udd" 4234
"C:/Users/dws24/AppData/Local/UnrealEngine/Common/DerivedDataCache/1/7/5/PHYSX_A08609EF508D460CBB6710540B03AACF_PHYSXPC_36D6D1DD4168BE39278AA0948D3D3887__1_0_0_0_3_13315_0.udd" 4235
"C:/Users/dws24/AppData/Local/UnrealEngine/Common/DerivedDataCache/9/8/3/PHYSX_A08609EF508D460CBB6710540B03AACF_PHYSXPC_4D91F1A74B81FB3247A4A29E54F34108__1_0_0_0_3_13315_0.udd" 4236
"C:/Users/dws24/AppData/Local/UnrealEngine/Common/DerivedDataCache/1/2/7/PHYSX_A08609EF508D460CBB6710540B03AACF_PHYSXPC_0C6214644151461B23FE679555694177__1_0_0_0_3_13315_0.udd" 4237
"C:/Users/dws24/AppData/Local/UnrealEngine/Common/DerivedDataCache/0/7/5/PHYSX_A08609EF508D460CBB6710540B03AACF_PHYSXPC_84EF1DA3435C2C247D6331B90ECBE313__1_0_0_0_3_13315_0.udd" 4238
"C:/Users/dws24/AppData/Local/UnrealEngine/Common/DerivedDataCache/2/7/8/PHYSX_A08609EF508D460CBB6710540B03AACF_PHYSXPC_D142D021482A2BE16F968BBAC9F2D69C__1_0_0_0_3_13315_0.udd" 4239
"C:/Users/dws24/AppData/Local/UnrealEngine/Common/DerivedDataCache/7/2/9/PHYSX_A08609EF508D460CBB6710540B03AACF_PHYSXPC_010A977342F3D3EF7CBE22B439BCD274__1_0_0_0_3_13315_0.udd" 4240
"C:/Users/dws24/AppData/Local/UnrealEngine/Common/DerivedDataCache/0/3/7/PHYSX_A08609EF508D460CBB6710540B03AACF_PHYSXPC_AD68D4B64E2D7E3D96E5A8BC80D13994__1_0_0_0_3_13315_0.udd" 4241
"C:/Users/dws24/AppData/Local/UnrealEngine/Common/DerivedDataCache/4/9/4/PHYSX_A08609EF508D460CBB6710540B03AACF_PHYSXPC_88F367DC4070898D47E8EF8FDE70B5F1__1_0_0_0_3_13315_0.udd" 4242
"C:/Users/dws24/AppData/Local/UnrealEngine/Common/DerivedDataCache/4/6/0/PHYSX_A08609EF508D460CBB6710540B03AACF_PHYSXPC_5242396B44557237881678A574E418F8__1_0_0_0_3_13315_0.udd" 4243
"C:/Users/dws24/AppData/Local/UnrealEngine/Common/DerivedDataCache/8/6/6/PHYSX_A08609EF508D460CBB6710540B03AACF_PHYSXPC_C2E296744F98B58BB90D1AA1E3902428__1_0_0_0_3_13315_0.udd" 4244
"C:/Users/dws24/AppData/Local/UnrealEngine/Common/DerivedDataCache/5/7/6/PHYSX_A08609EF508D460CBB6710540B03AACF_PHYSXPC_7B81ECF54AF95217C6C9BEA363DE1714__1_0_0_0_3_13315_0.udd" 4245
"C:/Users/dws24/AppData/Local/UnrealEngine/Common/DerivedDataCache/2/9/7/PHYSX_A08609EF508D460CBB6710540B03AACF_PHYSXPC_8B3F94AA492D8D536CDF3F9F3C06DA9B__1_0_0_0_3_13315_0.udd" 4246
"C:/Users/dws24/AppData/Local/UnrealEngine/Common/DerivedDataCache/0/8/4/PHYSX_A08609EF508D460CBB6710540B03AACF_PHYSXPC_8287EC954D769F31DFC438988683A4B2__1_0_0_0_3_13315_0.udd" 4247
"C:/Users/dws24/AppData/Local/UnrealEngine/Common/DerivedDataCache/1/6/1/PHYSX_A08609EF508D460CBB6710540B03AACF_PHYSXPC_B8C908EC4888E6043A17D0B1BD933432__1_0_0_0_3_13315_0.udd" 4248
"C:/Users/dws24/AppData/Local/UnrealEngine/Common/DerivedDataCache/2/8/1/PHYSX_A08609EF508D460CBB6710540B03AACF_PHYSXPC_AAE1249F47ED7175E3B26C9C5BB4F5E7__1_0_0_0_3_13315_0.udd" 4249
"C:/Users/dws24/AppData/Local/UnrealEngine/Common/DerivedDataCache/4/9/9/PHYSX_A08609EF508D460CBB6710540B03AACF_PHYSXPC_73CFAF364C13416A534957833EE80944__1_0_0_0_3_13315_0.udd" 4250
"C:/Users/dws24/AppData/Local/UnrealEngine/Common/DerivedDataCache/9/8/2/PHYSX_A08609EF508D460CBB6710540B03AACF_PHYSXPC_0FF3C6D64FA98404A631A9AE1103DB04__1_0_0_0_3_13315_0.udd" 4251
"C:/Users/dws24/AppData/Local/UnrealEngine/Common/DerivedDataCache/4/1/7/PHYSX_A08609EF508D460CBB6710540B03AACF_PHYSXPC_ABBAE607400C817BC1D1A68104944446__1_0_0_0_3_13315_0.udd" 4252
"C:/Users/dws24/AppData/Local/UnrealEngine/Common/DerivedDataCache/4/2/1/PHYSX_A08609EF508D460CBB6710540B03AACF_PHYSXPC_FEB7FB614FCFC23A8A5CADB867EF5D9D__1_0_0_0_3_13315_0.udd" 4253
"C:/Users/dws24/AppData/Local/UnrealEngine/Common/DerivedDataCache/6/3/0/PHYSX_A08609EF508D460CBB6710540B03AACF_PHYSXPC_0620799E4CA319DA5A5D5DB9EE344073__1_0_0_0_3_13315_0.udd" 4254
"C:/Users/dws24/AppData/Local/UnrealEngine/Common/DerivedDataCache/4/0/4/PHYSX_A08609EF508D460CBB6710540B03AACF_PHYSXPC_3EFE1D1D449AD313FE11AAA51977E351__1_0_0_0_3_13315_0.udd" 4255
"C:/Users/dws24/AppData/Local/UnrealEngine/Common/DerivedDataCache/7/0/0/PHYSX_A08609EF508D460CBB6710540B03AACF_PHYSXPC_B3A9E2EA4ADAC7218D432CBD8C8BD7C3__1_0_0_0_3_13315_0.udd" 4256
"C:/Users/dws24/AppData/Local/UnrealEngine/Common/DerivedDataCache/7/7/5/PHYSX_A08609EF508D460CBB6710540B03AACF_PHYSXPC_DDF2BF8E4C0FFE8AB000B5BECD90ADA4__1_0_0_0_3_13315_0.udd" 4257
"C:/Users/dws24/AppData/Local/UnrealEngine/Common/DerivedDataCache/1/2/8/PHYSX_A08609EF508D460CBB6710540B03AACF_PHYSXPC_647D60584A9F3435543320AA2400E087__1_0_0_0_3_13315_0.udd" 4258
"C:/Users/dws24/AppData/Local/UnrealEngine/Common/DerivedDataCache/1/8/1/PHYSX_A08609EF508D460CBB6710540B03AACF_PHYSXPC_325559EC476A180001F574BB13515605__1_0_0_0_3_13315_0.udd" 4259
"C:/Users/dws24/AppData/Local/UnrealEngine/Common/DerivedDataCache/9/9/9/PHYSX_A08609EF508D460CBB6710540B03AACF_PHYSXPC_7519E272486F433D12ECAC8DA7254858__1_0_0_0_3_13315_0.udd" 4260
"C:/Users/dws24/AppData/Local/UnrealEngine/Common/DerivedDataCache/7/5/1/PHYSX_A08609EF508D460CBB6710540B03AACF_PHYSXPC_EB26092D4C470D83E0180AA5454AD6A4__1_0_0_0_3_13315_0.udd" 4261
"C:/Users/dws24/AppData/Local/UnrealEngine/Common/DerivedDataCache/4/7/0/PHYSX_A08609EF508D460CBB6710540B03AACF_PHYSXPC_90F64EDB496214761C63B9957ACEDBF7__1_0_0_0_3_13315_0.udd" 4262
"C:/Users/dws24/AppData/Local/UnrealEngine/Common/DerivedDataCache/1/4/3/PHYSX_A08609EF508D460CBB6710540B03AACF_PHYSXPC_5E03FE614C7B45BE4591B5A18E1075C4__1_0_0_0_3_13315_0.udd" 4263
"C:/Users/dws24/AppData/Local/UnrealEngine/Common/DerivedDataCache/7/6/7/PHYSX_A08609EF508D460CBB6710540B03AACF_PHYSXPC_347AAB7044BA404CE3E501B5BA145FCD__1_0_0_0_3_13315_0.udd" 4264
"C:/Users/dws24/AppData/Local/UnrealEngine/Common/DerivedDataCache/7/0/8/PHYSX_A08609EF508D460CBB6710540B03AACF_PHYSXPC_4160EE5F458F5557AD6E418F2325384C__1_0_0_0_3_13315_0.udd" 4265
"C:/Users/dws24/AppData/Local/UnrealEngine/Common/DerivedDataCache/0/6/5/PHYSX_A08609EF508D460CBB6710540B03AACF_PHYSXPC_F30972F7484A36FE1FCEEB9C396F4357__1_0_0_0_3_13315_0.udd" 4266
"C:/Users/dws24/AppData/Local/UnrealEngine/Common/DerivedDataCache/1/9/1/PHYSX_A08609EF508D460CBB6710540B03AACF_PHYSXPC_65D026CE46E1BE25FEE9419ED4DF84A6__1_0_0_0_3_13315_0.udd" 4267
"C:/Users/dws24/AppData/Local/UnrealEngine/Common/DerivedDataCache/5/8/8/PHYSX_A08609EF508D460CBB6710540B03AACF_PHYSXPC_794265E541542C69337FB9A0574DE5E7__1_0_0_0_3_13315_0.udd" 4268
"C:/Users/dws24/AppData/Local/UnrealEngine/Common/DerivedDataCache/6/5/8/PHYSX_A08609EF508D460CBB6710540B03AACF_PHYSXPC_1D4E98D049E4A7FBC64D7B9528AE8213__1_0_0_0_3_13315_0.udd" 4269
"C:/Users/dws24/AppData/Local/UnrealEngine/Common/DerivedDataCache/1/9/3/PHYSX_A08609EF508D460CBB6710540B03AACF_PHYSXPC_EE44DC674808F39D3CC70AA1B72C11CD__1_0_0_0_3_13315_0.udd" 4270
"C:/Users/dws24/AppData/Local/UnrealEngine/Common/DerivedDataCache/0/0/7/PHYSX_A08609EF508D460CBB6710540B03AACF_PHYSXPC_E4481CED42687753A6CDB88099B923CB__1_0_0_0_3_13315_0.udd" 4271
"C:/Users/dws24/AppData/Local/UnrealEngine/Common/DerivedDataCache/5/6/1/PHYSX_A08609EF508D460CBB6710540B03AACF_PHYSXPC_3BDEBBB84A76244FE3697FB725BEF7EE__1_0_0_0_3_13315_0.udd" 4272
"C:/Users/dws24/AppData/Local/UnrealEngine/Common/DerivedDataCache/4/8/4/PHYSX_A08609EF508D460CBB6710540B03AACF_PHYSXPC_E9E999AA42395938BADE0CB52646B125__1_0_0_0_3_13315_0.udd" 4273
"C:/Users/dws24/AppData/Local/UnrealEngine/Common/DerivedDataCache/6/8/7/PHYSX_A08609EF508D460CBB6710540B03AACF_PHYSXPC_AD63E47E4CD3F491039CDBBF82D2D3DD__1_0_0_0_3_13315_0.udd" 4274
"C:/Users/dws24/AppData/Local/UnrealEngine/Common/DerivedDataCache/7/8/1/PHYSX_A08609EF508D460CBB6710540B03AACF_PHYSXPC_AF44DC034917A1043D57D4B19BE7BACC__1_0_0_0_3_13315_0.udd" 4275
"C:/Users/dws24/AppData/Local/UnrealEngine/Common/DerivedDataCache/8/5/4/PHYSX_A08609EF508D460CBB6710540B03AACF_PHYSXPC_B9F344F74FE21785D09E5680D8F3E4D1__1_0_0_0_3_13315_0.udd" 4276
"C:/Users/dws24/AppData/Local/UnrealEngine/Common/DerivedDataCache/7/6/0/PHYSX_A08609EF508D460CBB6710540B03AACF_PHYSXPC_CF3581B5427C23DAB0EB9993728619FC__1_0_0_0_3_13315_0.udd" 4277
"C:/Users/dws24/AppData/Local/UnrealEngine/Common/DerivedDataCache/5/4/4/PHYSX_A08609EF508D460CBB6710540B03AACF_PHYSXPC_76C09D6D4D8A6E57608B5EB08F3C9274__1_0_0_0_3_13315_0.udd" 4278
"C:/Users/dws24/AppData/Local/UnrealEngine/Common/DerivedDataCache/7/8/5/PHYSX_A08609EF508D460CBB6710540B03AACF_PHYSXPC_2FCD876E41904783A0AE14A011B429A7__1_0_0_0_3_13315_0.udd" 4279
"C:/Users/dws24/AppData/Local/UnrealEngine/Common/DerivedDataCache/0/6/4/PHYSX_A08609EF508D460CBB6710540B03AACF_PHYSXPC_AD733BCF4D8D821AAB2B66B24F43C055__1_0_0_0_3_13315_0.udd" 4280
"C:/Users/dws24/AppData/Local/UnrealEngine/Common/DerivedDataCache/0/5/4/PHYSX_A08609EF508D460CBB6710540B03AACF_PHYSXPC_764298184DDF2363F9C6A3AAD4F145E0__1_0_0_0_3_13315_0.udd" 4281
"C:/Users/dws24/AppData/Local/UnrealEngine/Common/DerivedDataCache/6/6/7/PHYSX_A08609EF508D460CBB6710540B03AACF_PHYSXPC_D7AFB25A46F7C2FBE54EEF9E846DD125__1_0_0_0_3_13315_0.udd" 4282
"C:/Users/dws24/AppData/Local/UnrealEngine/Common/DerivedDataCache/2/2/4/PHYSX_A08609EF508D460CBB6710540B03AACF_PHYSXPC_F609E47948380E8E4A2195B544A109B7__1_0_0_0_3_13315_0.udd" 4283
"C:/Users/dws24/AppData/Local/UnrealEngine/Common/DerivedDataCache/8/9/0/PHYSX_A08609EF508D460CBB6710540B03AACF_PHYSXPC_4DFA283541C670718EF41F9EDEFF690C__1_0_0_0_3_13315_0.udd" 4284
"C:/Users/dws24/AppData/Local/UnrealEngine/Common/DerivedDataCache/6/0/5/PHYSX_A08609EF508D460CBB6710540B03AACF_PHYSXPC_1EDB9A5946AF11DE4686739E14D66ABB__1_0_0_0_3_13315_0.udd" 4285
"C:/Users/dws24/AppData/Local/UnrealEngine/Common/DerivedDataCache/3/0/0/PHYSX_A08609EF508D460CBB6710540B03AACF_PHYSXPC_40FFF465448ACACBF404E7AA19D19AC7__1_0_0_0_3_13315_0.udd" 4286
"C:/Users/dws24/AppData/Local/UnrealEngine/Common/DerivedDataCache/9/3/2/PHYSX_A08609EF508D460CBB6710540B03AACF_PHYSXPC_3CF732654E6E55F09529FF9BBF898014__1_0_0_0_3_13315_0.udd" 4287
"C:/Users/dws24/AppData/Local/UnrealEngine/Common/DerivedDataCache/7/5/8/PHYSX_A08609EF508D460CBB6710540B03AACF_PHYSXPC_9A0C271F411AFB714FAB1CB21BC96765__1_0_0_0_3_13315_0.udd" 4288
"C:/Users/dws24/AppData/Local/UnrealEngine/Common/DerivedDataCache/3/4/4/PHYSX_A08609EF508D460CBB6710540B03AACF_PHYSXPC_FA416D134099645F9FB6EB8A594E65DF__1_0_0_0_3_13315_0.udd" 4289
"C:/Users/dws24/AppData/Local/UnrealEngine/Common/DerivedDataCache/9/6/4/PHYSX_A08609EF508D460CBB6710540B03AACF_PHYSXPC_56310F004E4F256CC49FDB9B5B5281E8__1_0_0_0_3_13315_0.udd" 4290
"C:/Users/dws24/AppData/Local/UnrealEngine/Common/DerivedDataCache/9/5/9/PHYSX_A08609EF508D460CBB6710540B03AACF_PHYSXPC_F3923FDC426796952FB5C2A5B8CE3136__1_0_0_0_3_13315_0.udd" 4291
"C:/Users/dws24/AppData/Local/UnrealEngine/Common/DerivedDataCache/3/1/6/PHYSX_A08609EF508D460CBB6710540B03AACF_PHYSXPC_63712B2A474896F526E52D93D2F70D51__1_0_0_0_3_13315_0.udd" 4292
"C:/Users/dws24/AppData/Local/UnrealEngine/Common/DerivedDataCache/6/0/5/PHYSX_A08609EF508D460CBB6710540B03AACF_PHYSXPC_5D1E82E8476C4228C52735873D010B6A__1_0_0_0_3_13315_0.udd" 4293
"C:/Users/dws24/AppData/Local/UnrealEngine/Common/DerivedDataCache/5/0/1/PHYSX_A08609EF508D460CBB6710540B03AACF_PHYSXPC_4C829F244B663B3536C9068D1504D559__1_0_0_0_3_13315_0.udd" 4294
"C:/Users/dws24/AppData/Local/UnrealEngine/Common/DerivedDataCache/6/7/8/PHYSX_A08609EF508D460CBB6710540B03AACF_PHYSXPC_181E2A1A4A853A7D02702F840D19F653__1_0_0_0_3_13315_0.udd" 4295
"C:/Users/dws24/AppData/Local/UnrealEngine/Common/DerivedDataCache/9/4/7/PHYSX_A08609EF508D460CBB6710540B03AACF_PHYSXPC_878E1DBB4CEBC95B2F7F0A9D4B039A31__1_0_0_0_3_13315_0.udd" 4296
"C:/Users/dws24/AppData/Local/UnrealEngine/Common/DerivedDataCache/3/8/5/PHYSX_A08609EF508D460CBB6710540B03AACF_PHYSXPC_0901520D4EBF8FE4B7028184B1E31FC4__1_0_0_0_3_13315_0.udd" 4297
"C:/Users/dws24/AppData/Local/UnrealEngine/Common/DerivedDataCache/7/2/9/PHYSX_A08609EF508D460CBB6710540B03AACF_PHYSXPC_AD496F1B4848D515257A6688A0C161A3__1_0_0_0_3_13315_0.udd" 4298
"C:/Users/dws24/AppData/Local/UnrealEngine/Common/DerivedDataCache/9/9/7/PHYSX_A08609EF508D460CBB6710540B03AACF_PHYSXPC_7E7E861A42C74FAD781831A56C52191F__1_0_0_0_3_13315_0.udd" 4299
"C:/Users/dws24/AppData/Local/UnrealEngine/Common/DerivedDataCache/8/2/4/PHYSX_A08609EF508D460CBB6710540B03AACF_PHYSXPC_2489D8D34C704689E427EF986D880BDB__1_0_0_0_3_13315_0.udd" 4300
"C:/Users/dws24/AppData/Local/UnrealEngine/Common/DerivedDataCache/9/5/4/PHYSX_A08609EF508D460CBB6710540B03AACF_PHYSXPC_AB662E2B49CD10D67D5814B1F6927963__1_0_0_0_3_13315_0.udd" 4301
"C:/Users/dws24/AppData/Local/UnrealEngine/Common/DerivedDataCache/1/8/2/PHYSX_A08609EF508D460CBB6710540B03AACF_PHYSXPC_B725EBBC42846C09AB5B838CAE301511__1_0_0_0_3_13315_0.udd" 4302
"C:/Users/dws24/AppData/Local/UnrealEngine/Common/DerivedDataCache/7/9/6/PHYSX_A08609EF508D460CBB6710540B03AACF_PHYSXPC_C9CA964246D5F988A1970EB9E016FFD0__1_0_0_0_3_13315_0.udd" 4303
"C:/Users/dws24/AppData/Local/UnrealEngine/Common/DerivedDataCache/4/4/4/PHYSX_A08609EF508D460CBB6710540B03AACF_PHYSXPC_6C34BA11414624D29DADC786A71F11F8__1_0_0_0_3_13315_0.udd" 4304
"C:/Users/dws24/AppData/Local/UnrealEngine/Common/DerivedDataCache/4/0/0/PHYSX_A08609EF508D460CBB6710540B03AACF_PHYSXPC_7828739F4325F9FA9AF426B840C9C38C__1_0_0_0_3_13315_0.udd" 4305
"C:/Users/dws24/AppData/Local/UnrealEngine/Common/DerivedDataCache/9/1/3/PHYSX_A08609EF508D460CBB6710540B03AACF_PHYSXPC_620D78534745FC7A4057B2A50DFDE4DF__1_0_0_0_3_13315_0.udd" 4306
"C:/Users/dws24/AppData/Local/UnrealEngine/Common/DerivedDataCache/3/3/5/PHYSX_A08609EF508D460CBB6710540B03AACF_PHYSXPC_B2F63547449A8B43050BA3A8F2FF5B11__1_0_0_0_3_13315_0.udd" 4307
"C:/Users/dws24/AppData/Local/UnrealEngine/Common/DerivedDataCache/6/3/2/PHYSX_A08609EF508D460CBB6710540B03AACF_PHYSXPC_080036114775B7BE878A8CB18A6BA2D0__1_0_0_0_3_13315_0.udd" 4308
"C:/Users/dws24/AppData/Local/UnrealEngine/Common/DerivedDataCache/0/6/2/PHYSX_A08609EF508D460CBB6710540B03AACF_PHYSXPC_F43C7D744DD3AFC2DBD379B31BCF8EE4__1_0_0_0_3_13315_0.udd" 4309
"C:/Users/dws24/AppData/Local/UnrealEngine/Common/DerivedDataCache/3/4/0/PHYSX_A08609EF508D460CBB6710540B03AACF_PHYSXPC_F380EABC467A7523F1BEC5A701C2ED78__1_0_0_0_3_13315_0.udd" 4310
"C:/Users/dws24/AppData/Local/UnrealEngine/Common/DerivedDataCache/9/9/7/PHYSX_A08609EF508D460CBB6710540B03AACF_PHYSXPC_BAF2C5EC4594C2C0FE4FC0ABB82A4A7C__1_0_0_0_3_13315_0.udd" 4311
"C:/Users/dws24/AppData/Local/UnrealEngine/Common/DerivedDataCache/0/0/1/PHYSX_A08609EF508D460CBB6710540B03AACF_PHYSXPC_FCC6446848B7E4567E024CB30536DCC0__1_0_0_0_3_13315_0.udd" 4312
"C:/Users/dws24/AppData/Local/UnrealEngine/Common/DerivedDataCache/5/6/3/PHYSX_A08609EF508D460CBB6710540B03AACF_PHYSXPC_C7F15C114856C96D477DD5B59FDEAB5C__1_0_0_0_3_13315_0.udd" 4313
"C:/Users/dws24/AppData/Local/UnrealEngine/Common/DerivedDataCache/0/7/3/PHYSX_A08609EF508D460CBB6710540B03AACF_PHYSXPC_9A304B6944AD9821B50CD3A7E3BBD5E9__1_0_0_0_3_13315_0.udd" 4314
"C:/Users/dws24/AppData/Local/UnrealEngine/Common/DerivedDataCache/2/7/4/PHYSX_A08609EF508D460CBB6710540B03AACF_PHYSXPC_130DB65640EAD6805594779D7E28594A__1_0_0_0_3_13315_0.udd" 4315
"C:/Users/dws24/AppData/Local/UnrealEngine/Common/DerivedDataCache/4/9/7/PHYSX_A08609EF508D460CBB6710540B03AACF_PHYSXPC_5B44B3B24D907D82EBB736B00F3CDF41__1_0_0_0_3_13315_0.udd" 4316
"C:/Users/dws24/AppData/Local/UnrealEngine/Common/DerivedDataCache/0/4/5/PHYSX_A08609EF508D460CBB6710540B03AACF_PHYSXPC_773A85E4492B6E6E5EC342A5379855FF__1_0_0_0_3_13315_0.udd" 4317
"C:/Users/dws24/AppData/Local/UnrealEngine/Common/DerivedDataCache/1/8/9/PHYSX_A08609EF508D460CBB6710540B03AACF_PHYSXPC_ABC0449E4CCC328E5400E493EDFF5D9A__1_0_0_0_3_13315_0.udd" 4318
"C:/Users/dws24/AppData/Local/UnrealEngine/Common/DerivedDataCache/5/4/9/PHYSX_A08609EF508D460CBB6710540B03AACF_PHYSXPC_26083EA44D934E8369954CA46492B7FE__1_0_0_0_3_13315_0.udd" 4319
"C:/Users/dws24/AppData/Local/UnrealEngine/Common/DerivedDataCache/8/6/2/PHYSX_A08609EF508D460CBB6710540B03AACF_PHYSXPC_90688A4A44166CB58D3D67B89EDB552D__1_0_0_0_3_13315_0.udd" 4320
"C:/Users/dws24/AppData/Local/UnrealEngine/Common/DerivedDataCache/4/7/7/PHYSX_A08609EF508D460CBB6710540B03AACF_PHYSXPC_AB1CD87C471E2C105A15F3991408FBB9__1_0_0_0_3_13315_0.udd" 4321
"C:/Users/dws24/AppData/Local/UnrealEngine/Common/DerivedDataCache/4/2/2/PHYSX_A08609EF508D460CBB6710540B03AACF_PHYSXPC_6A4EDE8540BC024DD0CF64953C3A1774__1_0_0_0_3_13315_0.udd" 4322
"C:/Users/dws24/AppData/Local/UnrealEngine/Common/DerivedDataCache/5/5/9/PHYSX_A08609EF508D460CBB6710540B03AACF_PHYSXPC_F5C2A441455680C6CE33679AAEA6FAAF__1_0_0_0_3_13315_0.udd" 4323
"C:/Users/dws24/AppData/Local/UnrealEngine/Common/DerivedDataCache/0/5/3/PHYSX_A08609EF508D460CBB6710540B03AACF_PHYSXPC_2C77FD4F46B348A1622F789FE1708807__1_0_0_0_3_13315_0.udd" 4324
"C:/Users/dws24/AppData/Local/UnrealEngine/Common/DerivedDataCache/7/1/1/PHYSX_A08609EF508D460CBB6710540B03AACF_PHYSXPC_D446CC744BDD52C3735606B3E057B38B__1_0_0_0_3_13315_0.udd" 4325
"C:/Users/dws24/AppData/Local/UnrealEngine/Common/DerivedDataCache/8/8/0/PHYSX_A08609EF508D460CBB6710540B03AACF_PHYSXPC_E739771F4DF05A2C9434569E281C7617__1_0_0_0_3_13315_0.udd" 4326
"C:/Users/dws24/AppData/Local/UnrealEngine/Common/DerivedDataCache/8/7/1/PHYSX_A08609EF508D460CBB6710540B03AACF_PHYSXPC_6360C8E8431ED11C0396EAA04290BBC9__1_0_0_0_3_13315_0.udd" 4327
"C:/Users/dws24/AppData/Local/UnrealEngine/Common/DerivedDataCache/8/3/9/PHYSX_A08609EF508D460CBB6710540B03AACF_PHYSXPC_D5382B484D783BFBE3B4F5A810136210__1_0_0_0_3_13315_0.udd" 4328
"C:/Users/dws24/AppData/Local/UnrealEngine/Common/DerivedDataCache/1/4/2/PHYSX_A08609EF508D460CBB6710540B03AACF_PHYSXPC_D2154759494175612846F992DE07A471__1_0_0_0_3_13315_0.udd" 4329
"C:/Users/dws24/AppData/Local/UnrealEngine/Common/DerivedDataCache/9/6/7/PHYSX_A08609EF508D460CBB6710540B03AACF_PHYSXPC_5D5E58524536F29796A0B2BF44491DD2__1_0_0_0_3_13315_0.udd" 4330
"C:/Users/dws24/AppData/Local/UnrealEngine/Common/DerivedDataCache/5/5/3/PHYSX_A08609EF508D460CBB6710540B03AACF_PHYSXPC_CD1578F74AF90AD93F39B9B97D614F5A__1_0_0_0_3_13315_0.udd" 4331
"C:/Users/dws24/AppData/Local/UnrealEngine/Common/DerivedDataCache/1/6/0/PHYSX_A08609EF508D460CBB6710540B03AACF_PHYSXPC_F4429A604564E4DC3C943F9BD245A7C4__1_0_0_0_3_13315_0.udd" 4332
"C:/Users/dws24/AppData/Local/UnrealEngine/Common/DerivedDataCache/4/6/0/PHYSX_A08609EF508D460CBB6710540B03AACF_PHYSXPC_D895E0A64CE470C1167CE0818BF6F93B__1_0_0_0_3_13315_0.udd" 4333
"C:/Users/dws24/AppData/Local/UnrealEngine/Common/DerivedDataCache/1/8/7/PHYSX_A08609EF508D460CBB6710540B03AACF_PHYSXPC_9452B51E4230E796754AFEB8250D675D__1_0_0_0_3_13315_0.udd" 4334
"C:/Users/dws24/AppData/Local/UnrealEngine/Common/DerivedDataCache/4/0/3/PHYSX_A08609EF508D460CBB6710540B03AACF_PHYSXPC_89FDCB7E4C28A1F6D0EEABB320BE0D5E__1_0_0_0_3_13315_0.udd" 4335
"C:/Users/dws24/AppData/Local/UnrealEngine/Common/DerivedDataCache/4/4/6/PHYSX_A08609EF508D460CBB6710540B03AACF_PHYSXPC_D44F162340CCBCF1E0CABF85B73027B9__1_0_0_0_3_13315_0.udd" 4336
"C:/Users/dws24/AppData/Local/UnrealEngine/Common/DerivedDataCache/4/5/0/PHYSX_A08609EF508D460CBB6710540B03AACF_PHYSXPC_A7CA08154897DCE2B8938996A1914850__1_0_0_0_3_13315_0.udd" 4337
"C:/Users/dws24/AppData/Local/UnrealEngine/Common/DerivedDataCache/6/7/7/PHYSX_A08609EF508D460CBB6710540B03AACF_PHYSXPC_9209E97748374B581858139D40005B7C__1_0_0_0_3_13315_0.udd" 4338
"C:/Users/dws24/AppData/Local/UnrealEngine/Common/DerivedDataCache/6/5/7/PHYSX_A08609EF508D460CBB6710540B03AACF_PHYSXPC_52940120478531C9FA4181902DC36E0E__1_0_0_0_3_13315_0.udd" 4339
"C:/Users/dws24/AppData/Local/UnrealEngine/Common/DerivedDataCache/4/1/1/PHYSX_A08609EF508D460CBB6710540B03AACF_PHYSXPC_D5BF4E5C429D3E793152C781CDE8DDEF__1_0_0_0_3_13315_0.udd" 4340
"C:/Users/dws24/AppData/Local/UnrealEngine/Common/DerivedDataCache/9/8/4/PHYSX_A08609EF508D460CBB6710540B03AACF_PHYSXPC_E82AF3B44DD1D31352CB3BA91D4DF9AA__1_0_0_0_3_13315_0.udd" 4341
"C:/Users/dws24/AppData/Local/UnrealEngine/Common/DerivedDataCache/0/2/7/PHYSX_A08609EF508D460CBB6710540B03AACF_PHYSXPC_6D84A2D14AB43242724D7D9A05026E8C__1_0_0_0_3_13315_0.udd" 4342
"C:/Users/dws24/AppData/Local/UnrealEngine/Common/DerivedDataCache/3/1/0/PHYSX_A08609EF508D460CBB6710540B03AACF_PHYSXPC_C63EC9D94633CD0BF553F6A70481A851__1_0_0_0_3_13315_0.udd" 4343
"C:/Users/dws24/AppData/Local/UnrealEngine/Common/DerivedDataCache/6/3/7/PHYSX_A08609EF508D460CBB6710540B03AACF_PHYSXPC_01ED9A9F415E18FB024A598FFC31C24F__1_0_0_0_3_13315_0.udd" 4344
"C:/Users/dws24/AppData/Local/UnrealEngine/Common/DerivedDataCache/4/8/5/PHYSX_A08609EF508D460CBB6710540B03AACF_PHYSXPC_4C2CE81643CF7C1A685045B0C4592C09__1_0_0_0_3_13315_0.udd" 4345
"C:/Users/dws24/AppData/Local/UnrealEngine/Common/DerivedDataCache/6/6/8/PHYSX_A08609EF508D460CBB6710540B03AACF_PHYSXPC_3045229F4DDF845D06F9AE95C2CCBD55__1_0_0_0_3_13315_0.udd" 4346
"C:/Users/dws24/AppData/Local/UnrealEngine/Common/DerivedDataCache/6/3/0/PHYSX_A08609EF508D460CBB6710540B03AACF_PHYSXPC_E2B1FEAA4ADBAB140AEF6EAA6AE7D2D9__1_0_0_0_3_13315_0.udd" 4347
"C:/Users/dws24/AppData/Local/UnrealEngine/Common/DerivedDataCache/2/6/9/PHYSX_A08609EF508D460CBB6710540B03AACF_PHYSXPC_C95A123B49C61AD952103D9E805A2B3F__1_0_0_0_3_13315_0.udd" 4348
"C:/Users/dws24/AppData/Local/UnrealEngine/Common/DerivedDataCache/9/6/6/PHYSX_A08609EF508D460CBB6710540B03AACF_PHYSXPC_AF1B0FBF4AC8A7049C50578B1D7232DF__1_0_0_0_3_13315_0.udd" 4349
"C:/Users/dws24/AppData/Local/UnrealEngine/Common/DerivedDataCache/6/9/4/PHYSX_A08609EF508D460CBB6710540B03AACF_PHYSXPC_FBF0258049CD21CA639EBAB07B04F7AD__1_0_0_0_3_13315_0.udd" 4350
"C:/Users/dws24/AppData/Local/UnrealEngine/Common/DerivedDataCache/8/7/5/PHYSX_A08609EF508D460CBB6710540B03AACF_PHYSXPC_026DB89B454A8ACCB8DF6F88600A270A__1_0_0_0_3_13315_0.udd" 4351
"C:/Users/dws24/AppData/Local/UnrealEngine/Common/DerivedDataCache/4/4/1/PHYSX_A08609EF508D460CBB6710540B03AACF_PHYSXPC_6A767EBA4FBB674A59F96AA1D217D834__1_0_0_0_3_13315_0.udd" 4352
"C:/Users/dws24/AppData/Local/UnrealEngine/Common/DerivedDataCache/6/1/5/PHYSX_A08609EF508D460CBB6710540B03AACF_PHYSXPC_6C71AF8149E2C7C9100085B3C273164B__1_0_0_0_3_13315_0.udd" 4353
"C:/Users/dws24/AppData/Local/UnrealEngine/Common/DerivedDataCache/5/3/0/PHYSX_A08609EF508D460CBB6710540B03AACF_PHYSXPC_36B07F064DD110E61F27E1A2E3B1E960__1_0_0_0_3_13315_0.udd" 4354
"C:/Users/dws24/AppData/Local/UnrealEngine/Common/DerivedDataCache/6/8/2/PHYSX_A08609EF508D460CBB6710540B03AACF_PHYSXPC_E0D5B2204C7AB5730B2E8FA748AB70D7__1_0_0_0_3_13315_0.udd" 4355
"C:/Users/dws24/AppData/Local/UnrealEngine/Common/DerivedDataCache/8/2/7/PHYSX_A08609EF508D460CBB6710540B03AACF_PHYSXPC_B038901E4C68B324C7D8658F6C519808__1_0_0_0_3_13315_0.udd" 4356
"C:/Users/dws24/AppData/Local/UnrealEngine/Common/DerivedDataCache/1/4/4/PHYSX_A08609EF508D460CBB6710540B03AACF_PHYSXPC_A5A0514E4A8ADB58FD3BA49681257CB9__1_0_0_0_3_13315_0.udd" 4357
"C:/Users/dws24/AppData/Local/UnrealEngine/Common/DerivedDataCache/6/4/0/PHYSX_A08609EF508D460CBB6710540B03AACF_PHYSXPC_C782E9C84C75627614911DA5E8712251__1_0_0_0_3_13315_0.udd" 4358
"C:/Users/dws24/AppData/Local/UnrealEngine/Common/DerivedDataCache/2/8/3/PHYSX_A08609EF508D460CBB6710540B03AACF_PHYSXPC_AB7F5339423212A29A9D4E9944370BD0__1_0_0_0_3_13315_0.udd" 4359
"C:/Users/dws24/AppData/Local/UnrealEngine/Common/DerivedDataCache/6/2/5/PHYSX_A08609EF508D460CBB6710540B03AACF_PHYSXPC_2470ACCF454A66B9BAE155B3DBCCDD41__1_0_0_0_3_13315_0.udd" 4360
"C:/Users/dws24/AppData/Local/UnrealEngine/Common/DerivedDataCache/9/3/6/PHYSX_A08609EF508D460CBB6710540B03AACF_PHYSXPC_B4B746304AF73448B90DB5AD6BF10421__1_0_0_0_3_13315_0.udd" 4361
"C:/Users/dws24/AppData/Local/UnrealEngine/Common/DerivedDataCache/2/1/9/PHYSX_A08609EF508D460CBB6710540B03AACF_PHYSXPC_83DB2066494F5A63FDBB54812FF08850__1_0_0_0_3_13315_0.udd" 4362
"C:/Users/dws24/AppData/Local/UnrealEngine/Common/DerivedDataCache/9/0/8/PHYSX_A08609EF508D460CBB6710540B03AACF_PHYSXPC_388CBDCE4437C5C0F274409760F8D3FF__1_0_0_0_3_13315_0.udd" 4363
"C:/Users/dws24/AppData/Local/UnrealEngine/Common/DerivedDataCache/4/0/2/PHYSX_A08609EF508D460CBB6710540B03AACF_PHYSXPC_A77E9C6B49DD538DBB428681DE461BA0__1_0_0_0_3_13315_0.udd" 4364
"C:/Users/dws24/AppData/Local/UnrealEngine/Common/DerivedDataCache/5/6/7/PHYSX_A08609EF508D460CBB6710540B03AACF_PHYSXPC_374F2EBE4208040394DFA4AE9A2C8133__1_0_0_0_3_13315_0.udd" 4365
"C:/Users/dws24/AppData/Local/UnrealEngine/Common/DerivedDataCache/1/5/7/PHYSX_A08609EF508D460CBB6710540B03AACF_PHYSXPC_6BF68464407EC3F45042F18B4C13007A__1_0_0_0_3_13315_0.udd" 4366
"C:/Users/dws24/AppData/Local/UnrealEngine/Common/DerivedDataCache/9/7/8/PHYSX_A08609EF508D460CBB6710540B03AACF_PHYSXPC_10FE74C44AEF9223371F56AF8EB89025__1_0_0_0_3_13315_0.udd" 4367
"C:/Users/dws24/AppData/Local/UnrealEngine/Common/DerivedDataCache/6/1/1/PHYSX_A08609EF508D460CBB6710540B03AACF_PHYSXPC_4B69901B4D2708A2658E80B63AFDCEF3__1_0_0_0_3_13315_0.udd" 4368
"C:/Users/dws24/AppData/Local/UnrealEngine/Common/DerivedDataCache/2/6/8/PHYSX_A08609EF508D460CBB6710540B03AACF_PHYSXPC_FD92F06149718E5FC600ACA3E871B11D__1_0_0_0_3_13315_0.udd" 4369
"C:/Users/dws24/AppData/Local/UnrealEngine/Common/DerivedDataCache/6/0/8/PHYSX_A08609EF508D460CBB6710540B03AACF_PHYSXPC_3B3519EA499FDE0F7242F9A52ACE53A1__1_0_0_0_3_13315_0.udd" 4370
"C:/Users/dws24/AppData/Local/UnrealEngine/Common/DerivedDataCache/8/2/4/PHYSX_A08609EF508D460CBB6710540B03AACF_PHYSXPC_322FCE6B4CA1D1C215EA7199B39EA454__1_0_0_0_3_13315_0.udd" 4371
"C:/Users/dws24/AppData/Local/UnrealEngine/Common/DerivedDataCache/2/6/1/PHYSX_A08609EF508D460CBB6710540B03AACF_PHYSXPC_63807A2546D6891268325DB73C32EC29__1_0_0_0_3_13315_0.udd" 4372
"C:/Users/dws24/AppData/Local/UnrealEngine/Common/DerivedDataCache/7/2/9/PHYSX_A08609EF508D460CBB6710540B03AACF_PHYSXPC_BBBFEA3A4D044FD6DCC8879CE866D4F2__1_0_0_0_3_13315_0.udd" 4373
"C:/Users/dws24/AppData/Local/UnrealEngine/Common/DerivedDataCache/2/3/6/PHYSX_A08609EF508D460CBB6710540B03AACF_PHYSXPC_82C2C8A34D4BF295645328841BB660DE__1_0_0_0_3_13315_0.udd" 4374
"C:/Users/dws24/AppData/Local/UnrealEngine/Common/DerivedDataCache/2/1/5/PHYSX_A08609EF508D460CBB6710540B03AACF_PHYSXPC_9D85D1464D817EB6C1E46AAC323B2B1C__1_0_0_0_3_13315_0.udd" 4375
"C:/Users/dws24/AppData/Local/UnrealEngine/Common/DerivedDataCache/1/5/6/PHYSX_A08609EF508D460CBB6710540B03AACF_PHYSXPC_8A47B63D4D6E590975808AA621500257__1_0_0_0_3_13315_0.udd" 4376
"C:/Users/dws24/AppData/Local/UnrealEngine/Common/DerivedDataCache/0/7/8/PHYSX_A08609EF508D460CBB6710540B03AACF_PHYSXPC_00FF8B0F4D840C9D5C0537AC7982550F__1_0_0_0_2_13315_0.udd" 4377
"C:/Users/dws24/AppData/Local/UnrealEngine/Common/DerivedDataCache/0/2/4/PHYSX_A08609EF508D460CBB6710540B03AACF_PHYSXPC_BCF4A6B541A210D31F595E88A19BB48__3B9F3D9BFD3A855F38E80D2E6B311FC8AFE5DE5C.udd" 4378
"C:/Users/dws24/AppData/Local/UnrealEngine/Common/DerivedDataCache/4/1/5/PHYSX_A08609EF508D460CBB6710540B03AACF_PHYSXPC_BCF4A6B541A210D31F595E88A19BB48__8837D28A690BC90E6D55737707DD72BD84571B76.udd" 4379
"C:/Users/dws24/AppData/Local/UnrealEngine/Common/DerivedDataCache/1/0/9/PHYSX_A08609EF508D460CBB6710540B03AACF_PHYSXPC_BCF4A6B541A210D31F595E88A19BB48__2D78B20E1511D89CCC2782808ACA4C6B0E311EF5.udd" 4380
"C:/Users/dws24/AppData/Local/UnrealEngine/Common/DerivedDataCache/0/0/9/PHYSX_A08609EF508D460CBB6710540B03AACF_PHYSXPC_BCF4A6B541A210D31F595E88A19BB48__027E0A0E51FA0A3F1EEE8FD5F4282FD997A4726B.udd" 4381
"C:/Users/dws24/AppData/Local/UnrealEngine/Common/DerivedDataCache/4/0/9/PHYSX_A08609EF508D460CBB6710540B03AACF_PHYSXPC_BCF4A6B541A210D31F595E88A19BB48__3E59F7FBE90959D11D6D74A52DD4FC53997A3D05.udd" 4382
"C:/Users/dws24/AppData/Local/UnrealEngine/Common/DerivedDataCache/7/8/8/PHYSX_A08609EF508D460CBB6710540B03AACF_PHYSXPC_BCF4A6B541A210D31F595E88A19BB48__3586DE0D32C8243277FE2C9610CCACB65FED33C9.udd" 4383
"C:/Users/dws24/AppData/Local/UnrealEngine/Common/DerivedDataCache/9/4/6/PHYSX_A08609EF508D460CBB6710540B03AACF_PHYSXPC_BCF4A6B541A210D31F595E88A19BB48__F10F7AE4E12103CD6AC629B02C20EB7D18C4A7BF.udd" 4384
"C:/Users/dws24/AppData/Local/UnrealEngine/Common/DerivedDataCache/7/4/8/PHYSX_A08609EF508D460CBB6710540B03AACF_PHYSXPC_BCF4A6B541A210D31F595E88A19BB48__27CB80A71A57D4417256FDBB1EDC8300050E06B5.udd" 4385
"C:/Users/dws24/AppData/Local/UnrealEngine/Common/DerivedDataCache/8/2/6/PHYSX_A08609EF508D460CBB6710540B03AACF_PHYSXPC_BCF4A6B541A210D31F595E88A19BB48__12AD9C18677F58CA8BE632DC3B4C50A01C23DDD6.udd" 4386
"C:/Users/dws24/AppData/Local/UnrealEngine/Common/DerivedDataCache/0/2/1/PHYSX_A08609EF508D460CBB6710540B03AACF_PHYSXPC_BCF4A6B541A210D31F595E88A19BB48__89F3D3B4389234037BE158B699E6CB4D8AE5BC22.udd" 4387
"C:/Users/dws24/AppData/Local/UnrealEngine/Common/DerivedDataCache/6/0/5/PHYSX_A08609EF508D460CBB6710540B03AACF_PHYSXPC_BCF4A6B541A210D31F595E88A19BB48__149ED2BC26713D70485991E97C4BF6E8DBE67B82.udd" 4388
"X:/Unreal Projects/Momentum/Momentum/Content/Experimental/Windows4x4.uasset" 4389
"X:/Unreal Projects/Momentum/Momentum/Content/Models/Tracks/SurfaceTest/TrackCollision.uasset" 4390
"C:/Users/dws24/AppData/Local/UnrealEngine/Common/DerivedDataCache/1/8/7/STATICMESH_9CE2B6FB46754B699726C4AA1515F12E_228332BAE0224DD294E232B87D83948FQU__15E8838E5AF8D21CD752AE83E4D15CD591340513.udd" 4391
"C:/Users/dws24/AppData/Local/UnrealEngine/Common/DerivedDataCache/7/3/1/PHYSX_A08609EF508D460CBB6710540B03AACF_PHYSXPC_E3B2099F4E19EF00A918B594B93DCC3__7E309FA38C1C78E1F13BFB3AE815638B4426E972.udd" 4392
"C:/Users/dws24/AppData/Local/UnrealEngine/Common/DerivedDataCache/4/5/4/NAVCOLLISION_2983273BE5D6425391E8C0B3D1C0A55D_NAVCOLLISION_X_E3B2099F4E19EF00A__81B422ED6D632548B32FA634F36E1109A63486EB.udd" 4393
"C:/Users/dws24/AppData/Local/UnrealEngine/Common/DerivedDataCache/3/1/1/STATICMESH_9CE2B6FB46754B699726C4AA1515F12E_228332BAE0224DD294E232B87D83948FQU__36A753D0464517A14EF816833D782E8F262410FD.udd" 4394
"C:/Users/dws24/AppData/Local/UnrealEngine/Common/DerivedDataCache/6/0/5/PHYSX_A08609EF508D460CBB6710540B03AACF_PHYSXPC_713E38D54972280932BDC48622B6A47__64636391E3086DB448FB050738D747C628F9ACBF.udd" 4395
"C:/Users/dws24/AppData/Local/UnrealEngine/Common/DerivedDataCache/3/7/4/NAVCOLLISION_2983273BE5D6425391E8C0B3D1C0A55D_NAVCOLLISION_X_713E38D5497228093__0A562DD851B74BA4876A7CB381EC5000E7A8E766.udd" 4396
"X:/Unreal Projects/Momentum/Momentum/Content/Levels/Levels/Level8.umap" 4397
"C:/Users/dws24/AppData/Local/UnrealEngine/Common/DerivedDataCache/2/5/1/PHYSX_A08609EF508D460CBB6710540B03AACF_PHYSXPC_0F924BDA4771E8B102596ABD61DCFA0__B2665A39CDFC296D9F0055E9A8545FB5E81A708C.udd" 4398
"C:/Users/dws24/AppData/Local/UnrealEngine/Common/DerivedDataCache/4/6/2/PHYSX_A08609EF508D460CBB6710540B03AACF_PHYSXPC_0F924BDA4771E8B102596ABD61DCFA0__D7234C92734D1CD72876CEEED664C36408319FBC.udd" 4399
"C:/Users/dws24/AppData/Local/UnrealEngine/Common/DerivedDataCache/9/3/7/PHYSX_A08609EF508D460CBB6710540B03AACF_PHYSXPC_0F924BDA4771E8B102596ABD61DCFA0__1613A5D7409AAF38809FA8F6BA405241EDABD64D.udd" 4400
"C:/Users/dws24/AppData/Local/UnrealEngine/Common/DerivedDataCache/8/5/0/PHYSX_A08609EF508D460CBB6710540B03AACF_PHYSXPC_0F924BDA4771E8B102596ABD61DCFA0__57509F700BC1FC90FC3BC8B2F879572B7DEC6CC8.udd" 4401
"C:/Users/dws24/AppData/Local/UnrealEngine/Common/DerivedDataCache/8/5/0/PHYSX_A08609EF508D460CBB6710540B03AACF_PHYSXPC_0F924BDA4771E8B102596ABD61DCFA0__71E343490E1F312B85CEAB8E508F7125A7BC58BA.udd" 4402
"C:/Users/dws24/AppData/Local/UnrealEngine/Common/DerivedDataCache/6/0/5/PHYSX_A08609EF508D460CBB6710540B03AACF_PHYSXPC_0F924BDA4771E8B102596ABD61DCFA0__855688C0503FAF9C9DC875DD532F7BEB7DD791C8.udd" 4403
"C:/Users/dws24/AppData/Local/UnrealEngine/Common/DerivedDataCache/8/5/2/PHYSX_A08609EF508D460CBB6710540B03AACF_PHYSXPC_0F924BDA4771E8B102596ABD61DCFA0__67ECEC284B3B135C8CEDF115987F2DBB9DD21049.udd" 4404
"C:/Users/dws24/AppData/Local/UnrealEngine/Common/DerivedDataCache/7/8/9/PHYSX_A08609EF508D460CBB6710540B03AACF_PHYSXPC_0F924BDA4771E8B102596ABD61DCFA0__5B7DB9429022C11AE5243E01FB907F8E73FD80EA.udd" 4405
"C:/Users/dws24/AppData/Local/UnrealEngine/Common/DerivedDataCache/2/4/0/PHYSX_A08609EF508D460CBB6710540B03AACF_PHYSXPC_0F924BDA4771E8B102596ABD61DCFA0__89E5E19978BE4A9E1EBCB9F0D58CEA5D411E18A1.udd" 4406
"C:/Users/dws24/AppData/Local/UnrealEngine/Common/DerivedDataCache/5/1/5/PHYSX_A08609EF508D460CBB6710540B03AACF_PHYSXPC_0F924BDA4771E8B102596ABD61DCFA0__71801202036DACD4899AFD79C5466E802C3B8DEE.udd" 4407
"C:/Users/dws24/AppData/Local/UnrealEngine/Common/DerivedDataCache/9/2/0/PHYSX_A08609EF508D460CBB6710540B03AACF_PHYSXPC_0F924BDA4771E8B102596ABD61DCFA0__DB2F321F43C9C7C782BDDA25959B173FC9FB47A4.udd" 4408
"C:/Users/dws24/AppData/Local/UnrealEngine/Common/DerivedDataCache/8/9/2/PHYSX_A08609EF508D460CBB6710540B03AACF_PHYSXPC_0F924BDA4771E8B102596ABD61DCFA0__92041CDC1CFFD627D88208FB7EFA6A3B71C77853.udd" 4409
"C:/Users/dws24/AppData/Local/UnrealEngine/Common/DerivedDataCache/9/3/7/PHYSX_A08609EF508D460CBB6710540B03AACF_PHYSXPC_0F924BDA4771E8B102596ABD61DCFA0__CA13C6E1E3F5CE3DC3F87AEE09978F3B7348C75D.udd" 4410
"C:/Users/dws24/AppData/Local/UnrealEngine/Common/DerivedDataCache/1/6/2/PHYSX_A08609EF508D460CBB6710540B03AACF_PHYSXPC_0F924BDA4771E8B102596ABD61DCFA0__5EF4D976346EFFD2C097AA2FC9B033E33BFFBE85.udd" 4411
"C:/Users/dws24/AppData/Local/UnrealEngine/Common/DerivedDataCache/8/5/3/PHYSX_A08609EF508D460CBB6710540B03AACF_PHYSXPC_0F924BDA4771E8B102596ABD61DCFA0__AA460F0192476B7EBDD319EFD0538F6BD1EF62C7.udd" 4412
"C:/Users/dws24/AppData/Local/UnrealEngine/Common/DerivedDataCache/2/6/6/PHYSX_A08609EF508D460CBB6710540B03AACF_PHYSXPC_0F924BDA4771E8B102596ABD61DCFA0__C37EEF78598033C683D3E074820DEB99727DD23E.udd" 4413
"C:/Users/dws24/AppData/Local/UnrealEngine/Common/DerivedDataCache/7/9/3/PHYSX_A08609EF508D460CBB6710540B03AACF_PHYSXPC_0F924BDA4771E8B102596ABD61DCFA0__12355B7454CE178FCED47BE7600EF68B8B9B61C3.udd" 4414
"C:/Users/dws24/AppData/Local/UnrealEngine/Common/DerivedDataCache/2/2/9/PHYSX_A08609EF508D460CBB6710540B03AACF_PHYSXPC_0F924BDA4771E8B102596ABD61DCFA0__E6594B22FD64E115CB41F139113E8FD9A9399124.udd" 4415
"C:/Users/dws24/AppData/Local/UnrealEngine/Common/DerivedDataCache/5/4/8/PHYSX_A08609EF508D460CBB6710540B03AACF_PHYSXPC_0F924BDA4771E8B102596ABD61DCFA0__A50E6B696092A04801AEA0624327E5301B14EA98.udd" 4416
"C:/Users/dws24/AppData/Local/UnrealEngine/Common/DerivedDataCache/2/1/0/PHYSX_A08609EF508D460CBB6710540B03AACF_PHYSXPC_0F924BDA4771E8B102596ABD61DCFA0__82ECA6008D08578EA2B2F1BE7F5299036677E0D1.udd" 4417
"C:/Users/dws24/AppData/Local/UnrealEngine/Common/DerivedDataCache/6/2/2/PHYSX_A08609EF508D460CBB6710540B03AACF_PHYSXPC_0F924BDA4771E8B102596ABD61DCFA0__D7F2747468EB02CB8642E18D0259BB0C7FEFB00D.udd" 4418
"C:/Users/dws24/AppData/Local/UnrealEngine/Common/DerivedDataCache/3/1/0/PHYSX_A08609EF508D460CBB6710540B03AACF_PHYSXPC_0F924BDA4771E8B102596ABD61DCFA0__824FEFED4F0F948F2DA685B0F37B3384A11B0BCC.udd" 4419
"C:/Users/dws24/AppData/Local/UnrealEngine/Common/DerivedDataCache/3/3/4/PHYSX_A08609EF508D460CBB6710540B03AACF_PHYSXPC_0F924BDA4771E8B102596ABD61DCFA0__87F24B8186EE6847D5BFB6EE58E1EBBC5DEC559E.udd" 4420
"C:/Users/dws24/AppData/Local/UnrealEngine/Common/DerivedDataCache/7/7/8/PHYSX_A08609EF508D460CBB6710540B03AACF_PHYSXPC_0F924BDA4771E8B102596ABD61DCFA0__2EEE57088637350DE21C2AB04E7857A632E49911.udd" 4421
"C:/Users/dws24/AppData/Local/UnrealEngine/Common/DerivedDataCache/7/4/8/PHYSX_A08609EF508D460CBB6710540B03AACF_PHYSXPC_FAC1769F41448C568266D4BCD72C329B__1_0_0_0_2_13315_0.udd" 4422
"C:/Users/dws24/AppData/Local/UnrealEngine/Common/DerivedDataCache/2/3/4/PHYSX_A08609EF508D460CBB6710540B03AACF_PHYSXPC_BCF4A6B541A210D31F595E88A19BB48__3B65AB1BF9AF9CC10EC84BA813B3F1614D10CEED.udd" 4423
"C:/Users/dws24/AppData/Local/UnrealEngine/Common/DerivedDataCache/6/5/9/PHYSX_A08609EF508D460CBB6710540B03AACF_PHYSXPC_BCF4A6B541A210D31F595E88A19BB48__FA3D97895AF6421BD44E0B30288BD5CA0493E5A9.udd" 4424
"C:/Users/dws24/AppData/Local/UnrealEngine/Common/DerivedDataCache/9/1/3/PHYSX_A08609EF508D460CBB6710540B03AACF_PHYSXPC_BCF4A6B541A210D31F595E88A19BB48__236D3828873F52117F9B1003B67D7EB3308DCCDB.udd" 4425
"C:/Users/dws24/AppData/Local/UnrealEngine/Common/DerivedDataCache/9/0/9/PHYSX_A08609EF508D460CBB6710540B03AACF_PHYSXPC_BCF4A6B541A210D31F595E88A19BB48__1F117691CE74A8523AA92C25533872B2D538B6FE.udd" 4426
"C:/Users/dws24/AppData/Local/UnrealEngine/Common/DerivedDataCache/4/1/7/PHYSX_A08609EF508D460CBB6710540B03AACF_PHYSXPC_BCF4A6B541A210D31F595E88A19BB48__CF8F261602153609EEB0C94E66A7D8A94B5E2D99.udd" 4427
"C:/Users/dws24/AppData/Local/UnrealEngine/Common/DerivedDataCache/2/2/0/PHYSX_A08609EF508D460CBB6710540B03AACF_PHYSXPC_BCF4A6B541A210D31F595E88A19BB48__D94F9D25468C36E881791173C55D2682F156832F.udd" 4428
"C:/Users/dws24/AppData/Local/UnrealEngine/Common/DerivedDataCache/5/7/7/PHYSX_A08609EF508D460CBB6710540B03AACF_PHYSXPC_BCF4A6B541A210D31F595E88A19BB48__7155534FE5F82946EFFB20B253C9C2F8E047A99B.udd" 4429
"C:/Users/dws24/AppData/Local/UnrealEngine/Common/DerivedDataCache/0/8/4/PHYSX_A08609EF508D460CBB6710540B03AACF_PHYSXPC_BCF4A6B541A210D31F595E88A19BB48__DED0F5536F2F79804E9E005D55B756002A1DB849.udd" 4430
"C:/Users/dws24/AppData/Local/UnrealEngine/Common/DerivedDataCache/8/1/1/PHYSX_A08609EF508D460CBB6710540B03AACF_PHYSXPC_BCF4A6B541A210D31F595E88A19BB48__484B59DEF1319EB2C68C37EB51D772B7F6EF3A3E.udd" 4431
"C:/Users/dws24/AppData/Local/UnrealEngine/Common/DerivedDataCache/2/5/0/PHYSX_A08609EF508D460CBB6710540B03AACF_PHYSXPC_BCF4A6B541A210D31F595E88A19BB48__43F99422C611F3E599F5562D926A25CF755853E6.udd" 4432
"C:/Users/dws24/AppData/Local/UnrealEngine/Common/DerivedDataCache/4/3/1/PHYSX_A08609EF508D460CBB6710540B03AACF_PHYSXPC_BCF4A6B541A210D31F595E88A19BB48__66C7279E7E0E1C4B7DE084818939BBCC29EA9142.udd" 4433
"C:/Users/dws24/AppData/Local/UnrealEngine/Common/DerivedDataCache/9/1/0/PHYSX_A08609EF508D460CBB6710540B03AACF_PHYSXPC_BCF4A6B541A210D31F595E88A19BB48__723C8C7156E8787C8FE8746B2FC76F99AEDC9213.udd" 4434
"C:/Users/dws24/AppData/Local/UnrealEngine/Common/DerivedDataCache/8/0/2/PHYSX_A08609EF508D460CBB6710540B03AACF_PHYSXPC_BCF4A6B541A210D31F595E88A19BB48__A7835BE7CAE972583C0B5A732E991C07CF320E0E.udd" 4435
"C:/Users/dws24/AppData/Local/UnrealEngine/Common/DerivedDataCache/0/6/6/PHYSX_A08609EF508D460CBB6710540B03AACF_PHYSXPC_BCF4A6B541A210D31F595E88A19BB48__7246E58994A08FAB87502DD85B3E25E403565371.udd" 4436
"C:/Users/dws24/AppData/Local/UnrealEngine/Common/DerivedDataCache/4/3/9/PHYSX_A08609EF508D460CBB6710540B03AACF_PHYSXPC_BCF4A6B541A210D31F595E88A19BB48__6E26D94AF003A4AFA08FBC21814E8CAA12B9A200.udd" 4437
"C:/Users/dws24/AppData/Local/UnrealEngine/Common/DerivedDataCache/4/5/8/PHYSX_A08609EF508D460CBB6710540B03AACF_PHYSXPC_BCF4A6B541A210D31F595E88A19BB48__22AE8AC084CA4492CDF647018E9276BB26A236EB.udd" 4438
"C:/Users/dws24/AppData/Local/UnrealEngine/Common/DerivedDataCache/9/0/1/PHYSX_A08609EF508D460CBB6710540B03AACF_PHYSXPC_BCF4A6B541A210D31F595E88A19BB48__49243487245473EA3A1FEE7AAD7508EEECA58D27.udd" 4439
"C:/Users/dws24/AppData/Local/UnrealEngine/Common/DerivedDataCache/4/5/0/PHYSX_A08609EF508D460CBB6710540B03AACF_PHYSXPC_BCF4A6B541A210D31F595E88A19BB48__FF35EEEA48F0369BFA8F4867D5104B56FB84ECE2.udd" 4440
"C:/Users/dws24/AppData/Local/UnrealEngine/Common/DerivedDataCache/4/4/7/PHYSX_A08609EF508D460CBB6710540B03AACF_PHYSXPC_BCF4A6B541A210D31F595E88A19BB48__F9359F0F318DE981EF529296850E39B64723E342.udd" 4441
"C:/Users/dws24/AppData/Local/UnrealEngine/Common/DerivedDataCache/6/6/8/PHYSX_A08609EF508D460CBB6710540B03AACF_PHYSXPC_BCF4A6B541A210D31F595E88A19BB48__F765FC5B2318228E31FF1E32F16AF1DE6B42AE2F.udd" 4442
"C:/Users/dws24/AppData/Local/UnrealEngine/Common/DerivedDataCache/1/0/4/PHYSX_A08609EF508D460CBB6710540B03AACF_PHYSXPC_BCF4A6B541A210D31F595E88A19BB48__A8D9A793957260C336F5C33464536CE620FD9FEF.udd" 4443
"C:/Users/dws24/AppData/Local/UnrealEngine/Common/DerivedDataCache/8/1/9/PHYSX_A08609EF508D460CBB6710540B03AACF_PHYSXPC_BCF4A6B541A210D31F595E88A19BB48__00BCD3919A3A9C7356040D3C033BBA0FD41CFF35.udd" 4444
"C:/Users/dws24/AppData/Local/UnrealEngine/Common/DerivedDataCache/5/4/1/PHYSX_A08609EF508D460CBB6710540B03AACF_PHYSXPC_BCF4A6B541A210D31F595E88A19BB48__3682B5E0704D27D7B268A5E237DCC2E40A6676F0.udd" 4445
"C:/Users/dws24/AppData/Local/UnrealEngine/Common/DerivedDataCache/6/4/7/PHYSX_A08609EF508D460CBB6710540B03AACF_PHYSXPC_BCF4A6B541A210D31F595E88A19BB48__3B4EC4B8AD77853DE12C7758E1CDCEEC06A66539.udd" 4446
"C:/Users/dws24/AppData/Local/UnrealEngine/Common/DerivedDataCache/5/9/9/PHYSX_A08609EF508D460CBB6710540B03AACF_PHYSXPC_BCF4A6B541A210D31F595E88A19BB48__385FC2D1D4457E89BE37665646875622A5FCDC85.udd" 4447
"C:/Users/dws24/AppData/Local/UnrealEngine/Common/DerivedDataCache/1/7/5/PHYSX_A08609EF508D460CBB6710540B03AACF_PHYSXPC_BCF4A6B541A210D31F595E88A19BB48__025390EFC1C507548162F479AE9D9A5470B182F4.udd" 4448
"X:/Unreal Projects/Momentum/Momentum/Content/Models/Geometry/StandardBuilding.uasset" 4449
"X:/Unreal Projects/Momentum/Momentum/Content/Levels/Levels/Level4_BuiltData.uasset" 4450
"X:/Unreal Projects/Momentum/Momentum/Content/Experimental/L4Track.uasset" 4451
"X:/Unreal Projects/Momentum/Momentum/Content/Levels/Levels/Level4.umap" 4452
"C:/Users/dws24/AppData/Local/UnrealEngine/Common/DerivedDataCache/9/6/0/PHYSX_A08609EF508D460CBB6710540B03AACF_PHYSXPC_0F924BDA4771E8B102596ABD61DCFA0__6B60FF563D6DBE28DD90BDDCCEA9BCB867200079.udd" 4453
"C:/Users/dws24/AppData/Local/UnrealEngine/Common/DerivedDataCache/2/9/7/PHYSX_A08609EF508D460CBB6710540B03AACF_PHYSXPC_0F924BDA4771E8B102596ABD61DCFA0__872F1DE79D916CF1D55003D4523DF1336AA71602.udd" 4454
"C:/Users/dws24/AppData/Local/UnrealEngine/Common/DerivedDataCache/9/9/3/PHYSX_A08609EF508D460CBB6710540B03AACF_PHYSXPC_0F924BDA4771E8B102596ABD61DCFA0__44FC61158D50D4E2CDDAD6D371BBFD13AD687332.udd" 4455
"C:/Users/dws24/AppData/Local/UnrealEngine/Common/DerivedDataCache/1/4/8/PHYSX_A08609EF508D460CBB6710540B03AACF_PHYSXPC_0F924BDA4771E8B102596ABD61DCFA0__767D41874D4FFE9A3AEA89979B82064C1147F92E.udd" 4456
"C:/Users/dws24/AppData/Local/UnrealEngine/Common/DerivedDataCache/2/9/8/PHYSX_A08609EF508D460CBB6710540B03AACF_PHYSXPC_0F924BDA4771E8B102596ABD61DCFA0__D8D2F60E490DEC2177A48D1F2EC71366CAA1707E.udd" 4457
"C:/Users/dws24/AppData/Local/UnrealEngine/Common/DerivedDataCache/5/3/1/PHYSX_A08609EF508D460CBB6710540B03AACF_PHYSXPC_0F924BDA4771E8B102596ABD61DCFA0__5E7EB029FDE3436942DF355C5371BC472C7FF63F.udd" 4458
"C:/Users/dws24/AppData/Local/UnrealEngine/Common/DerivedDataCache/9/7/4/PHYSX_A08609EF508D460CBB6710540B03AACF_PHYSXPC_0F924BDA4771E8B102596ABD61DCFA0__84BDADECB79DB380ADC61F819047E6CEBA5806F9.udd" 4459
"C:/Users/dws24/AppData/Local/UnrealEngine/Common/DerivedDataCache/8/5/3/PHYSX_A08609EF508D460CBB6710540B03AACF_PHYSXPC_0F924BDA4771E8B102596ABD61DCFA0__4BF2E06CAF3041C43A58221868EE50954EE6E9BD.udd" 4460
"C:/Users/dws24/AppData/Local/UnrealEngine/Common/DerivedDataCache/3/3/9/PHYSX_A08609EF508D460CBB6710540B03AACF_PHYSXPC_0F924BDA4771E8B102596ABD61DCFA0__6E878AD0F35736B6FB29ED46342F69FDE2C0EDEA.udd" 4461
"C:/Users/dws24/AppData/Local/UnrealEngine/Common/DerivedDataCache/6/1/6/PHYSX_A08609EF508D460CBB6710540B03AACF_PHYSXPC_BCF4A6B541A210D31F595E88A19BB48__96749894A96D6C70295B4B6EF142380F19BCE053.udd" 4462
"C:/Users/dws24/AppData/Local/UnrealEngine/Common/DerivedDataCache/9/3/2/PHYSX_A08609EF508D460CBB6710540B03AACF_PHYSXPC_BCF4A6B541A210D31F595E88A19BB48__BC9562FBC1448BDE64E25F2E800C05C04785C2C1.udd" 4463
"C:/Users/dws24/AppData/Local/UnrealEngine/Common/DerivedDataCache/4/7/2/PHYSX_A08609EF508D460CBB6710540B03AACF_PHYSXPC_BCF4A6B541A210D31F595E88A19BB48__E11470346FF5A1E447F4BEC11C45A7BE32B45FBF.udd" 4464
"C:/Users/dws24/AppData/Local/UnrealEngine/Common/DerivedDataCache/4/0/2/PHYSX_A08609EF508D460CBB6710540B03AACF_PHYSXPC_BCF4A6B541A210D31F595E88A19BB48__E3D6D89A271FC2DA4E1E38A95A0BD8271E573279.udd" 4465
"C:/Users/dws24/AppData/Local/UnrealEngine/Common/DerivedDataCache/6/3/1/PHYSX_A08609EF508D460CBB6710540B03AACF_PHYSXPC_BCF4A6B541A210D31F595E88A19BB48__EE94DA9724C06890AEB4994603A30687FAA5B8C4.udd" 4466
"C:/Users/dws24/AppData/Local/UnrealEngine/Common/DerivedDataCache/7/6/4/PHYSX_A08609EF508D460CBB6710540B03AACF_PHYSXPC_BCF4A6B541A210D31F595E88A19BB48__45D85C9648D4526FCAA017AF8462267FE655F10B.udd" 4467
"C:/Users/dws24/AppData/Local/UnrealEngine/Common/DerivedDataCache/9/5/8/PHYSX_A08609EF508D460CBB6710540B03AACF_PHYSXPC_BCF4A6B541A210D31F595E88A19BB48__A7E10F6D7DFAA27445E5D54226D0ED775F94852A.udd" 4468
"C:/Users/dws24/AppData/Local/UnrealEngine/Common/DerivedDataCache/7/5/8/PHYSX_A08609EF508D460CBB6710540B03AACF_PHYSXPC_BCF4A6B541A210D31F595E88A19BB48__580C996AAB27F76B1154C4EE8D1BC45A39047E64.udd" 4469
"C:/Users/dws24/AppData/Local/UnrealEngine/Common/DerivedDataCache/7/8/7/PHYSX_A08609EF508D460CBB6710540B03AACF_PHYSXPC_BCF4A6B541A210D31F595E88A19BB48__ABF013A04515408940C8612A31F95415D1802F00.udd" 4470
"C:/Users/dws24/AppData/Local/UnrealEngine/Common/DerivedDataCache/8/3/8/PHYSX_A08609EF508D460CBB6710540B03AACF_PHYSXPC_BCF4A6B541A210D31F595E88A19BB48__8A95EF3816574039D17093AEFBDE9042FA81EED6.udd" 4471
"C:/Users/dws24/AppData/Local/UnrealEngine/Common/DerivedDataCache/3/4/1/PHYSX_A08609EF508D460CBB6710540B03AACF_PHYSXPC_BCF4A6B541A210D31F595E88A19BB48__A2166B96025C3E6B0109A00E5E38F2F665EBD599.udd" 4472
"C:/Users/dws24/AppData/Local/UnrealEngine/Common/DerivedDataCache/7/5/4/PHYSX_A08609EF508D460CBB6710540B03AACF_PHYSXPC_BCF4A6B541A210D31F595E88A19BB48__1804951FB17A0CD15EE41C0873D3C883410D68C3.udd" 4473
"C:/Users/dws24/AppData/Local/UnrealEngine/Common/DerivedDataCache/9/0/5/PHYSX_A08609EF508D460CBB6710540B03AACF_PHYSXPC_BCF4A6B541A210D31F595E88A19BB48__92B9ACD716E1D7BC44296BDC55DB0ABDCDD329E8.udd" 4474
"C:/Users/dws24/AppData/Local/UnrealEngine/Common/DerivedDataCache/7/3/2/PHYSX_A08609EF508D460CBB6710540B03AACF_PHYSXPC_BCF4A6B541A210D31F595E88A19BB48__91A5F1E0B35989DF8DE14CBCAC161E1EC5A6E9EA.udd" 4475
"C:/Users/dws24/AppData/Local/UnrealEngine/Common/DerivedDataCache/9/0/0/PHYSX_A08609EF508D460CBB6710540B03AACF_PHYSXPC_BCF4A6B541A210D31F595E88A19BB48__4CADA5509F9FE05E04DD4EAC1580EED5FF911B88.udd" 4476
"C:/Users/dws24/AppData/Local/UnrealEngine/Common/DerivedDataCache/5/0/3/PHYSX_A08609EF508D460CBB6710540B03AACF_PHYSXPC_BCF4A6B541A210D31F595E88A19BB48__7B4E70B1B2081D0E676C316CED25C8BA01102765.udd" 4477
"C:/Users/dws24/AppData/Local/UnrealEngine/Common/DerivedDataCache/3/1/5/PHYSX_A08609EF508D460CBB6710540B03AACF_PHYSXPC_BCF4A6B541A210D31F595E88A19BB48__1588DFEE0EE3C545AC3B8B62094CF2DD1845520C.udd" 4478
"C:/Users/dws24/AppData/Local/UnrealEngine/Common/DerivedDataCache/4/2/9/PHYSX_A08609EF508D460CBB6710540B03AACF_PHYSXPC_BCF4A6B541A210D31F595E88A19BB48__782C0EF63ECA18B081257787B18FE0B7B6807E5A.udd" 4479
"C:/Users/dws24/AppData/Local/UnrealEngine/Common/DerivedDataCache/7/3/1/STATICMESH_9CE2B6FB46754B699726C4AA1515F12E_228332BAE0224DD294E232B87D83948FQU__475660FF4EEE0805F6E95BE9DF4D73DA1C25A808.udd" 4480
"C:/Users/dws24/AppData/Local/UnrealEngine/Common/DerivedDataCache/8/9/7/PHYSX_A08609EF508D460CBB6710540B03AACF_PHYSXPC_23EE426E4F8F34B4C151B48B277B4FA__66C9CC98073E4A4384D6994155D9A5D5DA998C13.udd" 4481
"C:/Users/dws24/AppData/Local/UnrealEngine/Common/DerivedDataCache/2/9/0/NAVCOLLISION_2983273BE5D6425391E8C0B3D1C0A55D_NAVCOLLISION_X_23EE426E4F8F34B4C__6ADB17C46D7B317B78E1DCC711CC5E5D538EE5BE.udd" 4482
"X:/Unreal Projects/Momentum/Momentum/Content/Models/Geometry/SmallHalfPipeTexture.uasset" 4483
"X:/Unreal Projects/Momentum/Momentum/Content/Models/Geometry/SmallHalfPipeMat.uasset" 4484
"C:/Users/dws24/AppData/Local/UnrealEngine/Common/DerivedDataCache/2/3/8/STATICMESH_9CE2B6FB46754B699726C4AA1515F12E_228332BAE0224DD294E232B87D83948FQU__B602517A3E06026045D3AA90DD63DDE35FBDFA5F.udd" 4485
"C:/Users/dws24/AppData/Local/UnrealEngine/Common/DerivedDataCache/9/9/8/PHYSX_A08609EF508D460CBB6710540B03AACF_PHYSXPC_3CBDBC944919FA701BC7899D08729D1__4A77EE1FF2C351F0D221495EF56287F17C1EED55.udd" 4486
"C:/Users/dws24/AppData/Local/UnrealEngine/Common/DerivedDataCache/5/8/8/NAVCOLLISION_2983273BE5D6425391E8C0B3D1C0A55D_NAVCOLLISION_X_3CBDBC944919FA701__87848DACB1EB56C4FD361C70A8AFAB660034B18B.udd" 4487
"X:/Unreal Projects/Momentum/Momentum/Content/Models/Geometry/SkateTrackSegments_SmallHalfPipePlane.uasset" 4488
"C:/Users/dws24/AppData/Local/UnrealEngine/Common/DerivedDataCache/0/8/0/PHYSX_A08609EF508D460CBB6710540B03AACF_PHYSXPC_4A55B0594EC0B24EA0DB9F8169C2927__591F35034241A978B7A70F77A3AFDB3EFFBAA9AA.udd" 4489
"C:/Users/dws24/AppData/Local/UnrealEngine/Common/DerivedDataCache/9/2/5/PHYSX_A08609EF508D460CBB6710540B03AACF_PHYSXPC_0F924BDA4771E8B102596ABD61DCFA0__5EB7B2FE645030F46AB0A34474D7BC3913B911DC.udd" 4490
"C:/Users/dws24/AppData/Local/UnrealEngine/Common/DerivedDataCache/1/0/9/PHYSX_A08609EF508D460CBB6710540B03AACF_PHYSXPC_0F924BDA4771E8B102596ABD61DCFA0__285D9B39906DC87806930C437B5A7432A99A3AD6.udd" 4491
"C:/Users/dws24/AppData/Local/UnrealEngine/Common/DerivedDataCache/0/4/4/PHYSX_A08609EF508D460CBB6710540B03AACF_PHYSXPC_0F924BDA4771E8B102596ABD61DCFA0__2E588120314257AF425A2CD942936DFBD0BFEF1E.udd" 4492
"C:/Users/dws24/AppData/Local/UnrealEngine/Common/DerivedDataCache/0/6/2/PHYSX_A08609EF508D460CBB6710540B03AACF_PHYSXPC_0F924BDA4771E8B102596ABD61DCFA0__518CB631A728E84D6A73CC26A3DB9739FAC07C9E.udd" 4493
"C:/Users/dws24/AppData/Local/UnrealEngine/Common/DerivedDataCache/2/4/7/PHYSX_A08609EF508D460CBB6710540B03AACF_PHYSXPC_0F924BDA4771E8B102596ABD61DCFA0__7E0E67BFEBF03584D305444D4CE93B5E9D00571D.udd" 4494
"C:/Users/dws24/AppData/Local/UnrealEngine/Common/DerivedDataCache/7/2/8/PHYSX_A08609EF508D460CBB6710540B03AACF_PHYSXPC_0F924BDA4771E8B102596ABD61DCFA0__0E5AF964A0E43FEF9CCE941B873B542722523BCF.udd" 4495
"C:/Users/dws24/AppData/Local/UnrealEngine/Common/DerivedDataCache/7/0/4/PHYSX_A08609EF508D460CBB6710540B03AACF_PHYSXPC_0F924BDA4771E8B102596ABD61DCFA0__B1AF79013285D3A3D5230393C5CAD26CD0FF989F.udd" 4496
"C:/Users/dws24/AppData/Local/UnrealEngine/Common/DerivedDataCache/0/7/6/PHYSX_A08609EF508D460CBB6710540B03AACF_PHYSXPC_0F924BDA4771E8B102596ABD61DCFA0__7C00F2E2BA68DF2F1092C19615CB9BD2FFC3DD21.udd" 4497
"C:/Users/dws24/AppData/Local/UnrealEngine/Common/DerivedDataCache/5/1/5/PHYSX_A08609EF508D460CBB6710540B03AACF_PHYSXPC_BCF4A6B541A210D31F595E88A19BB48__F153F1D0D725DC60E136C4A8245D9A8B521C5CC8.udd" 4498
"C:/Users/dws24/AppData/Local/UnrealEngine/Common/DerivedDataCache/7/2/3/PHYSX_A08609EF508D460CBB6710540B03AACF_PHYSXPC_BCF4A6B541A210D31F595E88A19BB48__920405E1AA85006C4E291679CB3AA46A65B59B84.udd" 4499
"C:/Users/dws24/AppData/Local/UnrealEngine/Common/DerivedDataCache/4/5/3/PHYSX_A08609EF508D460CBB6710540B03AACF_PHYSXPC_BCF4A6B541A210D31F595E88A19BB48__F241FBAD9D288BA55BF09F97C7606B34872D8BBD.udd" 4500
"C:/Users/dws24/AppData/Local/UnrealEngine/Common/DerivedDataCache/0/2/9/PHYSX_A08609EF508D460CBB6710540B03AACF_PHYSXPC_BCF4A6B541A210D31F595E88A19BB48__FD7F63F9B1DF4FDB0F2C49DAC31AF28BA5F0C8CD.udd" 4501
"C:/Users/dws24/AppData/Local/UnrealEngine/Common/DerivedDataCache/2/7/5/PHYSX_A08609EF508D460CBB6710540B03AACF_PHYSXPC_BCF4A6B541A210D31F595E88A19BB48__5EB8ED92F9865F68B7D8F3917E6D7B5A8DBF82E9.udd" 4502
"C:/Users/dws24/AppData/Local/UnrealEngine/Common/DerivedDataCache/0/1/1/PHYSX_A08609EF508D460CBB6710540B03AACF_PHYSXPC_BCF4A6B541A210D31F595E88A19BB48__FB345CC169E69712659773439D4780860F9D2902.udd" 4503
"C:/Users/dws24/AppData/Local/UnrealEngine/Common/DerivedDataCache/7/9/8/PHYSX_A08609EF508D460CBB6710540B03AACF_PHYSXPC_BCF4A6B541A210D31F595E88A19BB48__766B1FA25C31D4E60A2A0EF268E709BFE0624181.udd" 4504
"C:/Users/dws24/AppData/Local/UnrealEngine/Common/DerivedDataCache/4/9/3/PHYSX_A08609EF508D460CBB6710540B03AACF_PHYSXPC_BCF4A6B541A210D31F595E88A19BB48__8275A59BE2ADDC481CC314920C98C814452D78B4.udd" 4505
"C:/Users/dws24/AppData/Local/UnrealEngine/Common/DerivedDataCache/7/9/1/PHYSX_A08609EF508D460CBB6710540B03AACF_PHYSXPC_BCF4A6B541A210D31F595E88A19BB48__F618D096E758F3DFBF1164E132C54236AF1808D4.udd" 4506
"C:/Users/dws24/AppData/Local/UnrealEngine/Common/DerivedDataCache/5/5/2/PHYSX_A08609EF508D460CBB6710540B03AACF_PHYSXPC_BCF4A6B541A210D31F595E88A19BB48__72A75C6DF6538BE69CEDD9A0D463B7CE4BE0A956.udd" 4507
"C:/Users/dws24/AppData/Local/UnrealEngine/Common/DerivedDataCache/6/3/5/PHYSX_A08609EF508D460CBB6710540B03AACF_PHYSXPC_BCF4A6B541A210D31F595E88A19BB48__1A41C73E7A58CEC02F686DF8FB7A95940EBC1A82.udd" 4508
"C:/Users/dws24/AppData/Local/UnrealEngine/Common/DerivedDataCache/1/2/7/PHYSX_A08609EF508D460CBB6710540B03AACF_PHYSXPC_BCF4A6B541A210D31F595E88A19BB48__164CD244BDD1A8B4A3BA6E280A2199DC5F8D1BF9.udd" 4509
"C:/Users/dws24/AppData/Local/UnrealEngine/Common/DerivedDataCache/3/5/8/PHYSX_A08609EF508D460CBB6710540B03AACF_PHYSXPC_BCF4A6B541A210D31F595E88A19BB48__1D411F89A69B66436D1F08FEB565A8ED531EEC3C.udd" 4510
"C:/Users/dws24/AppData/Local/UnrealEngine/Common/DerivedDataCache/3/6/7/PHYSX_A08609EF508D460CBB6710540B03AACF_PHYSXPC_BCF4A6B541A210D31F595E88A19BB48__48FB38AA7B992BEC6F8E51EA1ED5AB3AF167AAE4.udd" 4511
"C:/Users/dws24/AppData/Local/UnrealEngine/Common/DerivedDataCache/4/6/6/PHYSX_A08609EF508D460CBB6710540B03AACF_PHYSXPC_BCF4A6B541A210D31F595E88A19BB48__8BED605C84D497A9B1D1EC0E2EC3D3CB5BA8C9F5.udd" 4512
"C:/Users/dws24/AppData/Local/UnrealEngine/Common/DerivedDataCache/3/9/3/PHYSX_A08609EF508D460CBB6710540B03AACF_PHYSXPC_BCF4A6B541A210D31F595E88A19BB48__1E36481F6766DCA8F52F67C5E85EB926CF775775.udd" 4513
"C:/Users/dws24/AppData/Local/UnrealEngine/Common/DerivedDataCache/8/7/9/PHYSX_A08609EF508D460CBB6710540B03AACF_PHYSXPC_BCF4A6B541A210D31F595E88A19BB48__FEC050DD8F410121935E6F3BE28CCE233847B469.udd" 4514
"C:/Users/dws24/AppData/Local/UnrealEngine/Common/DerivedDataCache/9/7/9/PHYSX_A08609EF508D460CBB6710540B03AACF_PHYSXPC_BCF4A6B541A210D31F595E88A19BB48__83AD51CDAAB321768D7EE52688B486C13D9727AF.udd" 4515
"C:/Users/dws24/AppData/Local/UnrealEngine/Common/DerivedDataCache/8/6/0/PHYSX_A08609EF508D460CBB6710540B03AACF_PHYSXPC_BCF4A6B541A210D31F595E88A19BB48__46628552BF3E2C4C68DC6A5490E3B2531015B2C5.udd" 4516
"C:/Users/dws24/AppData/Local/UnrealEngine/Common/DerivedDataCache/6/5/2/PHYSX_A08609EF508D460CBB6710540B03AACF_PHYSXPC_BCF4A6B541A210D31F595E88A19BB48__6F3B83CE9CDF60EEA28C298553278A90F3487F84.udd" 4517
"C:/Users/dws24/AppData/Local/UnrealEngine/Common/DerivedDataCache/7/9/1/PHYSX_A08609EF508D460CBB6710540B03AACF_PHYSXPC_BCF4A6B541A210D31F595E88A19BB48__41663725FFB7BAEF645C94F10A18FD3B8AD70175.udd" 4518
"C:/Users/dws24/AppData/Local/UnrealEngine/Common/DerivedDataCache/6/7/7/PHYSX_A08609EF508D460CBB6710540B03AACF_PHYSXPC_BCF4A6B541A210D31F595E88A19BB48__A22F5D669DA9772E5E00962DB362C249191135D8.udd" 4519
"C:/Users/dws24/AppData/Local/UnrealEngine/Common/DerivedDataCache/4/6/8/PHYSX_A08609EF508D460CBB6710540B03AACF_PHYSXPC_BCF4A6B541A210D31F595E88A19BB48__61B86DBC49612F3111594A187F63AA774225E2A9.udd" 4520
"C:/Users/dws24/AppData/Local/UnrealEngine/Common/DerivedDataCache/5/7/9/PHYSX_A08609EF508D460CBB6710540B03AACF_PHYSXPC_BCF4A6B541A210D31F595E88A19BB48__44C3C5A8C5E51C29348DB575DC104E5F06AA53B5.udd" 4521
"C:/Users/dws24/AppData/Local/UnrealEngine/Common/DerivedDataCache/9/1/4/PHYSX_A08609EF508D460CBB6710540B03AACF_PHYSXPC_BCF4A6B541A210D31F595E88A19BB48__E27768012D30F40A8BA5C97FB3641C3478767C2D.udd" 4522
"C:/Users/dws24/AppData/Local/UnrealEngine/Common/DerivedDataCache/1/9/2/PHYSX_A08609EF508D460CBB6710540B03AACF_PHYSXPC_BCF4A6B541A210D31F595E88A19BB48__2B106021422B95E4A80D8A6A25C0758B3DF2B6CF.udd" 4523
"C:/Users/dws24/AppData/Local/UnrealEngine/Common/DerivedDataCache/5/4/5/PHYSX_A08609EF508D460CBB6710540B03AACF_PHYSXPC_BCF4A6B541A210D31F595E88A19BB48__2F777E5C52A057ED1F14419B86DE9B106935E10D.udd" 4524
"C:/Users/dws24/AppData/Local/UnrealEngine/Common/DerivedDataCache/7/0/1/PHYSX_A08609EF508D460CBB6710540B03AACF_PHYSXPC_BCF4A6B541A210D31F595E88A19BB48__F0F3F81BE9ACF485CAA39DC36C26E2B50ED3C85C.udd" 4525
"C:/Users/dws24/AppData/Local/UnrealEngine/Common/DerivedDataCache/2/5/1/PHYSX_A08609EF508D460CBB6710540B03AACF_PHYSXPC_BCF4A6B541A210D31F595E88A19BB48__7C914D6ADB565BE7997AEB2E088B421428993411.udd" 4526
"C:/Users/dws24/AppData/Local/UnrealEngine/Common/DerivedDataCache/7/9/9/PHYSX_A08609EF508D460CBB6710540B03AACF_PHYSXPC_BCF4A6B541A210D31F595E88A19BB48__A442F95F9CBC6DD0B0AE23C526FB7F3C77202A22.udd" 4527
"C:/Users/dws24/AppData/Local/UnrealEngine/Common/DerivedDataCache/1/5/5/PHYSX_A08609EF508D460CBB6710540B03AACF_PHYSXPC_BCF4A6B541A210D31F595E88A19BB48__3FCB63F95582EE950DB5B9EFDF84228DC830FC26.udd" 4528
"C:/Users/dws24/AppData/Local/UnrealEngine/Common/DerivedDataCache/4/0/8/PHYSX_A08609EF508D460CBB6710540B03AACF_PHYSXPC_BCF4A6B541A210D31F595E88A19BB48__7B3A63FD2E1C0511E80FB8AE6F5FFB5478DD3BB4.udd" 4529
"C:/Users/dws24/AppData/Local/UnrealEngine/Common/DerivedDataCache/2/5/1/PHYSX_A08609EF508D460CBB6710540B03AACF_PHYSXPC_BCF4A6B541A210D31F595E88A19BB48__03A34254DEEC137438FFA2CFD6A67DC5CC2655C2.udd" 4530
"C:/Users/dws24/AppData/Local/UnrealEngine/Common/DerivedDataCache/9/6/9/PHYSX_A08609EF508D460CBB6710540B03AACF_PHYSXPC_BCF4A6B541A210D31F595E88A19BB48__A4607237E7856B28148C65A6AE9C9F4F18A8A6F2.udd" 4531
"C:/Users/dws24/AppData/Local/UnrealEngine/Common/DerivedDataCache/8/1/8/PHYSX_A08609EF508D460CBB6710540B03AACF_PHYSXPC_BCF4A6B541A210D31F595E88A19BB48__589ECA83D84949419BAE1ACE3326821DB6A46023.udd" 4532
"C:/Users/dws24/AppData/Local/UnrealEngine/Common/DerivedDataCache/6/0/6/PHYSX_A08609EF508D460CBB6710540B03AACF_PHYSXPC_BCF4A6B541A210D31F595E88A19BB48__78DDFEEBAFC871026082A226B35625CB242DBE25.udd" 4533
"C:/Users/dws24/AppData/Local/UnrealEngine/Common/DerivedDataCache/2/4/3/PHYSX_A08609EF508D460CBB6710540B03AACF_PHYSXPC_BCF4A6B541A210D31F595E88A19BB48__1A54F6C40965C1AFE90BD2D02519CE4F321B171C.udd" 4534
"C:/Users/dws24/AppData/Local/UnrealEngine/Common/DerivedDataCache/0/9/9/PHYSX_A08609EF508D460CBB6710540B03AACF_PHYSXPC_BCF4A6B541A210D31F595E88A19BB48__8A33A44C3D3CB522B6A6379B8979F6B734548CAF.udd" 4535
"C:/Users/dws24/AppData/Local/UnrealEngine/Common/DerivedDataCache/6/9/0/PHYSX_A08609EF508D460CBB6710540B03AACF_PHYSXPC_BCF4A6B541A210D31F595E88A19BB48__44DBE708A119D5B742E84ADF166C904CD410CB68.udd" 4536
"C:/Users/dws24/AppData/Local/UnrealEngine/Common/DerivedDataCache/4/0/5/PHYSX_A08609EF508D460CBB6710540B03AACF_PHYSXPC_BCF4A6B541A210D31F595E88A19BB48__75AD2F0F826B7E92733742CFF82AF97F4FCFB868.udd" 4537
"C:/Users/dws24/AppData/Local/UnrealEngine/Common/DerivedDataCache/6/3/6/PHYSX_A08609EF508D460CBB6710540B03AACF_PHYSXPC_BCF4A6B541A210D31F595E88A19BB48__A13DBD755E71B6E535567DCEFFE34DE1FD2DA73E.udd" 4538
"C:/Users/dws24/AppData/Local/UnrealEngine/Common/DerivedDataCache/8/3/8/PHYSX_A08609EF508D460CBB6710540B03AACF_PHYSXPC_BCF4A6B541A210D31F595E88A19BB48__1605551C884BD9548CA142133CE0AED73B41BE44.udd" 4539
"C:/Users/dws24/AppData/Local/UnrealEngine/Common/DerivedDataCache/7/0/3/PHYSX_A08609EF508D460CBB6710540B03AACF_PHYSXPC_BCF4A6B541A210D31F595E88A19BB48__06EDD36B1C57E3DAE5DEBD74A286857ACA5EA330.udd" 4540
"C:/Users/dws24/AppData/Local/UnrealEngine/Common/DerivedDataCache/9/0/3/PHYSX_A08609EF508D460CBB6710540B03AACF_PHYSXPC_BCF4A6B541A210D31F595E88A19BB48__853B6F040AD81397B9A9ACD4F039548E75330A61.udd" 4541
"C:/Users/dws24/AppData/Local/UnrealEngine/Common/DerivedDataCache/0/2/5/PHYSX_A08609EF508D460CBB6710540B03AACF_PHYSXPC_BCF4A6B541A210D31F595E88A19BB48__B7D125A99C5122D4D237AB4C15DA56C7944B681D.udd" 4542
"C:/Users/dws24/AppData/Local/UnrealEngine/Common/DerivedDataCache/6/8/2/PHYSX_A08609EF508D460CBB6710540B03AACF_PHYSXPC_BCF4A6B541A210D31F595E88A19BB48__75368B97A877BDDF7505E8CDD1F8175A76B712B5.udd" 4543
"C:/Users/dws24/AppData/Local/UnrealEngine/Common/DerivedDataCache/4/6/0/PHYSX_A08609EF508D460CBB6710540B03AACF_PHYSXPC_BCF4A6B541A210D31F595E88A19BB48__F7F41F73346CB17124B81C67A091A4E814938858.udd" 4544
"C:/Users/dws24/AppData/Local/UnrealEngine/Common/DerivedDataCache/0/0/3/PHYSX_A08609EF508D460CBB6710540B03AACF_PHYSXPC_BCF4A6B541A210D31F595E88A19BB48__CC3426989B0D7125CC8000B259EEA89E0D3489A5.udd" 4545
"C:/Users/dws24/AppData/Local/UnrealEngine/Common/DerivedDataCache/5/1/1/PHYSX_A08609EF508D460CBB6710540B03AACF_PHYSXPC_BCF4A6B541A210D31F595E88A19BB48__068A512DB2049A83E79CF6253CCB61D56A701B93.udd" 4546
"C:/Users/dws24/AppData/Local/UnrealEngine/Common/DerivedDataCache/1/1/8/PHYSX_A08609EF508D460CBB6710540B03AACF_PHYSXPC_BCF4A6B541A210D31F595E88A19BB48__822554C940AF73219E16D177CDD759454CEDEADC.udd" 4547
"C:/Users/dws24/AppData/Local/UnrealEngine/Common/DerivedDataCache/0/3/9/PHYSX_A08609EF508D460CBB6710540B03AACF_PHYSXPC_BCF4A6B541A210D31F595E88A19BB48__0A3C4C8D03C9E275D5CB518B1F835A5D6A09D26B.udd" 4548
"C:/Users/dws24/AppData/Local/UnrealEngine/Common/DerivedDataCache/4/4/6/PHYSX_A08609EF508D460CBB6710540B03AACF_PHYSXPC_BCF4A6B541A210D31F595E88A19BB48__764418FE416F169108D19A59E5C167E03B47A2F2.udd" 4549
"C:/Users/dws24/AppData/Local/UnrealEngine/Common/DerivedDataCache/8/0/0/PHYSX_A08609EF508D460CBB6710540B03AACF_PHYSXPC_BCF4A6B541A210D31F595E88A19BB48__55A96E24732E513F4707BD7D385597261C2CCCCE.udd" 4550
"C:/Users/dws24/AppData/Local/UnrealEngine/Common/DerivedDataCache/7/2/0/PHYSX_A08609EF508D460CBB6710540B03AACF_PHYSXPC_BCF4A6B541A210D31F595E88A19BB48__3A380815D94201C143055F8CEAEE5F6CDA980A79.udd" 4551
"C:/Users/dws24/AppData/Local/UnrealEngine/Common/DerivedDataCache/6/3/5/PHYSX_A08609EF508D460CBB6710540B03AACF_PHYSXPC_BCF4A6B541A210D31F595E88A19BB48__80B36101B098AE44505740A1E2D2F711BB408ABC.udd" 4552
"C:/Users/dws24/AppData/Local/UnrealEngine/Common/DerivedDataCache/6/0/8/PHYSX_A08609EF508D460CBB6710540B03AACF_PHYSXPC_BCF4A6B541A210D31F595E88A19BB48__BC08DC2C760FE71A269D30E40C122D952C57D9CF.udd" 4553
"C:/Users/dws24/AppData/Local/UnrealEngine/Common/DerivedDataCache/0/5/8/PHYSX_A08609EF508D460CBB6710540B03AACF_PHYSXPC_BCF4A6B541A210D31F595E88A19BB48__0A357FD273B1E48F807BE4AA17E07C1ABE64E99B.udd" 4554
"C:/Users/dws24/AppData/Local/UnrealEngine/Common/DerivedDataCache/0/2/5/PHYSX_A08609EF508D460CBB6710540B03AACF_PHYSXPC_BCF4A6B541A210D31F595E88A19BB48__57E85B2E2BBFD50A2D351FFDAEE1ABAF04DE7BD8.udd" 4555
"C:/Users/dws24/AppData/Local/UnrealEngine/Common/DerivedDataCache/5/8/7/PHYSX_A08609EF508D460CBB6710540B03AACF_PHYSXPC_BCF4A6B541A210D31F595E88A19BB48__F44B483ED51DB48B2FA8067B8DA8F2035A290917.udd" 4556
"C:/Users/dws24/AppData/Local/UnrealEngine/Common/DerivedDataCache/1/8/1/PHYSX_A08609EF508D460CBB6710540B03AACF_PHYSXPC_BCF4A6B541A210D31F595E88A19BB48__9ECF1D076797EBDDDB3C9DDEAE42357C6F6E6DA5.udd" 4557
"C:/Users/dws24/AppData/Local/UnrealEngine/Common/DerivedDataCache/6/1/1/PHYSX_A08609EF508D460CBB6710540B03AACF_PHYSXPC_BCF4A6B541A210D31F595E88A19BB48__016E29E0952EC31D95648D15F8554F5A6AC95A03.udd" 4558
"C:/Users/dws24/AppData/Local/UnrealEngine/Common/DerivedDataCache/3/8/6/PHYSX_A08609EF508D460CBB6710540B03AACF_PHYSXPC_BCF4A6B541A210D31F595E88A19BB48__1F904932139D5C90B640AA62BE6839DE0D9A6A26.udd" 4559
"C:/Users/dws24/AppData/Local/UnrealEngine/Common/DerivedDataCache/1/5/2/PHYSX_A08609EF508D460CBB6710540B03AACF_PHYSXPC_BCF4A6B541A210D31F595E88A19BB48__E7A23892311123264AE2CDB8E8E7C9FCB1AEEB37.udd" 4560
"C:/Users/dws24/AppData/Local/UnrealEngine/Common/DerivedDataCache/4/7/0/PHYSX_A08609EF508D460CBB6710540B03AACF_PHYSXPC_BCF4A6B541A210D31F595E88A19BB48__4E0768872FD9AD2088B0CA5B66727820B3FCFAAD.udd" 4561
"C:/Users/dws24/AppData/Local/UnrealEngine/Common/DerivedDataCache/8/8/9/PHYSX_A08609EF508D460CBB6710540B03AACF_PHYSXPC_BCF4A6B541A210D31F595E88A19BB48__590F160C35FFAB09543BD97BC7F2A99210A9138D.udd" 4562
"C:/Users/dws24/AppData/Local/UnrealEngine/Common/DerivedDataCache/6/1/3/PHYSX_A08609EF508D460CBB6710540B03AACF_PHYSXPC_BCF4A6B541A210D31F595E88A19BB48__2328543E249BA0EEEAEA73D63E0E3FDCA5DBDCB1.udd" 4563
"C:/Users/dws24/AppData/Local/UnrealEngine/Common/DerivedDataCache/1/0/0/PHYSX_A08609EF508D460CBB6710540B03AACF_PHYSXPC_BCF4A6B541A210D31F595E88A19BB48__76CDBA267D8DEC41F1ED523C29DEC6CA56E7C03C.udd" 4564
"C:/Users/dws24/AppData/Local/UnrealEngine/Common/DerivedDataCache/0/2/0/PHYSX_A08609EF508D460CBB6710540B03AACF_PHYSXPC_BCF4A6B541A210D31F595E88A19BB48__6B7BBBC1D356E1D83BB2135D93C0462CFB0DE7BA.udd" 4565
"C:/Users/dws24/AppData/Local/UnrealEngine/Common/DerivedDataCache/5/0/2/PHYSX_A08609EF508D460CBB6710540B03AACF_PHYSXPC_BCF4A6B541A210D31F595E88A19BB48__5E1834E0232A191E9AFC9C6232F68084BB9EB2D1.udd" 4566
"C:/Users/dws24/AppData/Local/UnrealEngine/Common/DerivedDataCache/0/8/4/PHYSX_A08609EF508D460CBB6710540B03AACF_PHYSXPC_BCF4A6B541A210D31F595E88A19BB48__DFBD1550C9991F8654C11BEC7E578F81FDD96B4C.udd" 4567
"C:/Users/dws24/AppData/Local/UnrealEngine/Common/DerivedDataCache/6/4/9/PHYSX_A08609EF508D460CBB6710540B03AACF_PHYSXPC_BCF4A6B541A210D31F595E88A19BB48__B8BFAA64803026340820079A82E6C255DBBEE760.udd" 4568
"C:/Users/dws24/AppData/Local/UnrealEngine/Common/DerivedDataCache/8/5/3/PHYSX_A08609EF508D460CBB6710540B03AACF_PHYSXPC_BCF4A6B541A210D31F595E88A19BB48__818B8A4DFE5A0FA4D3FEEBFA2922F0E09EB5D3B1.udd" 4569
"C:/Users/dws24/AppData/Local/UnrealEngine/Common/DerivedDataCache/1/9/0/PHYSX_A08609EF508D460CBB6710540B03AACF_PHYSXPC_BCF4A6B541A210D31F595E88A19BB48__CA4CC095E63BD10E77393D9CDDAAECF3838E16DB.udd" 4570
"C:/Users/dws24/AppData/Local/UnrealEngine/Common/DerivedDataCache/5/5/5/PHYSX_A08609EF508D460CBB6710540B03AACF_PHYSXPC_BCF4A6B541A210D31F595E88A19BB48__E6D4BB2FE71279C64C256D279C5555A4DF5B8B84.udd" 4571
"C:/Users/dws24/AppData/Local/UnrealEngine/Common/DerivedDataCache/1/6/2/PHYSX_A08609EF508D460CBB6710540B03AACF_PHYSXPC_BCF4A6B541A210D31F595E88A19BB48__C5F56D88F00A21D6C7396B9E19A8322852EB9873.udd" 4572
"C:/Users/dws24/AppData/Local/UnrealEngine/Common/DerivedDataCache/6/6/2/PHYSX_A08609EF508D460CBB6710540B03AACF_PHYSXPC_BCF4A6B541A210D31F595E88A19BB48__07441286A1E6CDC984B3930AFD5B0B4AFC13C10C.udd" 4573
"C:/Users/dws24/AppData/Local/UnrealEngine/Common/DerivedDataCache/6/5/9/PHYSX_A08609EF508D460CBB6710540B03AACF_PHYSXPC_BCF4A6B541A210D31F595E88A19BB48__18533A6B23B0A1563645F8AAE9B0297F08A1B752.udd" 4574
"C:/Users/dws24/AppData/Local/UnrealEngine/Common/DerivedDataCache/0/9/9/PHYSX_A08609EF508D460CBB6710540B03AACF_PHYSXPC_BCF4A6B541A210D31F595E88A19BB48__E785A93A44685B15610E74838E0CF42ACAEA6FEA.udd" 4575
"C:/Users/dws24/AppData/Local/UnrealEngine/Common/DerivedDataCache/2/7/6/PHYSX_A08609EF508D460CBB6710540B03AACF_PHYSXPC_BCF4A6B541A210D31F595E88A19BB48__119988BB8E966A7ECFC57B818C9DB23B8E1591A3.udd" 4576
"C:/Users/dws24/AppData/Local/UnrealEngine/Common/DerivedDataCache/0/2/9/PHYSX_A08609EF508D460CBB6710540B03AACF_PHYSXPC_BCF4A6B541A210D31F595E88A19BB48__AC0558807FB8EE14A0C74B3FFA0AFC6C3367CED5.udd" 4577
"C:/Users/dws24/AppData/Local/UnrealEngine/Common/DerivedDataCache/2/7/7/PHYSX_A08609EF508D460CBB6710540B03AACF_PHYSXPC_BCF4A6B541A210D31F595E88A19BB48__A40318CC68F85824FD265799C6885B5649835F32.udd" 4578
"C:/Users/dws24/AppData/Local/UnrealEngine/Common/DerivedDataCache/0/3/5/PHYSX_A08609EF508D460CBB6710540B03AACF_PHYSXPC_BCF4A6B541A210D31F595E88A19BB48__D607DBA3B28CF8842CB80FBA0BC77D673E5AC4F8.udd" 4579
"C:/Users/dws24/AppData/Local/UnrealEngine/Common/DerivedDataCache/2/6/7/PHYSX_A08609EF508D460CBB6710540B03AACF_PHYSXPC_BCF4A6B541A210D31F595E88A19BB48__D3260162C2F611AAE0E6ECD09B1BBFC5C9653EA9.udd" 4580
"C:/Users/dws24/AppData/Local/UnrealEngine/Common/DerivedDataCache/0/6/4/PHYSX_A08609EF508D460CBB6710540B03AACF_PHYSXPC_BCF4A6B541A210D31F595E88A19BB48__DAFB01079E9FF35F531E4560BC4D652B3EEEE9DF.udd" 4581
"C:/Users/dws24/AppData/Local/UnrealEngine/Common/DerivedDataCache/3/1/2/PHYSX_A08609EF508D460CBB6710540B03AACF_PHYSXPC_BCF4A6B541A210D31F595E88A19BB48__00A000DE66060F090651D5D482E93F9DD8E68C86.udd" 4582
"C:/Users/dws24/AppData/Local/UnrealEngine/Common/DerivedDataCache/3/0/5/PHYSX_A08609EF508D460CBB6710540B03AACF_PHYSXPC_BCF4A6B541A210D31F595E88A19BB48__C82C96A10214D4E6E8971D3E76B5B7F7BE796825.udd" 4583
"C:/Users/dws24/AppData/Local/UnrealEngine/Common/DerivedDataCache/7/0/6/PHYSX_A08609EF508D460CBB6710540B03AACF_PHYSXPC_BCF4A6B541A210D31F595E88A19BB48__FABA2628D079F964CA90132BBEA338AFCFD7CA60.udd" 4584
"C:/Users/dws24/AppData/Local/UnrealEngine/Common/DerivedDataCache/7/6/7/PHYSX_A08609EF508D460CBB6710540B03AACF_PHYSXPC_BCF4A6B541A210D31F595E88A19BB48__6F22B5CA23F6E3494D167ADDDC00001F4877E254.udd" 4585
"C:/Users/dws24/AppData/Local/UnrealEngine/Common/DerivedDataCache/6/8/3/PHYSX_A08609EF508D460CBB6710540B03AACF_PHYSXPC_BCF4A6B541A210D31F595E88A19BB48__366F673F68FA7EE10CAFA22DD4B8AE50E308C9CC.udd" 4586
"C:/Users/dws24/AppData/Local/UnrealEngine/Common/DerivedDataCache/8/6/7/PHYSX_A08609EF508D460CBB6710540B03AACF_PHYSXPC_BCF4A6B541A210D31F595E88A19BB48__98C2E05517BAB679D8C272764CE2653D726128DB.udd" 4587
"C:/Users/dws24/AppData/Local/UnrealEngine/Common/DerivedDataCache/4/4/1/PHYSX_A08609EF508D460CBB6710540B03AACF_PHYSXPC_BCF4A6B541A210D31F595E88A19BB48__D637434BC6CFDB9C5A363C3C12DD6C8504A6F341.udd" 4588
"C:/Users/dws24/AppData/Local/UnrealEngine/Common/DerivedDataCache/4/6/1/PHYSX_A08609EF508D460CBB6710540B03AACF_PHYSXPC_BCF4A6B541A210D31F595E88A19BB48__9523C681BD128753268AADC19CB737108B0D2CB1.udd" 4589
"C:/Users/dws24/AppData/Local/UnrealEngine/Common/DerivedDataCache/8/0/8/PHYSX_A08609EF508D460CBB6710540B03AACF_PHYSXPC_BCF4A6B541A210D31F595E88A19BB48__8509231DFEC8FD38ACB33D362C5DE278BD7B17C6.udd" 4590
"C:/Users/dws24/AppData/Local/UnrealEngine/Common/DerivedDataCache/2/5/9/PHYSX_A08609EF508D460CBB6710540B03AACF_PHYSXPC_BCF4A6B541A210D31F595E88A19BB48__2D6A4C99A078F0EFC18BFDB19C918A3B6EC190DB.udd" 4591
"C:/Users/dws24/AppData/Local/UnrealEngine/Common/DerivedDataCache/6/9/4/PHYSX_A08609EF508D460CBB6710540B03AACF_PHYSXPC_BCF4A6B541A210D31F595E88A19BB48__2C3FCBF6BA4AF789E025D89AE89CA33DA9B63013.udd" 4592
"C:/Users/dws24/AppData/Local/UnrealEngine/Common/DerivedDataCache/6/7/0/PHYSX_A08609EF508D460CBB6710540B03AACF_PHYSXPC_BCF4A6B541A210D31F595E88A19BB48__47768089FD84C5720454A2A2EE0664A7A9245A46.udd" 4593
"C:/Users/dws24/AppData/Local/UnrealEngine/Common/DerivedDataCache/6/6/6/PHYSX_A08609EF508D460CBB6710540B03AACF_PHYSXPC_BCF4A6B541A210D31F595E88A19BB48__8A685D54C352C445640F0A85731BB9687B57E11D.udd" 4594
"C:/Users/dws24/AppData/Local/UnrealEngine/Common/DerivedDataCache/2/0/2/PHYSX_A08609EF508D460CBB6710540B03AACF_PHYSXPC_BCF4A6B541A210D31F595E88A19BB48__A7F1E9329EA6A488505E961790F3D7BA51A6AFFC.udd" 4595
"C:/Users/dws24/AppData/Local/UnrealEngine/Common/DerivedDataCache/4/7/0/PHYSX_A08609EF508D460CBB6710540B03AACF_PHYSXPC_BCF4A6B541A210D31F595E88A19BB48__40BE92F8DDCAB754362DB0007E1E53BE4EFE2AB7.udd" 4596
"C:/Users/dws24/AppData/Local/UnrealEngine/Common/DerivedDataCache/7/4/7/PHYSX_A08609EF508D460CBB6710540B03AACF_PHYSXPC_BCF4A6B541A210D31F595E88A19BB48__94B2069FBEAE4823B3A3D1E5A81980C63BE70677.udd" 4597
"C:/Users/dws24/AppData/Local/UnrealEngine/Common/DerivedDataCache/3/1/8/PHYSX_A08609EF508D460CBB6710540B03AACF_PHYSXPC_BCF4A6B541A210D31F595E88A19BB48__465D5D25A1CE84829A3C16FD04408EB0F7E68BBE.udd" 4598
"C:/Users/dws24/AppData/Local/UnrealEngine/Common/DerivedDataCache/4/6/8/PHYSX_A08609EF508D460CBB6710540B03AACF_PHYSXPC_BCF4A6B541A210D31F595E88A19BB48__7369781A875CD99DE61AE5B75AEE778CCF14BF4A.udd" 4599
"C:/Users/dws24/AppData/Local/UnrealEngine/Common/DerivedDataCache/9/7/0/PHYSX_A08609EF508D460CBB6710540B03AACF_PHYSXPC_BCF4A6B541A210D31F595E88A19BB48__4DA74B432458506E0396E74972E05E7430CFD55C.udd" 4600
"C:/Users/dws24/AppData/Local/UnrealEngine/Common/DerivedDataCache/9/1/8/PHYSX_A08609EF508D460CBB6710540B03AACF_PHYSXPC_BCF4A6B541A210D31F595E88A19BB48__BBE52EFA3C06EB49AFA92DD676156D2BEC3DB2FF.udd" 4601
"C:/Users/dws24/AppData/Local/UnrealEngine/Common/DerivedDataCache/9/2/9/PHYSX_A08609EF508D460CBB6710540B03AACF_PHYSXPC_BCF4A6B541A210D31F595E88A19BB48__E39B13232275AE9DFB67C68AF82EF8AFDC8246DD.udd" 4602
"C:/Users/dws24/AppData/Local/UnrealEngine/Common/DerivedDataCache/8/3/4/PHYSX_A08609EF508D460CBB6710540B03AACF_PHYSXPC_BCF4A6B541A210D31F595E88A19BB48__7ADA2F0AFC1B34F1963F949195C3B0C453758892.udd" 4603
"C:/Users/dws24/AppData/Local/UnrealEngine/Common/DerivedDataCache/0/2/3/PHYSX_A08609EF508D460CBB6710540B03AACF_PHYSXPC_BCF4A6B541A210D31F595E88A19BB48__F3A4BCD3C6413A477528E2C3C0799762A26BD2AA.udd" 4604
"C:/Users/dws24/AppData/Local/UnrealEngine/Common/DerivedDataCache/2/4/9/PHYSX_A08609EF508D460CBB6710540B03AACF_PHYSXPC_BCF4A6B541A210D31F595E88A19BB48__DEB1BB50D324A6CA3B2C1873861E601FD52FA053.udd" 4605
"C:/Users/dws24/AppData/Local/UnrealEngine/Common/DerivedDataCache/4/0/2/PHYSX_A08609EF508D460CBB6710540B03AACF_PHYSXPC_BCF4A6B541A210D31F595E88A19BB48__300D8B32FEBF846AAB4E8647E0097D7E377DDF67.udd" 4606
"C:/Users/dws24/AppData/Local/UnrealEngine/Common/DerivedDataCache/7/5/3/PHYSX_A08609EF508D460CBB6710540B03AACF_PHYSXPC_BCF4A6B541A210D31F595E88A19BB48__1410DA7594AAD661141B8E3263EB29DC9F325A2C.udd" 4607
"C:/Users/dws24/AppData/Local/UnrealEngine/Common/DerivedDataCache/0/4/8/PHYSX_A08609EF508D460CBB6710540B03AACF_PHYSXPC_BCF4A6B541A210D31F595E88A19BB48__655884416901E58E43FC173B0B535F1469D839C0.udd" 4608
"C:/Users/dws24/AppData/Local/UnrealEngine/Common/DerivedDataCache/3/0/1/PHYSX_A08609EF508D460CBB6710540B03AACF_PHYSXPC_BCF4A6B541A210D31F595E88A19BB48__3FB1E4B778BFA753237FA52EB2F6F85FB10E48C7.udd" 4609
"C:/Users/dws24/AppData/Local/UnrealEngine/Common/DerivedDataCache/1/2/0/PHYSX_A08609EF508D460CBB6710540B03AACF_PHYSXPC_BCF4A6B541A210D31F595E88A19BB48__7F329A7327F14C31F371F1C1B4CD01951F54F234.udd" 4610
"C:/Users/dws24/AppData/Local/UnrealEngine/Common/DerivedDataCache/0/2/8/PHYSX_A08609EF508D460CBB6710540B03AACF_PHYSXPC_BCF4A6B541A210D31F595E88A19BB48__D842D5536EE2754EEC75343A5274ABE79E44BB2D.udd" 4611
"C:/Users/dws24/AppData/Local/UnrealEngine/Common/DerivedDataCache/3/7/9/PHYSX_A08609EF508D460CBB6710540B03AACF_PHYSXPC_BCF4A6B541A210D31F595E88A19BB48__9DBF32246998C2E57AEC680CCF75BCEFFE68E5E7.udd" 4612
"C:/Users/dws24/AppData/Local/UnrealEngine/Common/DerivedDataCache/2/7/2/PHYSX_A08609EF508D460CBB6710540B03AACF_PHYSXPC_BCF4A6B541A210D31F595E88A19BB48__5DCF6A8162C96A5F491368D4DF2FB90D14484B30.udd" 4613
"C:/Users/dws24/AppData/Local/UnrealEngine/Common/DerivedDataCache/1/1/6/PHYSX_A08609EF508D460CBB6710540B03AACF_PHYSXPC_BCF4A6B541A210D31F595E88A19BB48__DACCB52D73C00A292CC486C8DE93AED7BBAD815E.udd" 4614
"C:/Users/dws24/AppData/Local/UnrealEngine/Common/DerivedDataCache/5/8/9/PHYSX_A08609EF508D460CBB6710540B03AACF_PHYSXPC_BCF4A6B541A210D31F595E88A19BB48__972D3CEF035828A3D435550227DB7A378025B672.udd" 4615
"C:/Users/dws24/AppData/Local/UnrealEngine/Common/DerivedDataCache/7/7/6/PHYSX_A08609EF508D460CBB6710540B03AACF_PHYSXPC_BCF4A6B541A210D31F595E88A19BB48__2A71BC41202FECD8D6A5793C86A636900AAA09CE.udd" 4616
"C:/Users/dws24/AppData/Local/UnrealEngine/Common/DerivedDataCache/1/5/6/PHYSX_A08609EF508D460CBB6710540B03AACF_PHYSXPC_BCF4A6B541A210D31F595E88A19BB48__679B72A0967339B2649D26E8FD568C8420A7E0A1.udd" 4617
"C:/Users/dws24/AppData/Local/UnrealEngine/Common/DerivedDataCache/6/4/7/PHYSX_A08609EF508D460CBB6710540B03AACF_PHYSXPC_BCF4A6B541A210D31F595E88A19BB48__B55AD5A38699B84FE9EAA7B2D7B36D7DE328B70B.udd" 4618
"C:/Users/dws24/AppData/Local/UnrealEngine/Common/DerivedDataCache/3/7/4/PHYSX_A08609EF508D460CBB6710540B03AACF_PHYSXPC_BCF4A6B541A210D31F595E88A19BB48__0D7FDE0DC0CB5C05B3460D31F2E65B8C4E17B75E.udd" 4619
"C:/Users/dws24/AppData/Local/UnrealEngine/Common/DerivedDataCache/9/2/7/PHYSX_A08609EF508D460CBB6710540B03AACF_PHYSXPC_BCF4A6B541A210D31F595E88A19BB48__30B65AFC6887C412877197A6538F8A5FA6D12F89.udd" 4620
"C:/Users/dws24/AppData/Local/UnrealEngine/Common/DerivedDataCache/1/0/0/PHYSX_A08609EF508D460CBB6710540B03AACF_PHYSXPC_BCF4A6B541A210D31F595E88A19BB48__934734CE9F1488B07EE936D0259FD74235B901FD.udd" 4621
"C:/Users/dws24/AppData/Local/UnrealEngine/Common/DerivedDataCache/8/9/8/PHYSX_A08609EF508D460CBB6710540B03AACF_PHYSXPC_BCF4A6B541A210D31F595E88A19BB48__4D4751451ACBE821856E9B77FF664C047EE0707E.udd" 4622
"C:/Users/dws24/AppData/Local/UnrealEngine/Common/DerivedDataCache/9/1/2/PHYSX_A08609EF508D460CBB6710540B03AACF_PHYSXPC_0F924BDA4771E8B102596ABD61DCFA0__22C1F2B272ABAE52E1D0F6D592CF47E46338BB84.udd" 4623
"C:/Users/dws24/AppData/Local/UnrealEngine/Common/DerivedDataCache/0/3/3/PHYSX_A08609EF508D460CBB6710540B03AACF_PHYSXPC_BCF4A6B541A210D31F595E88A19BB48__03B609FD83E46935B41F83FFF6A1F6F3F8DD1E27.udd" 4624
"C:/Users/dws24/AppData/Local/UnrealEngine/Common/DerivedDataCache/2/7/9/PHYSX_A08609EF508D460CBB6710540B03AACF_PHYSXPC_BCF4A6B541A210D31F595E88A19BB48__D29C6B91E3371981704F0D72AFBAA92870D586F7.udd" 4625
"C:/Users/dws24/AppData/Local/UnrealEngine/Common/DerivedDataCache/5/9/5/PHYSX_A08609EF508D460CBB6710540B03AACF_PHYSXPC_BCF4A6B541A210D31F595E88A19BB48__76AB632DE6003CD9ACAF62388DCCC09080754ED4.udd" 4626
"C:/Users/dws24/AppData/Local/UnrealEngine/Common/DerivedDataCache/3/8/2/PHYSX_A08609EF508D460CBB6710540B03AACF_PHYSXPC_BCF4A6B541A210D31F595E88A19BB48__A5B6AB474964DB91364EC6865AA8C2DF66496CA9.udd" 4627
"C:/Users/dws24/AppData/Local/UnrealEngine/Common/DerivedDataCache/4/5/3/PHYSX_A08609EF508D460CBB6710540B03AACF_PHYSXPC_BCF4A6B541A210D31F595E88A19BB48__57E860B7F2E0A643966FA8F17D07F95E4E5839C8.udd" 4628
"C:/Users/dws24/AppData/Local/UnrealEngine/Common/DerivedDataCache/1/2/3/PHYSX_A08609EF508D460CBB6710540B03AACF_PHYSXPC_BCF4A6B541A210D31F595E88A19BB48__A2FC1975729620DC81CD871514F353AA0C0244B7.udd" 4629
"C:/Users/dws24/AppData/Local/UnrealEngine/Common/DerivedDataCache/8/6/1/PHYSX_A08609EF508D460CBB6710540B03AACF_PHYSXPC_BCF4A6B541A210D31F595E88A19BB48__5BF86922B7C5B1AC5C8B8DE5E7B7542D33EA95C7.udd" 4630
"C:/Users/dws24/AppData/Local/UnrealEngine/Common/DerivedDataCache/4/1/9/PHYSX_A08609EF508D460CBB6710540B03AACF_PHYSXPC_BCF4A6B541A210D31F595E88A19BB48__6D57B56FC29F7CD8EF799FFEF89B2A784C364D0D.udd" 4631
"C:/Users/dws24/AppData/Local/UnrealEngine/Common/DerivedDataCache/7/3/3/PHYSX_A08609EF508D460CBB6710540B03AACF_PHYSXPC_BCF4A6B541A210D31F595E88A19BB48__D9C1D53783EBEE3DEA6136CE91B025D6213B21B1.udd" 4632
"C:/Users/dws24/AppData/Local/UnrealEngine/Common/DerivedDataCache/2/6/7/PHYSX_A08609EF508D460CBB6710540B03AACF_PHYSXPC_BCF4A6B541A210D31F595E88A19BB48__AA2436546EDD72C7996C388ACB3621463F4D2A7A.udd" 4633
"X:/Unreal Projects/Momentum/Momentum/Content/Models/Geometry/QuarterBowlTexture.uasset" 4634
"X:/Unreal Projects/Momentum/Momentum/Content/Models/Geometry/QuarterBowlMat.uasset" 4635
"C:/Users/dws24/AppData/Local/UnrealEngine/Common/DerivedDataCache/5/0/1/PHYSX_A08609EF508D460CBB6710540B03AACF_PHYSXPC_BCF4A6B541A210D31F595E88A19BB48__FE661B35C06F5AD341AD2D8D111A0D1F21BE472F.udd" 4636
"C:/Users/dws24/AppData/Local/UnrealEngine/Common/DerivedDataCache/7/3/4/PHYSX_A08609EF508D460CBB6710540B03AACF_PHYSXPC_BCF4A6B541A210D31F595E88A19BB48__AB2E10990309EAFE10E30D13BFDBEAC872C58D1D.udd" 4637
"C:/Users/dws24/AppData/Local/UnrealEngine/Common/DerivedDataCache/3/8/9/PHYSX_A08609EF508D460CBB6710540B03AACF_PHYSXPC_BCF4A6B541A210D31F595E88A19BB48__CD508362B637C395605A35399F2847196758D1F7.udd" 4638
"C:/Users/dws24/AppData/Local/UnrealEngine/Common/DerivedDataCache/9/3/4/PHYSX_A08609EF508D460CBB6710540B03AACF_PHYSXPC_BCF4A6B541A210D31F595E88A19BB48__75E61E421D1DB9690E809903C8CA94A9FC5193B8.udd" 4639
"C:/Users/dws24/AppData/Local/UnrealEngine/Common/DerivedDataCache/5/1/0/PHYSX_A08609EF508D460CBB6710540B03AACF_PHYSXPC_BCF4A6B541A210D31F595E88A19BB48__45CB7CDFFBC4702A8CE5B9F310EF7EB6003B4697.udd" 4640
"C:/Users/dws24/AppData/Local/UnrealEngine/Common/DerivedDataCache/6/3/8/PHYSX_A08609EF508D460CBB6710540B03AACF_PHYSXPC_BCF4A6B541A210D31F595E88A19BB48__FFABA9608501A8DF22780B315D221843866668A2.udd" 4641
"C:/Users/dws24/AppData/Local/UnrealEngine/Common/DerivedDataCache/1/9/9/PHYSX_A08609EF508D460CBB6710540B03AACF_PHYSXPC_BCF4A6B541A210D31F595E88A19BB48__841F2B9583CA4E261EB473F81E36D8606D4A1487.udd" 4642
"C:/Users/dws24/AppData/Local/UnrealEngine/Common/DerivedDataCache/9/2/6/PHYSX_A08609EF508D460CBB6710540B03AACF_PHYSXPC_BCF4A6B541A210D31F595E88A19BB48__52946021F85EE687D5A547B0557E23E49CA6B82A.udd" 4643
"C:/Users/dws24/AppData/Local/UnrealEngine/Common/DerivedDataCache/6/9/7/PHYSX_A08609EF508D460CBB6710540B03AACF_PHYSXPC_BCF4A6B541A210D31F595E88A19BB48__FB21BC9F14EEAE7DBD07C54FDEFDC7BEF85E7F2B.udd" 4644
"C:/Users/dws24/AppData/Local/UnrealEngine/Common/DerivedDataCache/2/4/1/PHYSX_A08609EF508D460CBB6710540B03AACF_PHYSXPC_BCF4A6B541A210D31F595E88A19BB48__2592143A4912A8C31E629270C04AE8E06FAAD665.udd" 4645
"C:/Users/dws24/AppData/Local/UnrealEngine/Common/DerivedDataCache/6/1/5/PHYSX_A08609EF508D460CBB6710540B03AACF_PHYSXPC_BCF4A6B541A210D31F595E88A19BB48__3630DB06B599A5BBDC3391EC5DB2C906B67C4152.udd" 4646
"C:/Users/dws24/AppData/Local/UnrealEngine/Common/DerivedDataCache/9/5/6/PHYSX_A08609EF508D460CBB6710540B03AACF_PHYSXPC_BCF4A6B541A210D31F595E88A19BB48__42F821254A304BBDCA3AAB0FB318A263B7DEDC31.udd" 4647
"C:/Users/dws24/AppData/Local/UnrealEngine/Common/DerivedDataCache/7/6/4/PHYSX_A08609EF508D460CBB6710540B03AACF_PHYSXPC_BCF4A6B541A210D31F595E88A19BB48__EE2B52896D579D430F10A05C83C232166509B94F.udd" 4648
"C:/Users/dws24/AppData/Local/UnrealEngine/Common/DerivedDataCache/7/6/9/PHYSX_A08609EF508D460CBB6710540B03AACF_PHYSXPC_BCF4A6B541A210D31F595E88A19BB48__A3D92C01CDBAEC715C40FD1F9E5E9BBB83FF9BF3.udd" 4649
"C:/Users/dws24/AppData/Local/UnrealEngine/Common/DerivedDataCache/4/5/2/PHYSX_A08609EF508D460CBB6710540B03AACF_PHYSXPC_BCF4A6B541A210D31F595E88A19BB48__1EA735D1BA737C980B739C86DCB219FAF6EB8E80.udd" 4650
"C:/Users/dws24/AppData/Local/UnrealEngine/Common/DerivedDataCache/7/2/1/PHYSX_A08609EF508D460CBB6710540B03AACF_PHYSXPC_BCF4A6B541A210D31F595E88A19BB48__D7616281252D3A6D42D3E0DE5057E570AB960209.udd" 4651
"C:/Users/dws24/AppData/Local/UnrealEngine/Common/DerivedDataCache/4/8/1/PHYSX_A08609EF508D460CBB6710540B03AACF_PHYSXPC_BCF4A6B541A210D31F595E88A19BB48__8A41D0CEE3B81B598B8F2E0EBCC916491CF305FD.udd" 4652
"C:/Users/dws24/AppData/Local/UnrealEngine/Common/DerivedDataCache/0/5/6/PHYSX_A08609EF508D460CBB6710540B03AACF_PHYSXPC_BCF4A6B541A210D31F595E88A19BB48__6EF249BA5A557A47BC1F113F329010B564039D52.udd" 4653
"C:/Users/dws24/AppData/Local/UnrealEngine/Common/DerivedDataCache/8/7/9/PHYSX_A08609EF508D460CBB6710540B03AACF_PHYSXPC_BCF4A6B541A210D31F595E88A19BB48__958473FCC79C4F5DBEEBB9606E61DC75270093B2.udd" 4654
"C:/Users/dws24/AppData/Local/UnrealEngine/Common/DerivedDataCache/7/6/4/PHYSX_A08609EF508D460CBB6710540B03AACF_PHYSXPC_BCF4A6B541A210D31F595E88A19BB48__B0522A223FE7AC0D63298FBB08942FCB92DC4216.udd" 4655
"C:/Users/dws24/AppData/Local/UnrealEngine/Common/DerivedDataCache/7/4/7/PHYSX_A08609EF508D460CBB6710540B03AACF_PHYSXPC_BCF4A6B541A210D31F595E88A19BB48__9217D63D847624FB1A800CC838D8DA8C932E1CB2.udd" 4656
"C:/Users/dws24/AppData/Local/UnrealEngine/Common/DerivedDataCache/0/7/5/PHYSX_A08609EF508D460CBB6710540B03AACF_PHYSXPC_BCF4A6B541A210D31F595E88A19BB48__6BC45062CC82089EE4605F24B6B9F88A3CDC820C.udd" 4657
"C:/Users/dws24/AppData/Local/UnrealEngine/Common/DerivedDataCache/5/3/3/PHYSX_A08609EF508D460CBB6710540B03AACF_PHYSXPC_BCF4A6B541A210D31F595E88A19BB48__76987911D061C836237756595F8F3B6A433CD356.udd" 4658
"C:/Users/dws24/AppData/Local/UnrealEngine/Common/DerivedDataCache/5/6/8/PHYSX_A08609EF508D460CBB6710540B03AACF_PHYSXPC_BCF4A6B541A210D31F595E88A19BB48__7187E6226A9611526803934A22CD9DDAAE02F0EB.udd" 4659
"C:/Users/dws24/AppData/Local/UnrealEngine/Common/DerivedDataCache/0/9/1/PHYSX_A08609EF508D460CBB6710540B03AACF_PHYSXPC_BCF4A6B541A210D31F595E88A19BB48__AF0E0C0E1ACE0284B0F86B1AEA18A3971DC6D2E7.udd" 4660
"C:/Users/dws24/AppData/Local/UnrealEngine/Common/DerivedDataCache/0/3/9/PHYSX_A08609EF508D460CBB6710540B03AACF_PHYSXPC_BCF4A6B541A210D31F595E88A19BB48__AA190B8622E1DE77CFBA5E892AD821D4148B5752.udd" 4661
"C:/Users/dws24/AppData/Local/UnrealEngine/Common/DerivedDataCache/0/1/5/PHYSX_A08609EF508D460CBB6710540B03AACF_PHYSXPC_BCF4A6B541A210D31F595E88A19BB48__CD57E4CB6C106FB94F1942ADDBB81C8153C032BB.udd" 4662
"C:/Users/dws24/AppData/Local/UnrealEngine/Common/DerivedDataCache/3/0/6/PHYSX_A08609EF508D460CBB6710540B03AACF_PHYSXPC_BCF4A6B541A210D31F595E88A19BB48__4FB32854A4442B5D1BF0FE961084D684E95B2543.udd" 4663
"C:/Users/dws24/AppData/Local/UnrealEngine/Common/DerivedDataCache/8/5/7/PHYSX_A08609EF508D460CBB6710540B03AACF_PHYSXPC_BCF4A6B541A210D31F595E88A19BB48__DEE17C0E889CA78F05A4208A77F789A24728A089.udd" 4664
"C:/Users/dws24/AppData/Local/UnrealEngine/Common/DerivedDataCache/3/6/4/PHYSX_A08609EF508D460CBB6710540B03AACF_PHYSXPC_BCF4A6B541A210D31F595E88A19BB48__760E76B29781B7D35C15504E0FBF3FF8B22D6928.udd" 4665
"C:/Users/dws24/AppData/Local/UnrealEngine/Common/DerivedDataCache/8/9/1/PHYSX_A08609EF508D460CBB6710540B03AACF_PHYSXPC_BCF4A6B541A210D31F595E88A19BB48__8DE5E55B65DAAF50CC98D82630A1687999DC8059.udd" 4666
"C:/Users/dws24/AppData/Local/UnrealEngine/Common/DerivedDataCache/7/2/4/PHYSX_A08609EF508D460CBB6710540B03AACF_PHYSXPC_BCF4A6B541A210D31F595E88A19BB48__9DE7CD6328D8E8B83FD180E874F078B81178758A.udd" 4667
"C:/Users/dws24/AppData/Local/UnrealEngine/Common/DerivedDataCache/1/8/2/PHYSX_A08609EF508D460CBB6710540B03AACF_PHYSXPC_BCF4A6B541A210D31F595E88A19BB48__D401E7A6781B65609BB41EA18A32240F8B3BDE2D.udd" 4668
"C:/Users/dws24/AppData/Local/UnrealEngine/Common/DerivedDataCache/3/7/6/PHYSX_A08609EF508D460CBB6710540B03AACF_PHYSXPC_BCF4A6B541A210D31F595E88A19BB48__75EB2E4B1A19617F89FCB2FA0112C9518C14C37F.udd" 4669
"C:/Users/dws24/AppData/Local/UnrealEngine/Common/DerivedDataCache/3/8/0/PHYSX_A08609EF508D460CBB6710540B03AACF_PHYSXPC_BCF4A6B541A210D31F595E88A19BB48__FAA537B7B78F3524439738690AA2095CEDE4FE7E.udd" 4670
"C:/Users/dws24/AppData/Local/UnrealEngine/Common/DerivedDataCache/1/5/3/PHYSX_A08609EF508D460CBB6710540B03AACF_PHYSXPC_BCF4A6B541A210D31F595E88A19BB48__2CC83351BDF2484ED418661B859381EC0FA09457.udd" 4671
"C:/Users/dws24/AppData/Local/UnrealEngine/Common/DerivedDataCache/6/3/6/PHYSX_A08609EF508D460CBB6710540B03AACF_PHYSXPC_BCF4A6B541A210D31F595E88A19BB48__55A85914907EF245BCEC3607F8E4F8540F1811F6.udd" 4672
"C:/Users/dws24/AppData/Local/UnrealEngine/Common/DerivedDataCache/6/0/9/PHYSX_A08609EF508D460CBB6710540B03AACF_PHYSXPC_BCF4A6B541A210D31F595E88A19BB48__1DB799EC18DF35C268F7AFDBF565BF98D333551E.udd" 4673
"C:/Users/dws24/AppData/Local/UnrealEngine/Common/DerivedDataCache/7/3/9/PHYSX_A08609EF508D460CBB6710540B03AACF_PHYSXPC_BCF4A6B541A210D31F595E88A19BB48__50262663FE7F1D2C6B58EC65CCD5BF84497E90EB.udd" 4674
"C:/Users/dws24/AppData/Local/UnrealEngine/Common/DerivedDataCache/3/4/5/PHYSX_A08609EF508D460CBB6710540B03AACF_PHYSXPC_BCF4A6B541A210D31F595E88A19BB48__358324BECC3E4E7E11A576B748558570EF63DC4E.udd" 4675
"C:/Users/dws24/AppData/Local/UnrealEngine/Common/DerivedDataCache/9/6/2/PHYSX_A08609EF508D460CBB6710540B03AACF_PHYSXPC_BCF4A6B541A210D31F595E88A19BB48__BA3A77A10707CAD65998ACB42AADC9DDD7A3F582.udd" 4676
"C:/Users/dws24/AppData/Local/UnrealEngine/Common/DerivedDataCache/1/0/0/PHYSX_A08609EF508D460CBB6710540B03AACF_PHYSXPC_BCF4A6B541A210D31F595E88A19BB48__0A5EE7D4E81B42D5FDAC4ECE06F4325CEC6C9CFF.udd" 4677
"C:/Users/dws24/AppData/Local/UnrealEngine/Common/DerivedDataCache/9/7/6/PHYSX_A08609EF508D460CBB6710540B03AACF_PHYSXPC_BCF4A6B541A210D31F595E88A19BB48__049A7AB2DF668C916AC7AAC1C1C4A86E2F1087BC.udd" 4678
"C:/Users/dws24/AppData/Local/UnrealEngine/Common/DerivedDataCache/2/7/9/PHYSX_A08609EF508D460CBB6710540B03AACF_PHYSXPC_BCF4A6B541A210D31F595E88A19BB48__468C7741225DAC4E20E73D196BF87EA909155DFF.udd" 4679
"C:/Users/dws24/AppData/Local/UnrealEngine/Common/DerivedDataCache/6/3/6/PHYSX_A08609EF508D460CBB6710540B03AACF_PHYSXPC_BCF4A6B541A210D31F595E88A19BB48__0D67A7DDABB15AA7DABF42AFD054143F9915D321.udd" 4680
"C:/Users/dws24/AppData/Local/UnrealEngine/Common/DerivedDataCache/0/5/9/PHYSX_A08609EF508D460CBB6710540B03AACF_PHYSXPC_BCF4A6B541A210D31F595E88A19BB48__89EEB90933E4A45F7A963D1CBF6FEE722B8BB88E.udd" 4681
"C:/Users/dws24/AppData/Local/UnrealEngine/Common/DerivedDataCache/7/9/4/PHYSX_A08609EF508D460CBB6710540B03AACF_PHYSXPC_BCF4A6B541A210D31F595E88A19BB48__F6783B95AF48C2247B04B9564B31FD5E635AA9AB.udd" 4682
"C:/Users/dws24/AppData/Local/UnrealEngine/Common/DerivedDataCache/1/6/4/PHYSX_A08609EF508D460CBB6710540B03AACF_PHYSXPC_BCF4A6B541A210D31F595E88A19BB48__1CA4A12A7FE97754531056EB1F7CCC5FB97AB3B2.udd" 4683
"C:/Users/dws24/AppData/Local/UnrealEngine/Common/DerivedDataCache/1/7/9/PHYSX_A08609EF508D460CBB6710540B03AACF_PHYSXPC_BCF4A6B541A210D31F595E88A19BB48__8997B252290159773E839C4F718E0C6C417342B3.udd" 4684
"C:/Users/dws24/AppData/Local/UnrealEngine/Common/DerivedDataCache/3/7/4/PHYSX_A08609EF508D460CBB6710540B03AACF_PHYSXPC_BCF4A6B541A210D31F595E88A19BB48__A6EDB213BCF7C18082E9D62FFD93EF285DB84106.udd" 4685
"C:/Users/dws24/AppData/Local/UnrealEngine/Common/DerivedDataCache/9/5/1/PHYSX_A08609EF508D460CBB6710540B03AACF_PHYSXPC_BCF4A6B541A210D31F595E88A19BB48__E484664CFA5C458AA8473D36B920F0FE7A5E8977.udd" 4686
"C:/Users/dws24/AppData/Local/UnrealEngine/Common/DerivedDataCache/0/4/8/PHYSX_A08609EF508D460CBB6710540B03AACF_PHYSXPC_BCF4A6B541A210D31F595E88A19BB48__0C2E94AF2D38BF2E6F1B13FA85E3CB7ADBBD33F9.udd" 4687
"C:/Users/dws24/AppData/Local/UnrealEngine/Common/DerivedDataCache/9/9/3/PHYSX_A08609EF508D460CBB6710540B03AACF_PHYSXPC_BCF4A6B541A210D31F595E88A19BB48__1410131E6A5A0348C0AC2B92ABA6E5C986AAF841.udd" 4688
"C:/Users/dws24/AppData/Local/UnrealEngine/Common/DerivedDataCache/7/0/3/PHYSX_A08609EF508D460CBB6710540B03AACF_PHYSXPC_BCF4A6B541A210D31F595E88A19BB48__F44DA2FF76BCB91C92FCFEB327A738DFC9298DF8.udd" 4689
"C:/Users/dws24/AppData/Local/UnrealEngine/Common/DerivedDataCache/9/6/8/PHYSX_A08609EF508D460CBB6710540B03AACF_PHYSXPC_BCF4A6B541A210D31F595E88A19BB48__26FC2ABD1D263B83A7CFF287B3CCCCD447092451.udd" 4690
"C:/Users/dws24/AppData/Local/UnrealEngine/Common/DerivedDataCache/6/0/7/PHYSX_A08609EF508D460CBB6710540B03AACF_PHYSXPC_BCF4A6B541A210D31F595E88A19BB48__1DC8ADBCD52C37A4FC5EC367C40F10A01EC4D257.udd" 4691
"C:/Users/dws24/AppData/Local/UnrealEngine/Common/DerivedDataCache/3/6/1/PHYSX_A08609EF508D460CBB6710540B03AACF_PHYSXPC_BCF4A6B541A210D31F595E88A19BB48__B2A65369531A96AC66AF3BA5FF78A3640F25C114.udd" 4692
"C:/Users/dws24/AppData/Local/UnrealEngine/Common/DerivedDataCache/1/1/2/PHYSX_A08609EF508D460CBB6710540B03AACF_PHYSXPC_BCF4A6B541A210D31F595E88A19BB48__E0A8C05209F33B82AA6ACC413492A78814A0BB64.udd" 4693
"C:/Users/dws24/AppData/Local/UnrealEngine/Common/DerivedDataCache/9/1/2/PHYSX_A08609EF508D460CBB6710540B03AACF_PHYSXPC_BCF4A6B541A210D31F595E88A19BB48__67711CCDE39232025118201BC876B08D00703FBF.udd" 4694
"C:/Users/dws24/AppData/Local/UnrealEngine/Common/DerivedDataCache/6/0/0/PHYSX_A08609EF508D460CBB6710540B03AACF_PHYSXPC_BCF4A6B541A210D31F595E88A19BB48__9B6397001E8FBE6DFFCA6566FDB68739EC80A378.udd" 4695
"C:/Users/dws24/AppData/Local/UnrealEngine/Common/DerivedDataCache/5/2/3/PHYSX_A08609EF508D460CBB6710540B03AACF_PHYSXPC_BCF4A6B541A210D31F595E88A19BB48__EA85DC7D525389F0A3A0F8DBE7175DB2179AF84A.udd" 4696
"C:/Users/dws24/AppData/Local/UnrealEngine/Common/DerivedDataCache/5/9/7/PHYSX_A08609EF508D460CBB6710540B03AACF_PHYSXPC_BCF4A6B541A210D31F595E88A19BB48__775927ACA4BE0217BBA7BB9E55DBDB5E46E20770.udd" 4697
"C:/Users/dws24/AppData/Local/UnrealEngine/Common/DerivedDataCache/4/9/8/PHYSX_A08609EF508D460CBB6710540B03AACF_PHYSXPC_BCF4A6B541A210D31F595E88A19BB48__BFAD8AC9A7368019A41635660AB65819B7A7512B.udd" 4698
"C:/Users/dws24/AppData/Local/UnrealEngine/Common/DerivedDataCache/3/6/6/PHYSX_A08609EF508D460CBB6710540B03AACF_PHYSXPC_BCF4A6B541A210D31F595E88A19BB48__AF34D84E2EB7BDB07FA9C0C8FF744C724D4FDACA.udd" 4699
"C:/Users/dws24/AppData/Local/UnrealEngine/Common/DerivedDataCache/7/5/9/PHYSX_A08609EF508D460CBB6710540B03AACF_PHYSXPC_BCF4A6B541A210D31F595E88A19BB48__2B698828D2E2892B635358FA07AEE8DF039482CF.udd" 4700
"C:/Users/dws24/AppData/Local/UnrealEngine/Common/DerivedDataCache/6/1/8/PHYSX_A08609EF508D460CBB6710540B03AACF_PHYSXPC_BCF4A6B541A210D31F595E88A19BB48__A16D0C2F5CD2A2335EBDBA0B48B5D80062B5A90F.udd" 4701
"C:/Users/dws24/AppData/Local/UnrealEngine/Common/DerivedDataCache/9/5/9/PHYSX_A08609EF508D460CBB6710540B03AACF_PHYSXPC_BCF4A6B541A210D31F595E88A19BB48__82C38D3EBFECFA1361C557839F3421F077A9B46D.udd" 4702
"C:/Users/dws24/AppData/Local/UnrealEngine/Common/DerivedDataCache/9/0/0/PHYSX_A08609EF508D460CBB6710540B03AACF_PHYSXPC_BCF4A6B541A210D31F595E88A19BB48__580ECABDD98E519B02E844B05444C04FB08BAF52.udd" 4703
"C:/Users/dws24/AppData/Local/UnrealEngine/Common/DerivedDataCache/3/0/8/PHYSX_A08609EF508D460CBB6710540B03AACF_PHYSXPC_BCF4A6B541A210D31F595E88A19BB48__CECC87CBF7CAE0073F41B715F99F011DD25E89D8.udd" 4704
"C:/Users/dws24/AppData/Local/UnrealEngine/Common/DerivedDataCache/2/2/5/PHYSX_A08609EF508D460CBB6710540B03AACF_PHYSXPC_BCF4A6B541A210D31F595E88A19BB48__08076E77A57541F59AA9CADB7A17B275EA596034.udd" 4705
"C:/Users/dws24/AppData/Local/UnrealEngine/Common/DerivedDataCache/8/4/8/PHYSX_A08609EF508D460CBB6710540B03AACF_PHYSXPC_BCF4A6B541A210D31F595E88A19BB48__CBC57E5BA711A96F3A1446526BB711579C0D7BF8.udd" 4706
"C:/Users/dws24/AppData/Local/UnrealEngine/Common/DerivedDataCache/7/9/0/PHYSX_A08609EF508D460CBB6710540B03AACF_PHYSXPC_BCF4A6B541A210D31F595E88A19BB48__058F7CC9EB72D0EA33BCCD8089E1410852562B20.udd" 4707
"C:/Users/dws24/AppData/Local/UnrealEngine/Common/DerivedDataCache/8/9/1/PHYSX_A08609EF508D460CBB6710540B03AACF_PHYSXPC_BCF4A6B541A210D31F595E88A19BB48__01EE165C8563FC80E94CB2DE88E1FF97C86F0DE9.udd" 4708
"C:/Users/dws24/AppData/Local/UnrealEngine/Common/DerivedDataCache/1/9/3/PHYSX_A08609EF508D460CBB6710540B03AACF_PHYSXPC_BCF4A6B541A210D31F595E88A19BB48__F3728180D5CEF8726E525BF3D94CCD97A7700A30.udd" 4709
"C:/Users/dws24/AppData/Local/UnrealEngine/Common/DerivedDataCache/8/8/8/PHYSX_A08609EF508D460CBB6710540B03AACF_PHYSXPC_BCF4A6B541A210D31F595E88A19BB48__70322D59E0EBBC5F7C351421E40F809604E898B8.udd" 4710
"C:/Users/dws24/AppData/Local/UnrealEngine/Common/DerivedDataCache/0/4/8/PHYSX_A08609EF508D460CBB6710540B03AACF_PHYSXPC_BCF4A6B541A210D31F595E88A19BB48__B2CFDE49BADB18AD1F536C1B0236CC4DF3FC01D0.udd" 4711
"C:/Users/dws24/AppData/Local/UnrealEngine/Common/DerivedDataCache/8/2/8/PHYSX_A08609EF508D460CBB6710540B03AACF_PHYSXPC_BCF4A6B541A210D31F595E88A19BB48__EBC4B647BF316ABF61ABE5AB4EA3186329945F33.udd" 4712
"C:/Users/dws24/AppData/Local/UnrealEngine/Common/DerivedDataCache/9/4/8/PHYSX_A08609EF508D460CBB6710540B03AACF_PHYSXPC_BCF4A6B541A210D31F595E88A19BB48__C6F27FA88AE46EC29DE0C57BDB83D572E3E9A243.udd" 4713
"C:/Users/dws24/AppData/Local/UnrealEngine/Common/DerivedDataCache/3/4/4/PHYSX_A08609EF508D460CBB6710540B03AACF_PHYSXPC_BCF4A6B541A210D31F595E88A19BB48__A1BF48E85711C60171A6F11DE4E7F632BE780CA7.udd" 4714
"C:/Users/dws24/AppData/Local/UnrealEngine/Common/DerivedDataCache/2/8/0/PHYSX_A08609EF508D460CBB6710540B03AACF_PHYSXPC_BCF4A6B541A210D31F595E88A19BB48__2C40392C3774C36EF77C6811B3166F6C257D72C3.udd" 4715
"C:/Users/dws24/AppData/Local/UnrealEngine/Common/DerivedDataCache/5/7/6/PHYSX_A08609EF508D460CBB6710540B03AACF_PHYSXPC_BCF4A6B541A210D31F595E88A19BB48__45AF060DAF49F27ED1E718DFA5EA7C24E67A5727.udd" 4716
"C:/Users/dws24/AppData/Local/UnrealEngine/Common/DerivedDataCache/9/0/3/PHYSX_A08609EF508D460CBB6710540B03AACF_PHYSXPC_BCF4A6B541A210D31F595E88A19BB48__505BCBDF4460853D1D2BEA8D9876516B92FFC373.udd" 4717
"C:/Users/dws24/AppData/Local/UnrealEngine/Common/DerivedDataCache/1/1/6/PHYSX_A08609EF508D460CBB6710540B03AACF_PHYSXPC_BCF4A6B541A210D31F595E88A19BB48__B162331A41516AA246FBB7AF5D207E206A960E64.udd" 4718
"C:/Users/dws24/AppData/Local/UnrealEngine/Common/DerivedDataCache/7/3/4/PHYSX_A08609EF508D460CBB6710540B03AACF_PHYSXPC_BCF4A6B541A210D31F595E88A19BB48__A52B4F9B00AF956C10F7F249124404A76C927044.udd" 4719
"C:/Users/dws24/AppData/Local/UnrealEngine/Common/DerivedDataCache/0/3/3/PHYSX_A08609EF508D460CBB6710540B03AACF_PHYSXPC_BCF4A6B541A210D31F595E88A19BB48__4EC38E25FC7ADD25271D55CD5B19265F81661796.udd" 4720
"C:/Users/dws24/AppData/Local/UnrealEngine/Common/DerivedDataCache/9/2/0/PHYSX_A08609EF508D460CBB6710540B03AACF_PHYSXPC_BCF4A6B541A210D31F595E88A19BB48__5D60F21F3021FE07BE3E3513BEA236883F056117.udd" 4721
"C:/Users/dws24/AppData/Local/UnrealEngine/Common/DerivedDataCache/0/0/0/PHYSX_A08609EF508D460CBB6710540B03AACF_PHYSXPC_BCF4A6B541A210D31F595E88A19BB48__7CA1648E765D2036DD2C7C4200549A9309E494A1.udd" 4722
"C:/Users/dws24/AppData/Local/UnrealEngine/Common/DerivedDataCache/5/3/3/PHYSX_A08609EF508D460CBB6710540B03AACF_PHYSXPC_BCF4A6B541A210D31F595E88A19BB48__0E04735638B91D302A78E84002C08128C4E7D23E.udd" 4723
"C:/Users/dws24/AppData/Local/UnrealEngine/Common/DerivedDataCache/0/1/9/PHYSX_A08609EF508D460CBB6710540B03AACF_PHYSXPC_0F924BDA4771E8B102596ABD61DCFA0__DFD8C4AC78958BA614F10F5AF162872034B91A6C.udd" 4724
"C:/Users/dws24/AppData/Local/UnrealEngine/Common/DerivedDataCache/2/7/0/PHYSX_A08609EF508D460CBB6710540B03AACF_PHYSXPC_0F924BDA4771E8B102596ABD61DCFA0__E86ABDBD60B693F4DE51CCE213FFD25EE81976E2.udd" 4725
"C:/Users/dws24/AppData/Local/UnrealEngine/Common/DerivedDataCache/8/2/3/PHYSX_A08609EF508D460CBB6710540B03AACF_PHYSXPC_0F924BDA4771E8B102596ABD61DCFA0__78D5AFCF06BB3B4A8786D336F62B753DD65D259E.udd" 4726
"C:/Users/dws24/AppData/Local/UnrealEngine/Common/DerivedDataCache/6/6/0/PHYSX_A08609EF508D460CBB6710540B03AACF_PHYSXPC_0F924BDA4771E8B102596ABD61DCFA0__3945849F00C7323DCDAC3087A850AF125E4A5F29.udd" 4727
"C:/Users/dws24/AppData/Local/UnrealEngine/Common/DerivedDataCache/7/2/1/PHYSX_A08609EF508D460CBB6710540B03AACF_PHYSXPC_0F924BDA4771E8B102596ABD61DCFA0__BBFD50A635721EA133C63F91294FC700039CC09E.udd" 4728
"X:/Unreal Projects/Momentum/Momentum/Content/Models/Geometry/SkateTrackSegments_QuarterBowl.uasset" 4729
"X:/Unreal Projects/Momentum/Momentum/Content/StarterContent/Textures/T_Metal_Steel_N.uasset" 4730
"X:/Unreal Projects/Momentum/Momentum/Content/StarterContent/Textures/T_Metal_Steel_D.uasset" 4731
"X:/Unreal Projects/Momentum/Momentum/Content/StarterContent/Materials/M_Metal_Steel.uasset" 4732
"C:/Users/dws24/AppData/Local/UnrealEngine/Common/DerivedDataCache/7/0/7/PHYSX_A08609EF508D460CBB6710540B03AACF_PHYSXPC_2CEFD31349D6938DC1506B950AE128B__E418175A5B9B241831B21E954920479D3DABC667.udd" 4733
"C:/Users/dws24/AppData/Local/UnrealEngine/Common/DerivedDataCache/3/0/5/PHYSX_A08609EF508D460CBB6710540B03AACF_PHYSXPC_2CEFD31349D6938DC1506B950AE128B__E5423F9D03BB36065ED9FBBE9B46A5A2840D041F.udd" 4734
"C:/Users/dws24/AppData/Local/UnrealEngine/Common/DerivedDataCache/3/0/2/PHYSX_A08609EF508D460CBB6710540B03AACF_PHYSXPC_BCF4A6B541A210D31F595E88A19BB48__7847F16CCE54409D8992BDA57345AE804488D567.udd" 4735
"C:/Users/dws24/AppData/Local/UnrealEngine/Common/DerivedDataCache/7/5/8/PHYSX_A08609EF508D460CBB6710540B03AACF_PHYSXPC_BCF4A6B541A210D31F595E88A19BB48__BDA8D747403D90C6FF7C31E2A7FD62CB3945551B.udd" 4736
"C:/Users/dws24/AppData/Local/UnrealEngine/Common/DerivedDataCache/8/4/5/PHYSX_A08609EF508D460CBB6710540B03AACF_PHYSXPC_BCF4A6B541A210D31F595E88A19BB48__AB8A2891AD08B36CB1A982EE7E805CF30D45BF07.udd" 4737
"C:/Users/dws24/AppData/Local/UnrealEngine/Common/DerivedDataCache/7/0/7/PHYSX_A08609EF508D460CBB6710540B03AACF_PHYSXPC_BCF4A6B541A210D31F595E88A19BB48__5789E25171BCD614C8BF752C493FB3457389FB91.udd" 4738
"C:/Users/dws24/AppData/Local/UnrealEngine/Common/DerivedDataCache/4/2/0/PHYSX_A08609EF508D460CBB6710540B03AACF_PHYSXPC_BCF4A6B541A210D31F595E88A19BB48__766EF4986E4F49EA002FBA096A64FF6CF892E500.udd" 4739
"C:/Users/dws24/AppData/Local/UnrealEngine/Common/DerivedDataCache/8/7/0/PHYSX_A08609EF508D460CBB6710540B03AACF_PHYSXPC_BCF4A6B541A210D31F595E88A19BB48__9189E81FAD73DA2E0F7283BFB7CDD9521BA2745E.udd" 4740
"C:/Users/dws24/AppData/Local/UnrealEngine/Common/DerivedDataCache/5/6/8/PHYSX_A08609EF508D460CBB6710540B03AACF_PHYSXPC_BCF4A6B541A210D31F595E88A19BB48__7DB6E0A16F22130BEFB7DE6816F1C6FEEB6E22A4.udd" 4741
"C:/Users/dws24/AppData/Local/UnrealEngine/Common/DerivedDataCache/6/7/9/PHYSX_A08609EF508D460CBB6710540B03AACF_PHYSXPC_BCF4A6B541A210D31F595E88A19BB48__A4B46082462189A102BB523AC07583FE3AEC8709.udd" 4742
"C:/Users/dws24/AppData/Local/UnrealEngine/Common/DerivedDataCache/9/8/4/PHYSX_A08609EF508D460CBB6710540B03AACF_PHYSXPC_BCF4A6B541A210D31F595E88A19BB48__AAF1791EEF593EADF6011E83362244BEF5CB6D63.udd" 4743
"C:/Users/dws24/AppData/Local/UnrealEngine/Common/DerivedDataCache/6/7/5/PHYSX_A08609EF508D460CBB6710540B03AACF_PHYSXPC_BCF4A6B541A210D31F595E88A19BB48__FA6B998746BF13F4220AE45C81558A41BB750AD6.udd" 4744
"C:/Users/dws24/AppData/Local/UnrealEngine/Common/DerivedDataCache/3/7/4/PHYSX_A08609EF508D460CBB6710540B03AACF_PHYSXPC_BCF4A6B541A210D31F595E88A19BB48__FD14C34171A3907AFC5EC46306DC933EC1740783.udd" 4745
"X:/Unreal Projects/Momentum/Momentum/Content/Levels/Levels/LevelDoors2.umap" 4746
"C:/Users/dws24/AppData/Local/UnrealEngine/Common/DerivedDataCache/5/0/1/STATICMESH_9CE2B6FB46754B699726C4AA1515F12E_228332BAE0224DD294E232B87D83948FQU__C201491CE5B3F4A6C2964135FE0FB6115646CBF2.udd" 4747
"C:/Users/dws24/AppData/Local/UnrealEngine/Common/DerivedDataCache/2/8/5/PHYSX_A08609EF508D460CBB6710540B03AACF_PHYSXPC_A92DD35C4D589230A35977A32DFFE47__D3A1802C44AD9894EBE1AC18996F85650C6EE200.udd" 4748
"C:/Users/dws24/AppData/Local/UnrealEngine/Common/DerivedDataCache/6/8/1/NAVCOLLISION_2983273BE5D6425391E8C0B3D1C0A55D_NAVCOLLISION_X_A92DD35C4D589230A__2E17C59E7A2CC32EB909DAB30F2BAC2C7C0F77A1.udd" 4749
"X:/Unreal Projects/Momentum/Momentum/Content/Levels/Levels/LevelTut_BuiltData.uasset" 4750
"C:/Users/dws24/AppData/Local/UnrealEngine/Common/DerivedDataCache/8/3/0/STATICMESH_9CE2B6FB46754B699726C4AA1515F12E_228332BAE0224DD294E232B87D83948FQU__70723341C168C69CB0336C882E955F3198637AB3.udd" 4751
"X:/Unreal Projects/Momentum/Momentum/Content/MergedMeshes/LevelTut_EndingRamp.uasset" 4752
"C:/Users/dws24/AppData/Local/UnrealEngine/Common/DerivedDataCache/5/3/6/PHYSX_A08609EF508D460CBB6710540B03AACF_PHYSXPC_4FD9FD584019412814B3F988283686C__0ABD851A66B0F54EF2592F65627D2AAE895C526A.udd" 4753
"C:/Users/dws24/AppData/Local/UnrealEngine/Common/DerivedDataCache/8/6/2/NAVCOLLISION_2983273BE5D6425391E8C0B3D1C0A55D_NAVCOLLISION_X_4FD9FD58401941281__D5AA8F86747588C5A32A1704741A4FC832C3CC1A.udd" 4754
"X:/Unreal Projects/Momentum/Momentum/Content/Art/LeftFacePressed.uasset" 4755
"C:/Users/dws24/AppData/Local/UnrealEngine/Common/DerivedDataCache/9/1/4/PHYSX_A08609EF508D460CBB6710540B03AACF_PHYSXPC_0F924BDA4771E8B102596ABD61DCFA0__68155E68380FF8C8A8198B8CB0474ED9383FA64A.udd" 4756
"C:/Users/dws24/AppData/Local/UnrealEngine/Common/DerivedDataCache/9/8/3/PHYSX_A08609EF508D460CBB6710540B03AACF_PHYSXPC_0F924BDA4771E8B102596ABD61DCFA0__D6390864FD729DDAC6D8B3A2772E948F3B6831A9.udd" 4757
"C:/Users/dws24/AppData/Local/UnrealEngine/Common/DerivedDataCache/8/8/3/PHYSX_A08609EF508D460CBB6710540B03AACF_PHYSXPC_0F924BDA4771E8B102596ABD61DCFA0__45DC5339CE05EC407DC2A4EFACC15BB1DA62FC33.udd" 4758
"C:/Users/dws24/AppData/Local/UnrealEngine/Common/DerivedDataCache/2/7/5/PHYSX_A08609EF508D460CBB6710540B03AACF_PHYSXPC_0F924BDA4771E8B102596ABD61DCFA0__D6A17C906F5D6E9913FD35907378F1C0C2747D6C.udd" 4759
"C:/Users/dws24/AppData/Local/UnrealEngine/Common/DerivedDataCache/9/5/6/PHYSX_A08609EF508D460CBB6710540B03AACF_PHYSXPC_0F924BDA4771E8B102596ABD61DCFA0__2E601BB5183126202C681EE683B3D3AB3B7F8344.udd" 4760
"C:/Users/dws24/AppData/Local/UnrealEngine/Common/DerivedDataCache/5/6/8/PHYSX_A08609EF508D460CBB6710540B03AACF_PHYSXPC_0F924BDA4771E8B102596ABD61DCFA0__F3BCA2C4853272D847DD24A769E1901FE04C1D06.udd" 4761
"X:/Unreal Projects/Momentum/Momentum/Content/Levels/Levels/LevelTut.umap" 4762
"C:/Users/dws24/AppData/Local/UnrealEngine/Common/DerivedDataCache/1/4/9/STATICMESH_9CE2B6FB46754B699726C4AA1515F12E_228332BAE0224DD294E232B87D83948FQU__B264647D25852C0CB377D0383991A5CE2ACB962C.udd" 4763
"C:/Users/dws24/AppData/Local/UnrealEngine/Common/DerivedDataCache/4/5/8/PHYSX_A08609EF508D460CBB6710540B03AACF_PHYSXPC_3FBEB78644556891CAF8FBACC8C8A40__22E1D01E3CF642F5E3F426C5D1616F0FDB4BD803.udd" 4764
"C:/Users/dws24/AppData/Local/UnrealEngine/Common/DerivedDataCache/5/1/4/NAVCOLLISION_2983273BE5D6425391E8C0B3D1C0A55D_NAVCOLLISION_X_3FBEB78644556891C__582B1CF6FACF02F33AA241F4C8FC5C033101966C.udd" 4765
"X:/Unreal Projects/Momentum/Momentum/Content/Levels/Levels/LevelTut1_BuiltData.uasset" 4766
"X:/Unreal Projects/Momentum/Momentum/Content/Art/Brands/Skate.uasset" 4767
"X:/Unreal Projects/Momentum/Momentum/Content/Art/Brands/BrandSign.uasset" 4768
"../../../Engine/Content/Functions/Engine_MaterialFunctions03/Procedurals/PreparePerturbNormalHQ.uasset" 4769
"C:/Users/dws24/AppData/Local/UnrealEngine/Common/DerivedDataCache/0/0/6/PHYSX_A08609EF508D460CBB6710540B03AACF_PHYSXPC_0078BE964E9FD959B781329F005B2A9__1878172458A0140694C8D4E83741FD3B15460991.udd" 4770
"C:/Users/dws24/AppData/Local/UnrealEngine/Common/DerivedDataCache/5/5/3/STATICMESH_9CE2B6FB46754B699726C4AA1515F12E_228332BAE0224DD294E232B87D83948FQU__4CCD2995437141963BB86DB6C9884D9EE11CD67B.udd" 4771
"C:/Users/dws24/AppData/Local/UnrealEngine/Common/DerivedDataCache/5/6/4/PHYSX_A08609EF508D460CBB6710540B03AACF_PHYSXPC_86A20337465EC3D30F8771916F3A35A__E4F720A803A857167486D7BB7F8094602F5F3449.udd" 4772
"C:/Users/dws24/AppData/Local/UnrealEngine/Common/DerivedDataCache/9/1/6/NAVCOLLISION_2983273BE5D6425391E8C0B3D1C0A55D_NAVCOLLISION_X_86A20337465EC3D30__8BEA25B2B1D320137F408F323AF1284716FF38D9.udd" 4773
"../../../Engine/Content/Functions/Engine_MaterialFunctions03/Procedurals/PerturbNormalHQ.uasset" 4774
"../../../Engine/Content/Functions/Engine_MaterialFunctions01/ImageAdjustment/3ColorBlend.uasset" 4775
"X:/Unreal Projects/Momentum/Momentum/Content/Experimental/ConcreteTest.uasset" 4776
"X:/Unreal Projects/Momentum/Momentum/Content/Experimental/ConcreteTest_Inst.uasset" 4777
"X:/Unreal Projects/Momentum/Momentum/Content/SkateTrackSegmentsTutLevel1.uasset" 4778
"X:/Unreal Projects/Momentum/Momentum/Content/Material_007.uasset" 4779
"C:/Users/dws24/AppData/Local/UnrealEngine/Common/DerivedDataCache/4/5/1/PHYSX_A08609EF508D460CBB6710540B03AACF_PHYSXPC_0F924BDA4771E8B102596ABD61DCFA0__BD561E5501A4935ECCF6BA7CBF336695D9D120D1.udd" 4780
"C:/Users/dws24/AppData/Local/UnrealEngine/Common/DerivedDataCache/5/1/6/PHYSX_A08609EF508D460CBB6710540B03AACF_PHYSXPC_0F924BDA4771E8B102596ABD61DCFA0__156654C94804AB5013CEA0813C553025348A1E0D.udd" 4781
"C:/Users/dws24/AppData/Local/UnrealEngine/Common/DerivedDataCache/5/3/3/PHYSX_A08609EF508D460CBB6710540B03AACF_PHYSXPC_0F924BDA4771E8B102596ABD61DCFA0__FE73487A024985D23396096BE6114ADEFCEFB0BA.udd" 4782
"C:/Users/dws24/AppData/Local/UnrealEngine/Common/DerivedDataCache/2/2/9/PHYSX_A08609EF508D460CBB6710540B03AACF_PHYSXPC_0F924BDA4771E8B102596ABD61DCFA0__DCBF79798BDFEBFBCCFA0DA45C27391D7D1793FF.udd" 4783
"C:/Users/dws24/AppData/Local/UnrealEngine/Common/DerivedDataCache/0/5/3/PHYSX_A08609EF508D460CBB6710540B03AACF_PHYSXPC_BCF4A6B541A210D31F595E88A19BB48__A4589DF212A3507A2C84BA86EA9A2804DBA251F4.udd" 4784
"C:/Users/dws24/AppData/Local/UnrealEngine/Common/DerivedDataCache/9/0/3/PHYSX_A08609EF508D460CBB6710540B03AACF_PHYSXPC_BCF4A6B541A210D31F595E88A19BB48__E3C0C04F74337990A23511F786129221C7C9D5B3.udd" 4785
"C:/Users/dws24/AppData/Local/UnrealEngine/Common/DerivedDataCache/8/6/0/PHYSX_A08609EF508D460CBB6710540B03AACF_PHYSXPC_BCF4A6B541A210D31F595E88A19BB48__717BDB91147E113F3DD3923D9AF772BC4E6B6AA9.udd" 4786
"C:/Users/dws24/AppData/Local/UnrealEngine/Common/DerivedDataCache/3/1/7/PHYSX_A08609EF508D460CBB6710540B03AACF_PHYSXPC_BCF4A6B541A210D31F595E88A19BB48__3E1AD6EAE495B7282C69EE18B131E268EA0572BA.udd" 4787
"C:/Users/dws24/AppData/Local/UnrealEngine/Common/DerivedDataCache/3/1/5/STATICMESH_9CE2B6FB46754B699726C4AA1515F12E_228332BAE0224DD294E232B87D83948FQU__2A9B3FA73468F2605D0F334B6EE96B9CA01E01D5.udd" 4788
"C:/Users/dws24/AppData/Local/UnrealEngine/Common/DerivedDataCache/6/4/6/PHYSX_A08609EF508D460CBB6710540B03AACF_PHYSXPC_70CB340C4BEA18F44180A0808AA0462__C9B5B704062A6098E1C07F5FF2E70996F6D7A86D.udd" 4789
"C:/Users/dws24/AppData/Local/UnrealEngine/Common/DerivedDataCache/9/1/7/NAVCOLLISION_2983273BE5D6425391E8C0B3D1C0A55D_NAVCOLLISION_X_70CB340C4BEA18F44__C17F3EF9B89E38D0B85036404E5A5AA64E7873B3.udd" 4790
"C:/Users/dws24/AppData/Local/UnrealEngine/Common/DerivedDataCache/5/9/9/PHYSX_A08609EF508D460CBB6710540B03AACF_PHYSXPC_0F924BDA4771E8B102596ABD61DCFA0__FBB5CC5A7BB1BDB2DD6716F975F0A7C91C407E47.udd" 4791
"C:/Users/dws24/AppData/Local/UnrealEngine/Common/DerivedDataCache/5/2/4/PHYSX_A08609EF508D460CBB6710540B03AACF_PHYSXPC_0F924BDA4771E8B102596ABD61DCFA0__45F43136F5AC49E0A5AA40E098E6BB9005EEC89E.udd" 4792
"C:/Users/dws24/AppData/Local/UnrealEngine/Common/DerivedDataCache/4/9/2/PHYSX_A08609EF508D460CBB6710540B03AACF_PHYSXPC_0F924BDA4771E8B102596ABD61DCFA0__E4D1E78717CE95ED478433EC7D9510D2BA06BEAB.udd" 4793
"C:/Users/dws24/AppData/Local/UnrealEngine/Common/DerivedDataCache/5/9/7/PHYSX_A08609EF508D460CBB6710540B03AACF_PHYSXPC_0F924BDA4771E8B102596ABD61DCFA0__A11ED4441791C0F200EEC642B205DCCC4679A6D4.udd" 4794
"C:/Users/dws24/AppData/Local/UnrealEngine/Common/DerivedDataCache/4/2/0/PHYSX_A08609EF508D460CBB6710540B03AACF_PHYSXPC_0F924BDA4771E8B102596ABD61DCFA0__AD601C61E4F3B090E91D77520837FD1FC1CB72D8.udd" 4795
"C:/Users/dws24/AppData/Local/UnrealEngine/Common/DerivedDataCache/0/8/6/PHYSX_A08609EF508D460CBB6710540B03AACF_PHYSXPC_0F924BDA4771E8B102596ABD61DCFA0__3666E4564473B09BBCDC218A8F272D3D7134D007.udd" 4796
"C:/Users/dws24/AppData/Local/UnrealEngine/Common/DerivedDataCache/2/9/0/PHYSX_A08609EF508D460CBB6710540B03AACF_PHYSXPC_0F924BDA4771E8B102596ABD61DCFA0__52BCDED80955AAA8C83E3C8E6C0876E1D080B3F7.udd" 4797
"C:/Users/dws24/AppData/Local/UnrealEngine/Common/DerivedDataCache/8/8/1/PHYSX_A08609EF508D460CBB6710540B03AACF_PHYSXPC_0F924BDA4771E8B102596ABD61DCFA0__97B47551673708EAA9C67DBABDF26A1E50205E8E.udd" 4798
"C:/Users/dws24/AppData/Local/UnrealEngine/Common/DerivedDataCache/3/4/5/PHYSX_A08609EF508D460CBB6710540B03AACF_PHYSXPC_0F924BDA4771E8B102596ABD61DCFA0__41DFC531C96AC2291D2B87DD8696933DB2DB0180.udd" 4799
"C:/Users/dws24/AppData/Local/UnrealEngine/Common/DerivedDataCache/0/6/3/MATSM_0BA69734E4FD45E082FA4560DBE25454_PCD3D_SM5_8__BC5N_NOCCBN_NOIRIS_DEV_SL___1081FFFEEA78D6128E9C0EF7822969E8A44C5C85.udd" 4800
"C:/Users/dws24/AppData/Local/UnrealEngine/Common/DerivedDataCache/9/0/2/MATSM_0BA69734E4FD45E082FA4560DBE25454_PCD3D_SM5_8__BC5N_NOCCBN_NOIRIS_DEV_SL___6D15200D6DBE66D29355A53F29D93E3B5B799655.udd" 4801
"C:/Users/dws24/AppData/Local/UnrealEngine/Common/DerivedDataCache/4/5/5/MATSM_0BA69734E4FD45E082FA4560DBE25454_PCD3D_SM5_8__BC5N_NOCCBN_NOIRIS_DEV_SL___354E73EEEE7EC7BCD57662B62616A6A479EAED1D.udd" 4802
"C:/Users/dws24/AppData/Local/UnrealEngine/Common/DerivedDataCache/8/1/7/MATSM_0BA69734E4FD45E082FA4560DBE25454_PCD3D_SM5_8__BC5N_NOCCBN_NOIRIS_DEV_SL___B130F30E03A48F312E55A84972E17B081C5271AC.udd" 4803
"C:/Users/dws24/AppData/Local/UnrealEngine/Common/DerivedDataCache/0/6/6/MATSM_0BA69734E4FD45E082FA4560DBE25454_PCD3D_SM5_8__BC5N_NOCCBN_NOIRIS_DEV_SL___4F1951EE6291E0475CFE8A5233ECDDF8B589636E.udd" 4804
"C:/Users/dws24/AppData/Local/UnrealEngine/Common/DerivedDataCache/4/1/3/MATSM_0BA69734E4FD45E082FA4560DBE25454_PCD3D_SM5_8__BC5N_NOCCBN_NOIRIS_DEV_SL___85B5E2EA117D79E7B392AB06D6D2A65FE39AC3CA.udd" 4805
"C:/Users/dws24/AppData/Local/UnrealEngine/Common/DerivedDataCache/8/6/9/MATSM_0BA69734E4FD45E082FA4560DBE25454_PCD3D_SM5_8__BC5N_NOCCBN_NOIRIS_DEV_SL___86B484CAE6D77967B2557A910F54BB08C3356A72.udd" 4806
"C:/Users/dws24/AppData/Local/UnrealEngine/Common/DerivedDataCache/2/2/0/MATSM_0BA69734E4FD45E082FA4560DBE25454_PCD3D_SM5_8__BC5N_NOCCBN_NOIRIS_DEV_SL___559E67CD31CEB5B7E63919B53F84FA4E9A2CC654.udd" 4807
"C:/Users/dws24/AppData/Local/UnrealEngine/Common/DerivedDataCache/2/3/6/MATSM_0BA69734E4FD45E082FA4560DBE25454_PCD3D_SM5_8__BC5N_NOCCBN_NOIRIS_DEV_SL___D01188E8A575C6F43FBF35B3DF1419E59C128BA7.udd" 4808
"C:/Users/dws24/AppData/Local/UnrealEngine/Common/DerivedDataCache/9/6/7/MATSM_0BA69734E4FD45E082FA4560DBE25454_PCD3D_SM5_8__BC5N_NOCCBN_NOIRIS_DEV_SL___D38130424C602756C03EE42353A5A81B1AFB8ECC.udd" 4809
"C:/Users/dws24/AppData/Local/UnrealEngine/Common/DerivedDataCache/7/4/6/TEXTURE_E01F4250BECD420DA9CE63B5EECEC2C2_OODLE_AUTODXT_11_C4F82E1B4E98CEA6ADDB__95BB65B4420D1ED2DC0D67C3E83A9F1FBEAF4F2E.udd" 4810
"C:/Users/dws24/AppData/Local/UnrealEngine/Common/DerivedDataCache/7/6/4/TEXTURE_E01F4250BECD420DA9CE63B5EECEC2C2_OODLE_AUTODXT_11_C4F82E1B4E98CEA6ADDB__42A669E0AD35B23100E4A52C1DE4CEE881D5AFA7.udd" 4811
"C:/Users/dws24/AppData/Local/UnrealEngine/Common/DerivedDataCache/8/3/3/TEXTURE_E01F4250BECD420DA9CE63B5EECEC2C2_OODLE_AUTODXT_11_C4F82E1B4E98CEA6ADDB__440B40D02EB9A441614CE101A957E77CCBBC2E1F.udd" 4812
"C:/Users/dws24/AppData/Local/UnrealEngine/Common/DerivedDataCache/7/5/5/TEXTURE_E01F4250BECD420DA9CE63B5EECEC2C2_OODLE_AUTODXT_11_C4F82E1B4E98CEA6ADDB__29FBF807EFAD9FF057C4B3A9575E115E5558761D.udd" 4813
"C:/Users/dws24/AppData/Local/UnrealEngine/Common/DerivedDataCache/5/0/3/TEXTURE_E01F4250BECD420DA9CE63B5EECEC2C2_OODLE_AUTODXT_11_C4F82E1B4E98CEA6ADDB__2D679E53D3138A2C15A1BD18BF73184DABBAD7EA.udd" 4814
"C:/Users/dws24/AppData/Local/UnrealEngine/Common/DerivedDataCache/9/3/3/MATSM_0BA69734E4FD45E082FA4560DBE25454_PCD3D_SM5_8__BC5N_NOCCBN_NOIRIS_DEV_SL___F3F15BE29522ECF744BBD83FFC4B387893599DDA.udd" 4815
"C:/Users/dws24/AppData/Local/UnrealEngine/Common/DerivedDataCache/0/1/4/MATSM_0BA69734E4FD45E082FA4560DBE25454_PCD3D_SM5_8__BC5N_NOCCBN_NOIRIS_DEV_SL___5BA0DF36DEA3189D65FE1DA11B4D4A676106897F.udd" 4816
"C:/Users/dws24/AppData/Local/UnrealEngine/Common/DerivedDataCache/9/3/3/MATSM_0BA69734E4FD45E082FA4560DBE25454_PCD3D_SM5_8__BC5N_NOCCBN_NOIRIS_DEV_SL___A18B2687EC7CF6EE4E7C46831B1224FE5F35117A.udd" 4817
"C:/Users/dws24/AppData/Local/UnrealEngine/Common/DerivedDataCache/3/9/6/MATSM_0BA69734E4FD45E082FA4560DBE25454_PCD3D_SM5_8__BC5N_NOCCBN_NOIRIS_DEV_SL___69EEBA4A7F17F7D8ECE18647D5913C26DACBB782.udd" 4818
"C:/Users/dws24/AppData/Local/UnrealEngine/Common/DerivedDataCache/3/4/3/MATSM_0BA69734E4FD45E082FA4560DBE25454_PCD3D_SM5_8__BC5N_NOCCBN_NOIRIS_DEV_SL___424CCA7B0544BCC2304628F12C2C81A84D59D946.udd" 4819
"C:/Users/dws24/AppData/Local/UnrealEngine/Common/DerivedDataCache/4/1/9/MATSM_0BA69734E4FD45E082FA4560DBE25454_PCD3D_SM5_8__BC5N_NOCCBN_NOIRIS_DEV_SL___409AAC24A090F698870E8B52C95BEBD5307D4802.udd" 4820
"C:/Users/dws24/AppData/Local/UnrealEngine/Common/DerivedDataCache/6/3/2/MATSM_0BA69734E4FD45E082FA4560DBE25454_PCD3D_SM5_8__BC5N_NOCCBN_NOIRIS_DEV_SL___A9F39ADF791552B8A842FC7F574464468FF7D37C.udd" 4821
"C:/Users/dws24/AppData/Local/UnrealEngine/Common/DerivedDataCache/0/2/3/MATSM_0BA69734E4FD45E082FA4560DBE25454_PCD3D_SM5_8__BC5N_NOCCBN_NOIRIS_DEV_SL___955FED5C3B02C2005F39BBC53B3D5E50AD99E3A7.udd" 4822
"C:/Users/dws24/AppData/Local/UnrealEngine/Common/DerivedDataCache/3/9/4/MATSM_0BA69734E4FD45E082FA4560DBE25454_PCD3D_SM5_8__BC5N_NOCCBN_NOIRIS_DEV_SL___6E4B5226CD63C6DAC1E7D3871F403F6E437C66CF.udd" 4823
"C:/Users/dws24/AppData/Local/UnrealEngine/Common/DerivedDataCache/0/5/6/MATSM_0BA69734E4FD45E082FA4560DBE25454_PCD3D_SM5_8__BC5N_NOCCBN_NOIRIS_DEV_SL___6057F10B6D99E82C65546EE373143D778A31F66E.udd" 4824
"C:/Users/dws24/AppData/Local/UnrealEngine/Common/DerivedDataCache/4/7/2/MATSM_0BA69734E4FD45E082FA4560DBE25454_PCD3D_SM5_8__BC5N_NOCCBN_NOIRIS_DEV_SL___34C1E15D46087F69A9A00CB88C50F1C54371D96F.udd" 4825
"C:/Users/dws24/AppData/Local/UnrealEngine/Common/DerivedDataCache/9/8/2/MATSM_0BA69734E4FD45E082FA4560DBE25454_PCD3D_SM5_8__BC5N_NOCCBN_NOIRIS_DEV_SL___1E82F52416AF528222BCFF6C9B067C7FDF138C30.udd" 4826
"C:/Users/dws24/AppData/Local/UnrealEngine/Common/DerivedDataCache/2/8/7/MATSM_0BA69734E4FD45E082FA4560DBE25454_PCD3D_SM5_8__BC5N_NOCCBN_NOIRIS_DEV_SL___079920F942F462E3B59C0981BEAAAC0350A2B50F.udd" 4827
"C:/Users/dws24/AppData/Local/UnrealEngine/Common/DerivedDataCache/9/1/6/MATSM_0BA69734E4FD45E082FA4560DBE25454_PCD3D_SM5_8__BC5N_NOCCBN_NOIRIS_DEV_SL___EE7B3FCDF423BCE8B067B446156E030B04C1E7D3.udd" 4828
"C:/Users/dws24/AppData/Local/UnrealEngine/Common/DerivedDataCache/1/3/9/MATSM_0BA69734E4FD45E082FA4560DBE25454_PCD3D_SM5_8__BC5N_NOCCBN_NOIRIS_DEV_SL___5CC4DF5B964A33885B23476D115B60611E236A62.udd" 4829
"C:/Users/dws24/AppData/Local/UnrealEngine/Common/DerivedDataCache/9/7/3/MATSM_0BA69734E4FD45E082FA4560DBE25454_PCD3D_SM5_8__BC5N_NOCCBN_NOIRIS_DEV_SL___B6EEB0EC6728176A5328A3BAF06412A2414A6237.udd" 4830
"C:/Users/dws24/AppData/Local/UnrealEngine/Common/DerivedDataCache/4/2/6/MATSM_0BA69734E4FD45E082FA4560DBE25454_PCD3D_SM5_8__BC5N_NOCCBN_NOIRIS_DEV_SL___8B68A0A63BACC12D1C3DCD62B117457536663921.udd" 4831
"C:/Users/dws24/AppData/Local/UnrealEngine/Common/DerivedDataCache/6/4/9/MATSM_0BA69734E4FD45E082FA4560DBE25454_PCD3D_SM5_8__BC5N_NOCCBN_NOIRIS_DEV_SL___24635F6211740CCC77239A0C30991004074EAF97.udd" 4832
"C:/Users/dws24/AppData/Local/UnrealEngine/Common/DerivedDataCache/5/3/8/MATSM_0BA69734E4FD45E082FA4560DBE25454_PCD3D_SM5_8__BC5N_NOCCBN_NOIRIS_DEV_SL___0F4BBAD1B1323A999A10BE4363BC8F929FC431FF.udd" 4833
"C:/Users/dws24/AppData/Local/UnrealEngine/Common/DerivedDataCache/8/7/1/MATSM_0BA69734E4FD45E082FA4560DBE25454_PCD3D_SM5_8__BC5N_NOCCBN_NOIRIS_DEV_SL___97F4B607622D6B491122CD6A676315C2532A278E.udd" 4834
"C:/Users/dws24/AppData/Local/UnrealEngine/Common/DerivedDataCache/3/7/6/MATSM_0BA69734E4FD45E082FA4560DBE25454_PCD3D_SM5_8__BC5N_NOCCBN_NOIRIS_DEV_SL___351D5CCE62F607E8197FB7983C0DA95DD9D46D2A.udd" 4835
"C:/Users/dws24/AppData/Local/UnrealEngine/Common/DerivedDataCache/4/1/2/MATSM_0BA69734E4FD45E082FA4560DBE25454_PCD3D_SM5_8__BC5N_NOCCBN_NOIRIS_DEV_SL___421511D7BD980A77A0A10CBF4CB4C4B4FEDDBB84.udd" 4836
"C:/Users/dws24/AppData/Local/UnrealEngine/Common/DerivedDataCache/4/4/8/MATSM_0BA69734E4FD45E082FA4560DBE25454_PCD3D_SM5_8__BC5N_NOCCBN_NOIRIS_DEV_SL___F4302BF2DC84335953B8417FDFCB7B5DF11AFE77.udd" 4837
"C:/Users/dws24/AppData/Local/UnrealEngine/Common/DerivedDataCache/3/8/6/MATSM_0BA69734E4FD45E082FA4560DBE25454_PCD3D_SM5_8__BC5N_NOCCBN_NOIRIS_DEV_SL___9F379D135BA1163ED60B5BF0CCEE05FC33A9A4B3.udd" 4838
"C:/Users/dws24/AppData/Local/UnrealEngine/Common/DerivedDataCache/9/3/7/MATSM_0BA69734E4FD45E082FA4560DBE25454_PCD3D_SM5_8__BC5N_NOCCBN_NOIRIS_DEV_SL___857BF28632A318A4FF2CA22D79AA6C1FB40D1D43.udd" 4839
"C:/Users/dws24/AppData/Local/UnrealEngine/Common/DerivedDataCache/5/8/5/MATSM_0BA69734E4FD45E082FA4560DBE25454_PCD3D_SM5_8__BC5N_NOCCBN_NOIRIS_DEV_SL___C59A77DF5C0F820E9431A0E425EB320B0502ADAD.udd" 4840
"C:/Users/dws24/AppData/Local/UnrealEngine/Common/DerivedDataCache/0/7/7/MATSM_0BA69734E4FD45E082FA4560DBE25454_PCD3D_SM5_8__BC5N_NOCCBN_NOIRIS_DEV_SL___1CE2086944F4C6068B5BE47A498A18A61F6AE8A5.udd" 4841
"C:/Users/dws24/AppData/Local/UnrealEngine/Common/DerivedDataCache/9/1/3/MATSM_0BA69734E4FD45E082FA4560DBE25454_PCD3D_SM5_8__BC5N_NOCCBN_NOIRIS_DEV_SL___76CDD7242B29F32354D102B1EA7EA20B818E385B.udd" 4842
"C:/Users/dws24/AppData/Local/UnrealEngine/Common/DerivedDataCache/3/8/8/MATSM_0BA69734E4FD45E082FA4560DBE25454_PCD3D_SM5_8__BC5N_NOCCBN_NOIRIS_DEV_SL___61A2039835133E210D7A3892E1D7D63840AF6A4B.udd" 4843
"C:/Users/dws24/AppData/Local/UnrealEngine/Common/DerivedDataCache/9/5/6/MATSM_0BA69734E4FD45E082FA4560DBE25454_PCD3D_SM5_8__BC5N_NOCCBN_NOIRIS_DEV_SL___5880B1756848DBE9284DCF6D1E6549BE6958501D.udd" 4844
"C:/Users/dws24/AppData/Local/UnrealEngine/Common/DerivedDataCache/6/8/8/MATSM_0BA69734E4FD45E082FA4560DBE25454_PCD3D_SM5_8__BC5N_NOCCBN_NOIRIS_DEV_SL___ED53A9B2725DAE52335D62081FBC19D6A59AD872.udd" 4845
"C:/Users/dws24/AppData/Local/UnrealEngine/Common/DerivedDataCache/3/2/5/MATSM_0BA69734E4FD45E082FA4560DBE25454_PCD3D_SM5_8__BC5N_NOCCBN_NOIRIS_DEV_SL___8E6751CA4B0A88B399F5E54F5482662F27F57D68.udd" 4846
"C:/Users/dws24/AppData/Local/UnrealEngine/Common/DerivedDataCache/4/9/0/MATSM_0BA69734E4FD45E082FA4560DBE25454_PCD3D_SM5_8__BC5N_NOCCBN_NOIRIS_DEV_SL___39CED81AEFAC1653597D223F394379E9DA8D076D.udd" 4847
"C:/Users/dws24/AppData/Local/UnrealEngine/Common/DerivedDataCache/7/0/3/MATSM_0BA69734E4FD45E082FA4560DBE25454_PCD3D_SM5_8__BC5N_NOCCBN_NOIRIS_DEV_SL___CB6E38B784CBEDC0B99369F6BBA9CB50EA8867D3.udd" 4848
"C:/Users/dws24/AppData/Local/UnrealEngine/Common/DerivedDataCache/2/0/1/MATSM_0BA69734E4FD45E082FA4560DBE25454_PCD3D_SM5_8__BC5N_NOCCBN_NOIRIS_DEV_SL___4EE64FFD27D401E152E286676F6CF86DEC2BE39F.udd" 4849
"C:/Users/dws24/AppData/Local/UnrealEngine/Common/DerivedDataCache/9/0/9/MATSM_0BA69734E4FD45E082FA4560DBE25454_PCD3D_SM5_8__BC5N_NOCCBN_NOIRIS_DEV_SL___650EFFE4FD58E2BEF0EC3A9D9B5378F75A1F4F87.udd" 4850
"C:/Users/dws24/AppData/Local/UnrealEngine/Common/DerivedDataCache/7/7/6/MATSM_0BA69734E4FD45E082FA4560DBE25454_PCD3D_SM5_8__BC5N_NOCCBN_NOIRIS_DEV_SL___B1582642FD36C591F26491EC5D78AE35A87118CA.udd" 4851
"C:/Users/dws24/AppData/Local/UnrealEngine/Common/DerivedDataCache/2/6/9/MATSM_0BA69734E4FD45E082FA4560DBE25454_PCD3D_SM5_8__BC5N_NOCCBN_NOIRIS_DEV_SL___B8D186D0F000EFBA2FDE23E933BF2C653CCA6652.udd" 4852
"C:/Users/dws24/AppData/Local/UnrealEngine/Common/DerivedDataCache/6/0/1/TEXTURE_E01F4250BECD420DA9CE63B5EECEC2C2_BGRA8_0F4FDE5E47A126ECA1ACE6A662F6F27__3EB7746A292C5CFEFDE47E3996F9D9EF3999CFBF.udd" 4853
"C:/Users/dws24/AppData/Local/UnrealEngine/Common/DerivedDataCache/0/0/9/MATSM_0BA69734E4FD45E082FA4560DBE25454_PCD3D_SM5_8__BC5N_NOCCBN_NOIRIS_DEV_SL___BDBEE03AA9E796DB54AF6C9627751CA47BAA2A0C.udd" 4854
"C:/Users/dws24/AppData/Local/UnrealEngine/Common/DerivedDataCache/0/6/8/MATSM_0BA69734E4FD45E082FA4560DBE25454_PCD3D_SM5_8__BC5N_NOCCBN_NOIRIS_DEV_SL___F898F41934A976B524419A7901DAEEF2CDD75A35.udd" 4855
"C:/Users/dws24/AppData/Local/UnrealEngine/Common/DerivedDataCache/2/8/6/MATSM_0BA69734E4FD45E082FA4560DBE25454_PCD3D_SM5_8__BC5N_NOCCBN_NOIRIS_DEV_SL___BA6F2107B76A45A3E75B31653688E946431F633B.udd" 4856
"C:/Users/dws24/AppData/Local/UnrealEngine/Common/DerivedDataCache/3/1/2/MATSM_0BA69734E4FD45E082FA4560DBE25454_PCD3D_SM5_8__BC5N_NOCCBN_NOIRIS_DEV_SL___2833961D10FDDD10712F48EE2AD632954456BBBC.udd" 4857
"C:/Users/dws24/AppData/Local/UnrealEngine/Common/DerivedDataCache/0/5/7/MATSM_0BA69734E4FD45E082FA4560DBE25454_PCD3D_SM5_8__BC5N_NOCCBN_NOIRIS_DEV_SL___22D1B92A65B38E809FDF64CB19D40B2C93593C89.udd" 4858
"C:/Users/dws24/AppData/Local/UnrealEngine/Common/DerivedDataCache/0/1/5/MATSM_0BA69734E4FD45E082FA4560DBE25454_PCD3D_SM5_8__BC5N_NOCCBN_NOIRIS_DEV_SL___F773AE06A82A2929B4E19577359AF1F4D48348F1.udd" 4859
"C:/Users/dws24/AppData/Local/UnrealEngine/Common/DerivedDataCache/5/0/2/MATSM_0BA69734E4FD45E082FA4560DBE25454_PCD3D_SM5_8__BC5N_NOCCBN_NOIRIS_DEV_SL___BA172C3BB8B3B5EDE0F1B3766A25C9D4BB63B469.udd" 4860
"../../../Engine/Content/EditorResources/LightIcons/S_LightError.uasset" 4861
"C:/Users/dws24/AppData/Local/UnrealEngine/Common/DerivedDataCache/3/6/3/MATSM_0BA69734E4FD45E082FA4560DBE25454_PCD3D_SM5_8__BC5N_NOCCBN_NOIRIS_DEV_SL___2D02A632CAD67A4F07B9E7CF287C7BC2E5030686.udd" 4862
"C:/Users/dws24/AppData/Local/UnrealEngine/Common/DerivedDataCache/4/6/5/MATSM_0BA69734E4FD45E082FA4560DBE25454_PCD3D_SM5_8__BC5N_NOCCBN_NOIRIS_DEV_SL___FC83E8127963E688192E560A4538521553D5627B.udd" 4863
"C:/Users/dws24/AppData/Local/UnrealEngine/Common/DerivedDataCache/6/4/2/TEXTURE_E01F4250BECD420DA9CE63B5EECEC2C2_OODLE_AUTODXT_11_B7FAE7B148F97BE8EC8A__BAFD1C7046BD52BBD372F01B4C1F03766421FE8B.udd" 4864
"C:/Users/dws24/AppData/Local/UnrealEngine/Common/DerivedDataCache/9/0/5/TEXTURE_E01F4250BECD420DA9CE63B5EECEC2C2_OODLE_AUTODXT_11_B7FAE7B148F97BE8EC8A__578F8E21C2C3F769FCEDABC737572CA47954127C.udd" 4865
"C:/Users/dws24/AppData/Local/UnrealEngine/Common/DerivedDataCache/8/4/8/TEXTURE_E01F4250BECD420DA9CE63B5EECEC2C2_OODLE_AUTODXT_11_B7FAE7B148F97BE8EC8A__F9986CB789259841BD0AEDD766672F0BE3220E07.udd" 4866
"C:/Users/dws24/AppData/Local/UnrealEngine/Common/DerivedDataCache/2/5/8/TEXTURE_E01F4250BECD420DA9CE63B5EECEC2C2_OODLE_AUTODXT_11_B7FAE7B148F97BE8EC8A__165396BC921115A6894107A909F4256A657164C9.udd" 4867
"C:/Users/dws24/AppData/Local/UnrealEngine/Common/DerivedDataCache/3/0/9/TEXTURE_E01F4250BECD420DA9CE63B5EECEC2C2_OODLE_AUTODXT_11_B7FAE7B148F97BE8EC8A__D785DC51BF47EA995BE27079E9CF57D87EB094EB.udd" 4868
"C:/Users/dws24/AppData/Local/UnrealEngine/Common/DerivedDataCache/3/2/7/MATSM_0BA69734E4FD45E082FA4560DBE25454_PCD3D_SM5_8__BC5N_NOCCBN_NOIRIS_DEV_SL___F9BCA017A2D9B6CE6D6A808186E0F4A0A0EA55ED.udd" 4869
"C:/Users/dws24/AppData/Local/UnrealEngine/Common/DerivedDataCache/7/7/8/TEXTURE_E01F4250BECD420DA9CE63B5EECEC2C2_OODLE_AUTODXT_11_DCE977F84509F5BAFE28__B5B1DE24D83809072D5C3AC4C017B279AEC4CA55.udd" 4870
"C:/Users/dws24/AppData/Local/UnrealEngine/Common/DerivedDataCache/0/2/8/TEXTURE_E01F4250BECD420DA9CE63B5EECEC2C2_OODLE_AUTODXT_11_DCE977F84509F5BAFE28__56A8243D511648B0CAE61EAB10D2BB987EEC9F4F.udd" 4871
"C:/Users/dws24/AppData/Local/UnrealEngine/Common/DerivedDataCache/6/2/5/TEXTURE_E01F4250BECD420DA9CE63B5EECEC2C2_OODLE_AUTODXT_11_DCE977F84509F5BAFE28__568FEC00043E2A7FC0ACD98A9E63E6E9BA304A36.udd" 4872
"C:/Users/dws24/AppData/Local/UnrealEngine/Common/DerivedDataCache/1/4/9/TEXTURE_E01F4250BECD420DA9CE63B5EECEC2C2_OODLE_AUTODXT_11_DCE977F84509F5BAFE28__3487BB44BDCADEFA2A922DB9FCFA3F215FE3D505.udd" 4873
"C:/Users/dws24/AppData/Local/UnrealEngine/Common/DerivedDataCache/0/4/4/TEXTURE_E01F4250BECD420DA9CE63B5EECEC2C2_OODLE_AUTODXT_11_DCE977F84509F5BAFE28__B0378D5FF7647DAAF0CFFB57AE7B6C9387620F56.udd" 4874
"C:/Users/dws24/AppData/Local/UnrealEngine/Common/DerivedDataCache/2/2/9/MATSM_0BA69734E4FD45E082FA4560DBE25454_PCD3D_SM5_8__BC5N_NOCCBN_NOIRIS_DEV_SL___AE686D79CBA8D873149F943F0F6996483B24BA70.udd" 4875
"C:/Users/dws24/AppData/Local/UnrealEngine/Common/DerivedDataCache/5/5/6/MATSM_0BA69734E4FD45E082FA4560DBE25454_PCD3D_SM5_8__BC5N_NOCCBN_NOIRIS_DEV_SL___8FCBE52747049D426057B7FFC1D1F3846D1238CF.udd" 4876
"../../../Engine/Content/EditorResources/AudioIcons/S_AudioComponent.uasset" 4877
"C:/Users/dws24/AppData/Local/UnrealEngine/Common/DerivedDataCache/0/2/6/PHYSX_A08609EF508D460CBB6710540B03AACF_PHYSXPC_BCF4A6B541A210D31F595E88A19BB48__907282214567561D5F982C3165F38E1968D655D8.udd" 4878
"C:/Users/dws24/AppData/Local/UnrealEngine/Common/DerivedDataCache/1/4/2/PHYSX_A08609EF508D460CBB6710540B03AACF_PHYSXPC_BCF4A6B541A210D31F595E88A19BB48__DCD1DF06CC96B91BEF978A29448D53A050A9A8DA.udd" 4879
"C:/Users/dws24/AppData/Local/UnrealEngine/Common/DerivedDataCache/8/3/6/PHYSX_A08609EF508D460CBB6710540B03AACF_PHYSXPC_BCF4A6B541A210D31F595E88A19BB48__42C5D6B5EFCC9C247591C885279C779641F1C76E.udd" 4880
"C:/Users/dws24/AppData/Local/UnrealEngine/Common/DerivedDataCache/1/0/4/PHYSX_A08609EF508D460CBB6710540B03AACF_PHYSXPC_BCF4A6B541A210D31F595E88A19BB48__CE21B2F0C738F56A7C58A5F65861CA551FBE7E84.udd" 4881
"C:/Users/dws24/AppData/Local/UnrealEngine/Common/DerivedDataCache/5/5/7/PHYSX_A08609EF508D460CBB6710540B03AACF_PHYSXPC_BCF4A6B541A210D31F595E88A19BB48__12245550C7D9E086C844C07E4AD7A5804E68A609.udd" 4882
"C:/Users/dws24/AppData/Local/UnrealEngine/Common/DerivedDataCache/2/5/1/PHYSX_A08609EF508D460CBB6710540B03AACF_PHYSXPC_BCF4A6B541A210D31F595E88A19BB48__2C834D25ED647D86C1F5CADA0571F63A98801BCB.udd" 4883
"C:/Users/dws24/AppData/Local/UnrealEngine/Common/DerivedDataCache/6/9/4/PHYSX_A08609EF508D460CBB6710540B03AACF_PHYSXPC_BCF4A6B541A210D31F595E88A19BB48__432E0D4F32C887771983296DA2E50F9B134B1CAA.udd" 4884
"C:/Users/dws24/AppData/Local/UnrealEngine/Common/DerivedDataCache/7/3/9/PHYSX_A08609EF508D460CBB6710540B03AACF_PHYSXPC_BCF4A6B541A210D31F595E88A19BB48__EE676044129BD56506DF2411A8479A842CE03527.udd" 4885
"C:/Users/dws24/AppData/Local/UnrealEngine/Common/DerivedDataCache/2/3/2/PHYSX_A08609EF508D460CBB6710540B03AACF_PHYSXPC_BCF4A6B541A210D31F595E88A19BB48__EB29F3EBA2C7EA2A542DB54C8F014F18D26F26AA.udd" 4886
"C:/Users/dws24/AppData/Local/UnrealEngine/Common/DerivedDataCache/6/5/3/PHYSX_A08609EF508D460CBB6710540B03AACF_PHYSXPC_BCF4A6B541A210D31F595E88A19BB48__001EA9E80BD7570B421B14A3F65D71B140C03CA9.udd" 4887
"C:/Users/dws24/AppData/Local/UnrealEngine/Common/DerivedDataCache/3/5/8/PHYSX_A08609EF508D460CBB6710540B03AACF_PHYSXPC_BCF4A6B541A210D31F595E88A19BB48__D9F72610001D4573F9183D19C7E9B3B2686F937C.udd" 4888
"C:/Users/dws24/AppData/Local/UnrealEngine/Common/DerivedDataCache/3/6/5/PHYSX_A08609EF508D460CBB6710540B03AACF_PHYSXPC_BCF4A6B541A210D31F595E88A19BB48__20872BE16C269C81F7AC441BCE6D5138DC99CE21.udd" 4889
"C:/Users/dws24/AppData/Local/UnrealEngine/Common/DerivedDataCache/1/7/7/PHYSX_A08609EF508D460CBB6710540B03AACF_PHYSXPC_BCF4A6B541A210D31F595E88A19BB48__A0C274B7076B96F221B0310CBDA963D9BCBDA0A9.udd" 4890
"C:/Users/dws24/AppData/Local/UnrealEngine/Common/DerivedDataCache/9/6/0/PHYSX_A08609EF508D460CBB6710540B03AACF_PHYSXPC_BCF4A6B541A210D31F595E88A19BB48__B6F2EA9FDC8E261324C9892943A3981AEDE6AF0A.udd" 4891
"C:/Users/dws24/AppData/Local/UnrealEngine/Common/DerivedDataCache/0/1/2/PHYSX_A08609EF508D460CBB6710540B03AACF_PHYSXPC_BCF4A6B541A210D31F595E88A19BB48__230BE63B08212740DC5C5904F00CB032595AF027.udd" 4892
"C:/Users/dws24/AppData/Local/UnrealEngine/Common/DerivedDataCache/9/4/1/PHYSX_A08609EF508D460CBB6710540B03AACF_PHYSXPC_BCF4A6B541A210D31F595E88A19BB48__93CF0AC264AA6DBBAF9480B6389D7B90AAE87F9F.udd" 4893
"C:/Users/dws24/AppData/Local/UnrealEngine/Common/DerivedDataCache/6/4/7/PHYSX_A08609EF508D460CBB6710540B03AACF_PHYSXPC_BCF4A6B541A210D31F595E88A19BB48__AAA8B14707C855C8D89216E95CBD01593DF631E3.udd" 4894
"C:/Users/dws24/AppData/Local/UnrealEngine/Common/DerivedDataCache/7/8/5/PHYSX_A08609EF508D460CBB6710540B03AACF_PHYSXPC_BCF4A6B541A210D31F595E88A19BB48__E208E9AE2230D088EABD6FE821C38BDB2E88D167.udd" 4895
"C:/Users/dws24/AppData/Local/UnrealEngine/Common/DerivedDataCache/1/9/8/PHYSX_A08609EF508D460CBB6710540B03AACF_PHYSXPC_BCF4A6B541A210D31F595E88A19BB48__821ED3531A14A9D41233F9CB11184D5957D3D00B.udd" 4896
"C:/Users/dws24/AppData/Local/UnrealEngine/Common/DerivedDataCache/5/0/0/PHYSX_A08609EF508D460CBB6710540B03AACF_PHYSXPC_BCF4A6B541A210D31F595E88A19BB48__2D77EBBDCC93CD7E5362B0347FA3CA69891EBDD5.udd" 4897
"C:/Users/dws24/AppData/Local/UnrealEngine/Common/DerivedDataCache/7/6/7/PHYSX_A08609EF508D460CBB6710540B03AACF_PHYSXPC_BCF4A6B541A210D31F595E88A19BB48__7156101C74C46C82C48013E877902C5CAD3C4BE2.udd" 4898
"C:/Users/dws24/AppData/Local/UnrealEngine/Common/DerivedDataCache/1/6/0/PHYSX_A08609EF508D460CBB6710540B03AACF_PHYSXPC_BCF4A6B541A210D31F595E88A19BB48__66AD341B59D933762097F7EE14C5C1A7AE24F046.udd" 4899
"C:/Users/dws24/AppData/Local/UnrealEngine/Common/DerivedDataCache/9/1/6/PHYSX_A08609EF508D460CBB6710540B03AACF_PHYSXPC_BCF4A6B541A210D31F595E88A19BB48__5C29CD8B8B784C4099E5DCDFCECC5030289FBB73.udd" 4900
"C:/Users/dws24/AppData/Local/UnrealEngine/Common/DerivedDataCache/5/4/9/PHYSX_A08609EF508D460CBB6710540B03AACF_PHYSXPC_BCF4A6B541A210D31F595E88A19BB48__DC2E6847B46B8FF5C7E9716C75F15E363B9BF2CA.udd" 4901
"C:/Users/dws24/AppData/Local/UnrealEngine/Common/DerivedDataCache/4/5/2/PHYSX_A08609EF508D460CBB6710540B03AACF_PHYSXPC_BCF4A6B541A210D31F595E88A19BB48__EA9D928F9ACE6014BBDC775779FBD43C46758DCA.udd" 4902
"C:/Users/dws24/AppData/Local/UnrealEngine/Common/DerivedDataCache/7/4/6/PHYSX_A08609EF508D460CBB6710540B03AACF_PHYSXPC_BCF4A6B541A210D31F595E88A19BB48__ACEC3D5644EBC18AA496DC1D34F19404831FCF4E.udd" 4903
"C:/Users/dws24/AppData/Local/UnrealEngine/Common/DerivedDataCache/8/1/6/PHYSX_A08609EF508D460CBB6710540B03AACF_PHYSXPC_BCF4A6B541A210D31F595E88A19BB48__035A7A08E762DB0D4B3113F6067FAE3CEACD9B6F.udd" 4904
"C:/Users/dws24/AppData/Local/UnrealEngine/Common/DerivedDataCache/6/9/5/PHYSX_A08609EF508D460CBB6710540B03AACF_PHYSXPC_BCF4A6B541A210D31F595E88A19BB48__4B0B069E5010D3923B28596C30391D4B6B232AD3.udd" 4905
"C:/Users/dws24/AppData/Local/UnrealEngine/Common/DerivedDataCache/4/3/7/PHYSX_A08609EF508D460CBB6710540B03AACF_PHYSXPC_BCF4A6B541A210D31F595E88A19BB48__F8311536FC40CA01E5EB98B29B3678A0DE7407B2.udd" 4906
"C:/Users/dws24/AppData/Local/UnrealEngine/Common/DerivedDataCache/1/4/1/PHYSX_A08609EF508D460CBB6710540B03AACF_PHYSXPC_BCF4A6B541A210D31F595E88A19BB48__9BED981F13E8191EAE25D811E7DD8E95C564530F.udd" 4907
"C:/Users/dws24/AppData/Local/UnrealEngine/Common/DerivedDataCache/3/9/1/PHYSX_A08609EF508D460CBB6710540B03AACF_PHYSXPC_BCF4A6B541A210D31F595E88A19BB48__6A93505ED5C98FE53415EC6EDF82181C31379E4E.udd" 4908
"C:/Users/dws24/AppData/Local/UnrealEngine/Common/DerivedDataCache/5/7/4/PHYSX_A08609EF508D460CBB6710540B03AACF_PHYSXPC_BCF4A6B541A210D31F595E88A19BB48__D241BF12D55D72D507F8DAED9CAAB357E75DE744.udd" 4909
"C:/Users/dws24/AppData/Local/UnrealEngine/Common/DerivedDataCache/4/7/1/PHYSX_A08609EF508D460CBB6710540B03AACF_PHYSXPC_BCF4A6B541A210D31F595E88A19BB48__03109A6BBF68821C6E5B75AC6E4507B73CBA91EF.udd" 4910
"C:/Users/dws24/AppData/Local/UnrealEngine/Common/DerivedDataCache/1/4/2/MATSM_0BA69734E4FD45E082FA4560DBE25454_PCD3D_SM5_8__BC5N_NOCCBN_NOIRIS_DEV_SL___C445D57246FCDC19E2B5926EA49CD5DDF65ED11B.udd" 4911
"C:/Users/dws24/AppData/Local/UnrealEngine/Common/DerivedDataCache/5/0/0/MATSM_0BA69734E4FD45E082FA4560DBE25454_PCD3D_SM5_8__BC5N_NOCCBN_NOIRIS_DEV_SL___C43617CC11B11C60E1A55EB8E86B1A168EAEA348.udd" 4912
"C:/Users/dws24/AppData/Local/UnrealEngine/Common/DerivedDataCache/3/9/8/PHYSX_A08609EF508D460CBB6710540B03AACF_PHYSXPC_BCF4A6B541A210D31F595E88A19BB48__FFFB59BEB302094C84FD421E3469C993126DD37D.udd" 4913
"C:/Users/dws24/AppData/Local/UnrealEngine/Common/DerivedDataCache/9/5/0/PHYSX_A08609EF508D460CBB6710540B03AACF_PHYSXPC_BCF4A6B541A210D31F595E88A19BB48__1C93DE1928613C8ECFE7975A03FF70F131A75A77.udd" 4914
"C:/Users/dws24/AppData/Local/UnrealEngine/Common/DerivedDataCache/5/2/0/PHYSX_A08609EF508D460CBB6710540B03AACF_PHYSXPC_BCF4A6B541A210D31F595E88A19BB48__17E00AC2F518E9266BB31315BEC3DBCC69C71B4B.udd" 4915
"C:/Users/dws24/AppData/Local/UnrealEngine/Common/DerivedDataCache/1/9/0/PHYSX_A08609EF508D460CBB6710540B03AACF_PHYSXPC_BCF4A6B541A210D31F595E88A19BB48__EE8C2671BB53C82314CF47DF76719D15C689E64A.udd" 4916
"C:/Users/dws24/AppData/Local/UnrealEngine/Common/DerivedDataCache/2/4/5/PHYSX_A08609EF508D460CBB6710540B03AACF_PHYSXPC_BCF4A6B541A210D31F595E88A19BB48__38AA402D0F76F72BDB1FEDC8EBF7D82E374DE6BA.udd" 4917
"C:/Users/dws24/AppData/Local/UnrealEngine/Common/DerivedDataCache/6/6/4/PHYSX_A08609EF508D460CBB6710540B03AACF_PHYSXPC_BCF4A6B541A210D31F595E88A19BB48__B241FEF151DAF1E027F04CBC82571CDF1D39B819.udd" 4918
"C:/Users/dws24/AppData/Local/UnrealEngine/Common/DerivedDataCache/2/2/4/PHYSX_A08609EF508D460CBB6710540B03AACF_PHYSXPC_BCF4A6B541A210D31F595E88A19BB48__F8B156A728DEEC9CAE43F3DD5F1A195B7AB4BB1A.udd" 4919
"C:/Users/dws24/AppData/Local/UnrealEngine/Common/DerivedDataCache/5/0/1/PHYSX_A08609EF508D460CBB6710540B03AACF_PHYSXPC_BCF4A6B541A210D31F595E88A19BB48__DCE2BCF977B42964AA4C27BF4B48DB3D8ADF8528.udd" 4920
"C:/Users/dws24/AppData/Local/UnrealEngine/Common/DerivedDataCache/2/9/0/PHYSX_A08609EF508D460CBB6710540B03AACF_PHYSXPC_BCF4A6B541A210D31F595E88A19BB48__B7F70998117F630DED51D66C84EB5E1E952D7901.udd" 4921
"C:/Users/dws24/AppData/Local/UnrealEngine/Common/DerivedDataCache/3/0/2/PHYSX_A08609EF508D460CBB6710540B03AACF_PHYSXPC_BCF4A6B541A210D31F595E88A19BB48__34C126809035B3DE3B217348B3798D838F58231D.udd" 4922
"C:/Users/dws24/AppData/Local/UnrealEngine/Common/DerivedDataCache/5/6/9/PHYSX_A08609EF508D460CBB6710540B03AACF_PHYSXPC_BCF4A6B541A210D31F595E88A19BB48__0F336B0ABF31D7A5EE9340BDA75DE84247CAFC70.udd" 4923
"C:/Users/dws24/AppData/Local/UnrealEngine/Common/DerivedDataCache/3/7/7/PHYSX_A08609EF508D460CBB6710540B03AACF_PHYSXPC_BCF4A6B541A210D31F595E88A19BB48__5CFE09A66B59802120EB3A9100E1323CF05EDF2E.udd" 4924
"C:/Users/dws24/AppData/Local/UnrealEngine/Common/DerivedDataCache/5/1/4/PHYSX_A08609EF508D460CBB6710540B03AACF_PHYSXPC_BCF4A6B541A210D31F595E88A19BB48__71A0B32E65DDD8EF8C8F6640F20CB9FC60449244.udd" 4925
"C:/Users/dws24/AppData/Local/UnrealEngine/Common/DerivedDataCache/5/3/9/PHYSX_A08609EF508D460CBB6710540B03AACF_PHYSXPC_BCF4A6B541A210D31F595E88A19BB48__88FECC21C7F9F40E8949C37E2029BFE0A6E1E5E7.udd" 4926
"C:/Users/dws24/AppData/Local/UnrealEngine/Common/DerivedDataCache/8/9/3/PHYSX_A08609EF508D460CBB6710540B03AACF_PHYSXPC_BCF4A6B541A210D31F595E88A19BB48__CFD2661C5030B6E9EAF44DA76DDA61D9277CB039.udd" 4927
"C:/Users/dws24/AppData/Local/UnrealEngine/Common/DerivedDataCache/6/1/6/PHYSX_A08609EF508D460CBB6710540B03AACF_PHYSXPC_BCF4A6B541A210D31F595E88A19BB48__5A3E61D278C73022F1AB178D2C171F508B92FAC8.udd" 4928
"C:/Users/dws24/AppData/Local/UnrealEngine/Common/DerivedDataCache/4/5/5/PHYSX_A08609EF508D460CBB6710540B03AACF_PHYSXPC_BCF4A6B541A210D31F595E88A19BB48__B8A99254DDA5E8E6EA2FA14DC849FA962344BD71.udd" 4929
"C:/Users/dws24/AppData/Local/UnrealEngine/Common/DerivedDataCache/4/6/9/PHYSX_A08609EF508D460CBB6710540B03AACF_PHYSXPC_BCF4A6B541A210D31F595E88A19BB48__59B874BC6279157E321C0C194E2C7864DD072864.udd" 4930
"C:/Users/dws24/AppData/Local/UnrealEngine/Common/DerivedDataCache/0/8/9/PHYSX_A08609EF508D460CBB6710540B03AACF_PHYSXPC_BCF4A6B541A210D31F595E88A19BB48__6C71278BB5E84E9496B621AF3BB8161FF179EFD2.udd" 4931
"C:/Users/dws24/AppData/Local/UnrealEngine/Common/DerivedDataCache/0/0/3/PHYSX_A08609EF508D460CBB6710540B03AACF_PHYSXPC_BCF4A6B541A210D31F595E88A19BB48__5238E012BBE2ED1B5DD1ED770296B0C474C5AB44.udd" 4932
"C:/Users/dws24/AppData/Local/UnrealEngine/Common/DerivedDataCache/5/1/4/PHYSX_A08609EF508D460CBB6710540B03AACF_PHYSXPC_BCF4A6B541A210D31F595E88A19BB48__9374915A6BD0B2BE4C15127A4666F59776AF9352.udd" 4933
"C:/Users/dws24/AppData/Local/UnrealEngine/Common/DerivedDataCache/0/6/0/PHYSX_A08609EF508D460CBB6710540B03AACF_PHYSXPC_BCF4A6B541A210D31F595E88A19BB48__C2EEEB1A77B48614AB8D6FBA4975F8A13E0CD7B5.udd" 4934
"C:/Users/dws24/AppData/Local/UnrealEngine/Common/DerivedDataCache/8/7/8/MATSM_0BA69734E4FD45E082FA4560DBE25454_PCD3D_SM5_8__BC5N_NOCCBN_NOIRIS_DEV_SL___C6C742DCA03FE4BF7E488D6513CB2ACB22325AEC.udd" 4935
"C:/Users/dws24/AppData/Local/UnrealEngine/Common/DerivedDataCache/6/1/9/TEXTURE_E01F4250BECD420DA9CE63B5EECEC2C2_OODLE_AUTODXT_11_A82A736A4698AE5847B0__99CB2ED4DE1DD60FE5D1E5D9FB4EBAC38CB6A874.udd" 4936
"C:/Users/dws24/AppData/Local/UnrealEngine/Common/DerivedDataCache/6/5/4/TEXTURE_E01F4250BECD420DA9CE63B5EECEC2C2_OODLE_AUTODXT_11_A82A736A4698AE5847B0__72732DB3220532F3468DC0DAFCD5A0F7D69645AC.udd" 4937
"C:/Users/dws24/AppData/Local/UnrealEngine/Common/DerivedDataCache/2/9/5/TEXTURE_E01F4250BECD420DA9CE63B5EECEC2C2_OODLE_AUTODXT_11_A82A736A4698AE5847B0__164454B88292FC93AE8D138C35472C02B88582B6.udd" 4938
"C:/Users/dws24/AppData/Local/UnrealEngine/Common/DerivedDataCache/0/2/3/TEXTURE_E01F4250BECD420DA9CE63B5EECEC2C2_OODLE_AUTODXT_11_A82A736A4698AE5847B0__8DB25A7290F2B9134FB4FA297D0A4E77D0F989D9.udd" 4939
"C:/Users/dws24/AppData/Local/UnrealEngine/Common/DerivedDataCache/2/9/6/TEXTURE_E01F4250BECD420DA9CE63B5EECEC2C2_OODLE_AUTODXT_11_A82A736A4698AE5847B0__2D5B474D31B074DDFDC6B7AE8A715CA14B60BDA8.udd" 4940
"C:/Users/dws24/AppData/Local/UnrealEngine/Common/DerivedDataCache/6/5/7/MATSM_0BA69734E4FD45E082FA4560DBE25454_PCD3D_SM5_8__BC5N_NOCCBN_NOIRIS_DEV_SL___276E6D3770205911D11B1851CA908077F45D2B7F.udd" 4941
"C:/Users/dws24/AppData/Local/UnrealEngine/Common/DerivedDataCache/5/0/5/TEXTURE_E01F4250BECD420DA9CE63B5EECEC2C2_OODLE_AUTODXT_11_FF730F7E42303AB56A61__C9468800D02C307B363CF546B8174AE671178882.udd" 4942
"C:/Users/dws24/AppData/Local/UnrealEngine/Common/DerivedDataCache/7/5/2/TEXTURE_E01F4250BECD420DA9CE63B5EECEC2C2_OODLE_AUTODXT_11_FF730F7E42303AB56A61__0B306E81F2EDDF321EDE0A0FA17D4D30090B7687.udd" 4943
"C:/Users/dws24/AppData/Local/UnrealEngine/Common/DerivedDataCache/8/2/2/MATSM_0BA69734E4FD45E082FA4560DBE25454_PCD3D_SM5_8__BC5N_NOCCBN_NOIRIS_DEV_SL___5C568272B57367095AB152758D4F6F8D91B28215.udd" 4944
"C:/Users/dws24/AppData/Local/UnrealEngine/Common/DerivedDataCache/2/0/7/MATSM_0BA69734E4FD45E082FA4560DBE25454_PCD3D_SM5_8__BC5N_NOCCBN_NOIRIS_DEV_SL___ACF636E73B1B1A1053E3133A45B66B30C8061E06.udd" 4945
"C:/Users/dws24/AppData/Local/UnrealEngine/Common/DerivedDataCache/2/7/7/MATSM_0BA69734E4FD45E082FA4560DBE25454_PCD3D_SM5_8__BC5N_NOCCBN_NOIRIS_DEV_SL___AC118135D496D3173D2D023DA9452601ECE3D0BF.udd" 4946
"C:/Users/dws24/AppData/Local/UnrealEngine/Common/DerivedDataCache/8/5/3/TEXTURE_E01F4250BECD420DA9CE63B5EECEC2C2_BGRA8_E0757B934A4433433243DC8060B0E64__C168EC27EEF4A1FCABB782200C45542D37988210.udd" 4947
"C:/Users/dws24/AppData/Local/UnrealEngine/Common/DerivedDataCache/6/0/0/MATSM_0BA69734E4FD45E082FA4560DBE25454_PCD3D_SM5_8__BC5N_NOCCBN_NOIRIS_DEV_SL___2A1790DEF1E2A950A25CBC15450A3F328E52F629.udd" 4948
"C:/Users/dws24/AppData/Local/UnrealEngine/Common/DerivedDataCache/0/0/2/TEXTURE_E01F4250BECD420DA9CE63B5EECEC2C2_BGRA8_3EF4510C4B00F209206C1F86FB9E9EA__9EF032509C6FEFC1DCBEEFE4F27C8C5F0B5F166E.udd" 4949
"C:/Users/dws24/AppData/Local/UnrealEngine/Common/DerivedDataCache/6/7/9/MATSM_0BA69734E4FD45E082FA4560DBE25454_PCD3D_SM5_8__BC5N_NOCCBN_NOIRIS_DEV_SL___4BD7E89B46AE09A81A3576871397046EB9EC51AA.udd" 4950
"C:/Users/dws24/AppData/Local/UnrealEngine/Common/DerivedDataCache/2/4/9/PHYSX_A08609EF508D460CBB6710540B03AACF_PHYSXPC_BCF4A6B541A210D31F595E88A19BB48__08979E199359FCE6EE286ADD15327F64825BB75E.udd" 4951
"C:/Users/dws24/AppData/Local/UnrealEngine/Common/DerivedDataCache/4/9/8/PHYSX_A08609EF508D460CBB6710540B03AACF_PHYSXPC_BCF4A6B541A210D31F595E88A19BB48__DFCFE1D1DFF0BB79747AC25EAC86FEFD1EB7FDF9.udd" 4952
"C:/Users/dws24/AppData/Local/UnrealEngine/Common/DerivedDataCache/3/3/6/PHYSX_A08609EF508D460CBB6710540B03AACF_PHYSXPC_BCF4A6B541A210D31F595E88A19BB48__750F11ED6B8392DE8041AAE45F80E0324B22432E.udd" 4953
"C:/Users/dws24/AppData/Local/UnrealEngine/Common/DerivedDataCache/0/6/1/PHYSX_A08609EF508D460CBB6710540B03AACF_PHYSXPC_BCF4A6B541A210D31F595E88A19BB48__77BA517EA00E996B67E594CBB95773C25198C8F5.udd" 4954
"C:/Users/dws24/AppData/Local/UnrealEngine/Common/DerivedDataCache/4/2/8/TEXTURE_E01F4250BECD420DA9CE63B5EECEC2C2_OODLE_AUTODXT_11_ECC7ABA743D4669F74C3__66AD974FDE731824D321409D8232DBEEF9CFD743.udd" 4955
"C:/Users/dws24/AppData/Local/UnrealEngine/Common/DerivedDataCache/2/9/7/TEXTURE_E01F4250BECD420DA9CE63B5EECEC2C2_OODLE_AUTODXT_11_ECC7ABA743D4669F74C3__B16612F478B6F99E0F2ABD9A648F2F7472D9A98C.udd" 4956
"C:/Users/dws24/AppData/Local/UnrealEngine/Common/DerivedDataCache/2/3/4/TEXTURE_E01F4250BECD420DA9CE63B5EECEC2C2_OODLE_AUTODXT_11_ECC7ABA743D4669F74C3__FF08AC9B74D2AE2BDA77240154DF07609EED1B72.udd" 4957
"C:/Users/dws24/AppData/Local/UnrealEngine/Common/DerivedDataCache/4/5/9/TEXTURE_E01F4250BECD420DA9CE63B5EECEC2C2_OODLE_AUTODXT_11_ECC7ABA743D4669F74C3__FF7FA7A58FE2665DF1571459B158908043AE8C38.udd" 4958
"C:/Users/dws24/AppData/Local/UnrealEngine/Common/DerivedDataCache/8/8/7/TEXTURE_E01F4250BECD420DA9CE63B5EECEC2C2_OODLE_AUTODXT_11_ECC7ABA743D4669F74C3__9D6AAA81593F6912CFD35CC1D6830917D7EE163C.udd" 4959
"C:/Users/dws24/AppData/Local/UnrealEngine/Common/DerivedDataCache/9/5/6/PHYSX_A08609EF508D460CBB6710540B03AACF_PHYSXPC_BCF4A6B541A210D31F595E88A19BB48__CE50F6D5B3901FFDFDF948DA28FCC6129D0295F1.udd" 4960
"C:/Users/dws24/AppData/Local/UnrealEngine/Common/DerivedDataCache/6/1/4/PHYSX_A08609EF508D460CBB6710540B03AACF_PHYSXPC_BCF4A6B541A210D31F595E88A19BB48__39E26D768BC90C0CAD4D4E148A3D733608131548.udd" 4961
"C:/Users/dws24/AppData/Local/UnrealEngine/Common/DerivedDataCache/8/7/9/MATSM_0BA69734E4FD45E082FA4560DBE25454_PCD3D_SM5_8__BC5N_NOCCBN_NOIRIS_DEV_SL___3B73921B083EA867AA5455F01D6860547B3DCCEC.udd" 4962
"C:/Users/dws24/AppData/Local/UnrealEngine/Common/DerivedDataCache/5/7/0/PHYSX_A08609EF508D460CBB6710540B03AACF_PHYSXPC_BCF4A6B541A210D31F595E88A19BB48__5D8CAD61E861A288085A49382653C534A3086D77.udd" 4963
"C:/Users/dws24/AppData/Local/UnrealEngine/Common/DerivedDataCache/7/4/0/PHYSX_A08609EF508D460CBB6710540B03AACF_PHYSXPC_BCF4A6B541A210D31F595E88A19BB48__852B669E2470F37BF128F13BE81E20B28C753B3D.udd" 4964
"C:/Users/dws24/AppData/Local/UnrealEngine/Common/DerivedDataCache/9/8/1/PHYSX_A08609EF508D460CBB6710540B03AACF_PHYSXPC_BCF4A6B541A210D31F595E88A19BB48__4A07E787F8826665FEB2D45098DAB6AFB347F835.udd" 4965
"C:/Users/dws24/AppData/Local/UnrealEngine/Common/DerivedDataCache/1/6/8/PHYSX_A08609EF508D460CBB6710540B03AACF_PHYSXPC_BCF4A6B541A210D31F595E88A19BB48__4DB7C15DB1AAB7A5FF9F342A1B6642449AF89301.udd" 4966
"C:/Users/dws24/AppData/Local/UnrealEngine/Common/DerivedDataCache/2/9/1/PHYSX_A08609EF508D460CBB6710540B03AACF_PHYSXPC_BCF4A6B541A210D31F595E88A19BB48__25C20A7412922BE7BCFCB8DF9269B34002B8F582.udd" 4967
"C:/Users/dws24/AppData/Local/UnrealEngine/Common/DerivedDataCache/0/9/4/PHYSX_A08609EF508D460CBB6710540B03AACF_PHYSXPC_BCF4A6B541A210D31F595E88A19BB48__DC57453DB9DAB5926B73ED163B6CF7DC0FC228AC.udd" 4968
"C:/Users/dws24/AppData/Local/UnrealEngine/Common/DerivedDataCache/0/0/4/PHYSX_A08609EF508D460CBB6710540B03AACF_PHYSXPC_BCF4A6B541A210D31F595E88A19BB48__85E9340288BD20AA0B81451872E5F87982DBF8B0.udd" 4969
"C:/Users/dws24/AppData/Local/UnrealEngine/Common/DerivedDataCache/5/1/0/PHYSX_A08609EF508D460CBB6710540B03AACF_PHYSXPC_BCF4A6B541A210D31F595E88A19BB48__4DF0BCBA95EF865AB7963AA98C38700942B9B38B.udd" 4970
"C:/Users/dws24/AppData/Local/UnrealEngine/Common/DerivedDataCache/6/6/6/MATSM_0BA69734E4FD45E082FA4560DBE25454_PCD3D_SM5_8__BC5N_NOCCBN_NOIRIS_DEV_SL___CD46A25A8337B597F122CE5A6427871EFEBB3084.udd" 4971
"C:/Users/dws24/AppData/Local/UnrealEngine/Common/DerivedDataCache/0/8/6/MATSM_0BA69734E4FD45E082FA4560DBE25454_PCD3D_SM5_8__BC5N_NOCCBN_NOIRIS_DEV_SL___6E05F1F3896B5B41A2CFAC426FBA3A5D4A0B5CC6.udd" 4972
"C:/Users/dws24/AppData/Local/UnrealEngine/Common/DerivedDataCache/0/5/8/PHYSX_A08609EF508D460CBB6710540B03AACF_PHYSXPC_BCF4A6B541A210D31F595E88A19BB48__2D87A74491FCE60ED619C36355ACE0419C7149D0.udd" 4973
"C:/Users/dws24/AppData/Local/UnrealEngine/Common/DerivedDataCache/6/2/9/PHYSX_A08609EF508D460CBB6710540B03AACF_PHYSXPC_BCF4A6B541A210D31F595E88A19BB48__89E5F7ABB7EC499D841A2AA10CFCB35EC544A214.udd" 4974
"C:/Users/dws24/AppData/Local/UnrealEngine/Common/DerivedDataCache/4/3/5/PHYSX_A08609EF508D460CBB6710540B03AACF_PHYSXPC_BCF4A6B541A210D31F595E88A19BB48__44C3FC199D3FBBFEB979DBAD0FBD50A10F7390E7.udd" 4975
"C:/Users/dws24/AppData/Local/UnrealEngine/Common/DerivedDataCache/0/5/6/PHYSX_A08609EF508D460CBB6710540B03AACF_PHYSXPC_BCF4A6B541A210D31F595E88A19BB48__6E74DC2B04889272177E6F0C52151D21D7FFB3A6.udd" 4976
"C:/Users/dws24/AppData/Local/UnrealEngine/Common/DerivedDataCache/3/8/0/PHYSX_A08609EF508D460CBB6710540B03AACF_PHYSXPC_BCF4A6B541A210D31F595E88A19BB48__7AF67805337B0F4C0E807D7149331788530625CF.udd" 4977
"C:/Users/dws24/AppData/Local/UnrealEngine/Common/DerivedDataCache/0/0/6/PHYSX_A08609EF508D460CBB6710540B03AACF_PHYSXPC_BCF4A6B541A210D31F595E88A19BB48__5B3E6634D1D0FCF29C1B184A962E87BAC98317DA.udd" 4978
"C:/Users/dws24/AppData/Local/UnrealEngine/Common/DerivedDataCache/0/4/0/PHYSX_A08609EF508D460CBB6710540B03AACF_PHYSXPC_BCF4A6B541A210D31F595E88A19BB48__B6CB3B2484AE2B25ADD550D310CFC17852034F7E.udd" 4979
"C:/Users/dws24/AppData/Local/UnrealEngine/Common/DerivedDataCache/0/6/3/TEXTURE_E01F4250BECD420DA9CE63B5EECEC2C2_BGRA8_4970BB6D4421BEFF2EDD05B3DEB2656__49AD034001C4CAE09A8F9613E423B9B0101B72DC.udd" 4980
"C:/Users/dws24/AppData/Local/UnrealEngine/Common/DerivedDataCache/4/7/1/PHYSX_A08609EF508D460CBB6710540B03AACF_PHYSXPC_BCF4A6B541A210D31F595E88A19BB48__1F82E116A7DB3AB88954EE29065D99379C0AD6FC.udd" 4981
"C:/Users/dws24/AppData/Local/UnrealEngine/Common/DerivedDataCache/2/0/7/PHYSX_A08609EF508D460CBB6710540B03AACF_PHYSXPC_BCF4A6B541A210D31F595E88A19BB48__EF1ED7F0A2BC1574D5B0F787E8BE8BD6D59256E8.udd" 4982
"C:/Users/dws24/AppData/Local/UnrealEngine/Common/DerivedDataCache/5/7/7/PHYSX_A08609EF508D460CBB6710540B03AACF_PHYSXPC_BCF4A6B541A210D31F595E88A19BB48__7CDFE36B0FE7E7BD385C7387F750AA3226CAFC56.udd" 4983
"C:/Users/dws24/AppData/Local/UnrealEngine/Common/DerivedDataCache/1/4/3/PHYSX_A08609EF508D460CBB6710540B03AACF_PHYSXPC_BCF4A6B541A210D31F595E88A19BB48__0E94CB376E2A2070DC9ADDA31116A2F80574C6BB.udd" 4984
"C:/Users/dws24/AppData/Local/UnrealEngine/Common/DerivedDataCache/3/4/5/PHYSX_A08609EF508D460CBB6710540B03AACF_PHYSXPC_BCF4A6B541A210D31F595E88A19BB48__386D1744D47D513A79B9BD0F1910455DA28B199F.udd" 4985
"C:/Users/dws24/AppData/Local/UnrealEngine/Common/DerivedDataCache/2/9/4/PHYSX_A08609EF508D460CBB6710540B03AACF_PHYSXPC_BCF4A6B541A210D31F595E88A19BB48__3480D3024B3783358FB49F5C8F2A17F1E49A52BE.udd" 4986
"C:/Users/dws24/AppData/Local/UnrealEngine/Common/DerivedDataCache/5/5/5/PHYSX_A08609EF508D460CBB6710540B03AACF_PHYSXPC_BCF4A6B541A210D31F595E88A19BB48__5D9A9A930E8B17A213EA58F49A71C0EBA3ADE683.udd" 4987
"C:/Users/dws24/AppData/Local/UnrealEngine/Common/DerivedDataCache/9/9/0/PHYSX_A08609EF508D460CBB6710540B03AACF_PHYSXPC_BCF4A6B541A210D31F595E88A19BB48__9F46FADF43B833C704CDC05C4B5B3FC8797DFF57.udd" 4988
"C:/Users/dws24/AppData/Local/UnrealEngine/Common/DerivedDataCache/5/6/6/PHYSX_A08609EF508D460CBB6710540B03AACF_PHYSXPC_BCF4A6B541A210D31F595E88A19BB48__2EF663ECFB12A4C50C97A9D2AAF75C30D6939E72.udd" 4989
"C:/Users/dws24/AppData/Local/UnrealEngine/Common/DerivedDataCache/0/2/8/PHYSX_A08609EF508D460CBB6710540B03AACF_PHYSXPC_BCF4A6B541A210D31F595E88A19BB48__F615D8E2D8C5F931DB90EB6B1C4BB22FC671243F.udd" 4990
"C:/Users/dws24/AppData/Local/UnrealEngine/Common/DerivedDataCache/1/6/8/PHYSX_A08609EF508D460CBB6710540B03AACF_PHYSXPC_BCF4A6B541A210D31F595E88A19BB48__23FCFB8F91D85AA5C917A9758B9379FA48C4DC7F.udd" 4991
"C:/Users/dws24/AppData/Local/UnrealEngine/Common/DerivedDataCache/2/6/2/PHYSX_A08609EF508D460CBB6710540B03AACF_PHYSXPC_BCF4A6B541A210D31F595E88A19BB48__7AA2361145967F94A7517AC0028A9593BDF009CE.udd" 4992
"C:/Users/dws24/AppData/Local/UnrealEngine/Common/DerivedDataCache/7/3/5/PHYSX_A08609EF508D460CBB6710540B03AACF_PHYSXPC_BCF4A6B541A210D31F595E88A19BB48__B0A191E0269299942DF01D83B90263FD99886CF6.udd" 4993
"C:/Users/dws24/AppData/Local/UnrealEngine/Common/DerivedDataCache/1/0/9/PHYSX_A08609EF508D460CBB6710540B03AACF_PHYSXPC_BCF4A6B541A210D31F595E88A19BB48__0379357AF4B199284840C62F01F4C7678A8E7110.udd" 4994
"C:/Users/dws24/AppData/Local/UnrealEngine/Common/DerivedDataCache/8/1/4/PHYSX_A08609EF508D460CBB6710540B03AACF_PHYSXPC_BCF4A6B541A210D31F595E88A19BB48__DB9381DD321E05E2DD7080640DF580448CD293EF.udd" 4995
"C:/Users/dws24/AppData/Local/UnrealEngine/Common/DerivedDataCache/6/0/0/PHYSX_A08609EF508D460CBB6710540B03AACF_PHYSXPC_BCF4A6B541A210D31F595E88A19BB48__7FB3BA8A1298853997A9E05457F868F985A2C484.udd" 4996
"C:/Users/dws24/AppData/Local/UnrealEngine/Common/DerivedDataCache/0/8/2/PHYSX_A08609EF508D460CBB6710540B03AACF_PHYSXPC_BCF4A6B541A210D31F595E88A19BB48__2F5F283310DAAEA5252CDB34AFC1E7DD08766F02.udd" 4997
"C:/Users/dws24/AppData/Local/UnrealEngine/Common/DerivedDataCache/4/3/7/PHYSX_A08609EF508D460CBB6710540B03AACF_PHYSXPC_BCF4A6B541A210D31F595E88A19BB48__66EE365417D4056601FA13DDC9C5EDD20DB18847.udd" 4998
"C:/Users/dws24/AppData/Local/UnrealEngine/Common/DerivedDataCache/7/2/1/PHYSX_A08609EF508D460CBB6710540B03AACF_PHYSXPC_BCF4A6B541A210D31F595E88A19BB48__7A7C3586C1911B546DBC03A31C29DEB1C61048AF.udd" 4999
"C:/Users/dws24/AppData/Local/UnrealEngine/Common/DerivedDataCache/2/0/7/PHYSX_A08609EF508D460CBB6710540B03AACF_PHYSXPC_BCF4A6B541A210D31F595E88A19BB48__47111ACCBE806214EC6B76F1AA51C9B042E355FE.udd" 5000
"C:/Users/dws24/AppData/Local/UnrealEngine/Common/DerivedDataCache/5/8/0/PHYSX_A08609EF508D460CBB6710540B03AACF_PHYSXPC_BCF4A6B541A210D31F595E88A19BB48__01166C2541F4395804BABA8EC01108DBBE127BED.udd" 5001
"C:/Users/dws24/AppData/Local/UnrealEngine/Common/DerivedDataCache/3/4/4/PHYSX_A08609EF508D460CBB6710540B03AACF_PHYSXPC_BCF4A6B541A210D31F595E88A19BB48__50BC5F2CBB71B42612550447057A30C8301C25DB.udd" 5002
"C:/Users/dws24/AppData/Local/UnrealEngine/Common/DerivedDataCache/2/2/6/PHYSX_A08609EF508D460CBB6710540B03AACF_PHYSXPC_BCF4A6B541A210D31F595E88A19BB48__9F57FAA047F4A68F93812049F4A46B9F058D2DFB.udd" 5003
"C:/Users/dws24/AppData/Local/UnrealEngine/Common/DerivedDataCache/3/3/2/PHYSX_A08609EF508D460CBB6710540B03AACF_PHYSXPC_BCF4A6B541A210D31F595E88A19BB48__604DB3A3AF99A7C50FD2FFE393A81FCB8D57FDC9.udd" 5004
"C:/Users/dws24/AppData/Local/UnrealEngine/Common/DerivedDataCache/0/5/1/PHYSX_A08609EF508D460CBB6710540B03AACF_PHYSXPC_BCF4A6B541A210D31F595E88A19BB48__3E0BC27CEEDBC14F8DF22B2EBCFEB136062315C1.udd" 5005
"C:/Users/dws24/AppData/Local/UnrealEngine/Common/DerivedDataCache/7/5/0/MATSM_0BA69734E4FD45E082FA4560DBE25454_PCD3D_SM5_8__BC5N_NOCCBN_NOIRIS_DEV_SL___2ABDC3771FB2399FE7C4F3877317E957233F5610.udd" 5006
"C:/Users/dws24/AppData/Local/UnrealEngine/Common/DerivedDataCache/6/6/6/PHYSX_A08609EF508D460CBB6710540B03AACF_PHYSXPC_BCF4A6B541A210D31F595E88A19BB48__BFFC60B0918C4FAACE777CEB2FB24F5E3D32F8DD.udd" 5007
"C:/Users/dws24/AppData/Local/UnrealEngine/Common/DerivedDataCache/4/3/8/PHYSX_A08609EF508D460CBB6710540B03AACF_PHYSXPC_BCF4A6B541A210D31F595E88A19BB48__304AE2ADEC804C7BE22A4028668817D84D9462BC.udd" 5008
"C:/Users/dws24/AppData/Local/UnrealEngine/Common/DerivedDataCache/3/2/1/PHYSX_A08609EF508D460CBB6710540B03AACF_PHYSXPC_BCF4A6B541A210D31F595E88A19BB48__4A3A02A9848BD02886DBB486CFF71B7F437C9C60.udd" 5009
"C:/Users/dws24/AppData/Local/UnrealEngine/Common/DerivedDataCache/2/6/1/PHYSX_A08609EF508D460CBB6710540B03AACF_PHYSXPC_BCF4A6B541A210D31F595E88A19BB48__10FD608C1481BA85BC6C56E6B42F35ACBCE3C938.udd" 5010
"C:/Users/dws24/AppData/Local/UnrealEngine/Common/DerivedDataCache/6/7/2/PHYSX_A08609EF508D460CBB6710540B03AACF_PHYSXPC_BCF4A6B541A210D31F595E88A19BB48__D3EC3EE2BB53730724F70DE6C7A0E4FA2107A9A5.udd" 5011
"C:/Users/dws24/AppData/Local/UnrealEngine/Common/DerivedDataCache/2/2/0/PHYSX_A08609EF508D460CBB6710540B03AACF_PHYSXPC_BCF4A6B541A210D31F595E88A19BB48__D7705EAD5B9C40594A184FB5DD8F84477C2623C5.udd" 5012
"C:/Users/dws24/AppData/Local/UnrealEngine/Common/DerivedDataCache/6/0/0/PHYSX_A08609EF508D460CBB6710540B03AACF_PHYSXPC_BCF4A6B541A210D31F595E88A19BB48__AE694D5B3D2F71BFF5FB4DA482F27352B359D26B.udd" 5013
"C:/Users/dws24/AppData/Local/UnrealEngine/Common/DerivedDataCache/0/4/3/PHYSX_A08609EF508D460CBB6710540B03AACF_PHYSXPC_BCF4A6B541A210D31F595E88A19BB48__905A10A3518277F6E706514619E903A43C1AB441.udd" 5014
"C:/Users/dws24/AppData/Local/UnrealEngine/Common/DerivedDataCache/8/1/2/PHYSX_A08609EF508D460CBB6710540B03AACF_PHYSXPC_BCF4A6B541A210D31F595E88A19BB48__4BD961AF1B6270AF3E74849B222756A8EBD20B23.udd" 5015
"C:/Users/dws24/AppData/Local/UnrealEngine/Common/DerivedDataCache/1/2/6/PHYSX_A08609EF508D460CBB6710540B03AACF_PHYSXPC_BCF4A6B541A210D31F595E88A19BB48__70080361E687EE9A9BA706A0F96DA60BF3108109.udd" 5016
"C:/Users/dws24/AppData/Local/UnrealEngine/Common/DerivedDataCache/0/7/4/PHYSX_A08609EF508D460CBB6710540B03AACF_PHYSXPC_BCF4A6B541A210D31F595E88A19BB48__DF9BCC38A4E605D16E78C9868BDA867290B2E2F1.udd" 5017
"C:/Users/dws24/AppData/Local/UnrealEngine/Common/DerivedDataCache/5/1/1/PHYSX_A08609EF508D460CBB6710540B03AACF_PHYSXPC_BCF4A6B541A210D31F595E88A19BB48__0AFBDA128D2832C2C8A4DED9F719669FD6EB6415.udd" 5018
"C:/Users/dws24/AppData/Local/UnrealEngine/Common/DerivedDataCache/8/7/3/PHYSX_A08609EF508D460CBB6710540B03AACF_PHYSXPC_BCF4A6B541A210D31F595E88A19BB48__84D3A1AA93FB3B5496EE5577F374797FFBC022F7.udd" 5019
"C:/Users/dws24/AppData/Local/UnrealEngine/Common/DerivedDataCache/0/2/2/PHYSX_A08609EF508D460CBB6710540B03AACF_PHYSXPC_BCF4A6B541A210D31F595E88A19BB48__64B40FD9E724E0C50DFB8CEE0B790A369FA9FD58.udd" 5020
"C:/Users/dws24/AppData/Local/UnrealEngine/Common/DerivedDataCache/9/7/3/PHYSX_A08609EF508D460CBB6710540B03AACF_PHYSXPC_BCF4A6B541A210D31F595E88A19BB48__A03C451FFCAAE1E47858619528A73236942E0145.udd" 5021
"C:/Users/dws24/AppData/Local/UnrealEngine/Common/DerivedDataCache/6/4/2/PHYSX_A08609EF508D460CBB6710540B03AACF_PHYSXPC_BCF4A6B541A210D31F595E88A19BB48__397FF60F18E12E101C2471470AD400971043DDA5.udd" 5022
"C:/Users/dws24/AppData/Local/UnrealEngine/Common/DerivedDataCache/0/8/3/PHYSX_A08609EF508D460CBB6710540B03AACF_PHYSXPC_BCF4A6B541A210D31F595E88A19BB48__85B66B22A7E9E3F76B4075644F368ADA63C59436.udd" 5023
"C:/Users/dws24/AppData/Local/UnrealEngine/Common/DerivedDataCache/6/8/3/PHYSX_A08609EF508D460CBB6710540B03AACF_PHYSXPC_BCF4A6B541A210D31F595E88A19BB48__D0933B5A397141FEECAD8858029518B2713D2699.udd" 5024
"C:/Users/dws24/AppData/Local/UnrealEngine/Common/DerivedDataCache/2/6/5/PHYSX_A08609EF508D460CBB6710540B03AACF_PHYSXPC_BCF4A6B541A210D31F595E88A19BB48__21437B322CB2BEF4E724ABEB6A5EF852D023E5F2.udd" 5025
"C:/Users/dws24/AppData/Local/UnrealEngine/Common/DerivedDataCache/1/7/0/PHYSX_A08609EF508D460CBB6710540B03AACF_PHYSXPC_BCF4A6B541A210D31F595E88A19BB48__F96AEBEEE0C9035268BFEC8FEC83C3E03CD1B44A.udd" 5026
"C:/Users/dws24/AppData/Local/UnrealEngine/Common/DerivedDataCache/9/4/6/PHYSX_A08609EF508D460CBB6710540B03AACF_PHYSXPC_BCF4A6B541A210D31F595E88A19BB48__813800B998376E453DE23FCDC00EA46A8AF453F8.udd" 5027
"C:/Users/dws24/AppData/Local/UnrealEngine/Common/DerivedDataCache/0/3/2/PHYSX_A08609EF508D460CBB6710540B03AACF_PHYSXPC_BCF4A6B541A210D31F595E88A19BB48__1EF52EA20075C847CF6A04CD21E283D09782F05F.udd" 5028
"C:/Users/dws24/AppData/Local/UnrealEngine/Common/DerivedDataCache/3/2/9/PHYSX_A08609EF508D460CBB6710540B03AACF_PHYSXPC_BCF4A6B541A210D31F595E88A19BB48__1AE2EC624D6F268DD85C7065D1B44707785AAF25.udd" 5029
"C:/Users/dws24/AppData/Local/UnrealEngine/Common/DerivedDataCache/1/8/8/PHYSX_A08609EF508D460CBB6710540B03AACF_PHYSXPC_BCF4A6B541A210D31F595E88A19BB48__4F728FB9C438B61AD6E352163B488FFCD5D32C77.udd" 5030
"C:/Users/dws24/AppData/Local/UnrealEngine/Common/DerivedDataCache/0/7/0/PHYSX_A08609EF508D460CBB6710540B03AACF_PHYSXPC_BCF4A6B541A210D31F595E88A19BB48__E41052A2C9D9A3D7F393E24AF5F532EF965F2C02.udd" 5031
"C:/Users/dws24/AppData/Local/UnrealEngine/Common/DerivedDataCache/1/6/0/PHYSX_A08609EF508D460CBB6710540B03AACF_PHYSXPC_BCF4A6B541A210D31F595E88A19BB48__9E38D62BDC01924BB1E343D029A34BB3A40159F2.udd" 5032
"C:/Users/dws24/AppData/Local/UnrealEngine/Common/DerivedDataCache/3/7/6/PHYSX_A08609EF508D460CBB6710540B03AACF_PHYSXPC_BCF4A6B541A210D31F595E88A19BB48__79FAF946719C9A5E434EE4D98BAFB3D45B8575DF.udd" 5033
"C:/Users/dws24/AppData/Local/UnrealEngine/Common/DerivedDataCache/3/2/2/PHYSX_A08609EF508D460CBB6710540B03AACF_PHYSXPC_BCF4A6B541A210D31F595E88A19BB48__0583998313219945FD766DFA5AF90363FD3790AE.udd" 5034
"C:/Users/dws24/AppData/Local/UnrealEngine/Common/DerivedDataCache/7/0/7/PHYSX_A08609EF508D460CBB6710540B03AACF_PHYSXPC_BCF4A6B541A210D31F595E88A19BB48__4BEC65480656E85EEE1EB30F97528F537E0C6125.udd" 5035
"C:/Users/dws24/AppData/Local/UnrealEngine/Common/DerivedDataCache/8/5/2/PHYSX_A08609EF508D460CBB6710540B03AACF_PHYSXPC_BCF4A6B541A210D31F595E88A19BB48__FBF2985D00A98CF59A62DA0C39BAEC5095C66CB4.udd" 5036
"C:/Users/dws24/AppData/Local/UnrealEngine/Common/DerivedDataCache/5/6/4/PHYSX_A08609EF508D460CBB6710540B03AACF_PHYSXPC_BCF4A6B541A210D31F595E88A19BB48__D04693E379F7523DE569ED3415087B3DF7499DD9.udd" 5037
"C:/Users/dws24/AppData/Local/UnrealEngine/Common/DerivedDataCache/9/7/7/PHYSX_A08609EF508D460CBB6710540B03AACF_PHYSXPC_BCF4A6B541A210D31F595E88A19BB48__DFA225DF031F54597D9038B4FEAEBC098F8452C0.udd" 5038
"C:/Users/dws24/AppData/Local/UnrealEngine/Common/DerivedDataCache/6/6/2/PHYSX_A08609EF508D460CBB6710540B03AACF_PHYSXPC_BCF4A6B541A210D31F595E88A19BB48__9689513C3483714C13B1A8C753B274B6E96AB821.udd" 5039
"C:/Users/dws24/AppData/Local/UnrealEngine/Common/DerivedDataCache/5/3/8/PHYSX_A08609EF508D460CBB6710540B03AACF_PHYSXPC_BCF4A6B541A210D31F595E88A19BB48__DCC46646BC1A2C3BA52D7C1F06524D04AC367A04.udd" 5040
"C:/Users/dws24/AppData/Local/UnrealEngine/Common/DerivedDataCache/8/7/1/PHYSX_A08609EF508D460CBB6710540B03AACF_PHYSXPC_BCF4A6B541A210D31F595E88A19BB48__48AD4DD89610E72A756A7909D1164BA9EA44E44E.udd" 5041
"C:/Users/dws24/AppData/Local/UnrealEngine/Common/DerivedDataCache/2/8/1/PHYSX_A08609EF508D460CBB6710540B03AACF_PHYSXPC_BCF4A6B541A210D31F595E88A19BB48__42189C0ADF62A575745BF59D8C7F4D5CB99D73DD.udd" 5042
"C:/Users/dws24/AppData/Local/UnrealEngine/Common/DerivedDataCache/5/8/4/PHYSX_A08609EF508D460CBB6710540B03AACF_PHYSXPC_BCF4A6B541A210D31F595E88A19BB48__07F4636B64FA898F7EEB74583C5330BD79DD8068.udd" 5043
"C:/Users/dws24/AppData/Local/UnrealEngine/Common/DerivedDataCache/0/0/4/PHYSX_A08609EF508D460CBB6710540B03AACF_PHYSXPC_BCF4A6B541A210D31F595E88A19BB48__F2CBCEFF9CBEDC8033582AA84F4E4593E297A860.udd" 5044
"C:/Users/dws24/AppData/Local/UnrealEngine/Common/DerivedDataCache/6/7/0/PHYSX_A08609EF508D460CBB6710540B03AACF_PHYSXPC_BCF4A6B541A210D31F595E88A19BB48__60C0FF2644CEA078EAD38826739B98E3796B9546.udd" 5045
"C:/Users/dws24/AppData/Local/UnrealEngine/Common/DerivedDataCache/5/3/9/PHYSX_A08609EF508D460CBB6710540B03AACF_PHYSXPC_BCF4A6B541A210D31F595E88A19BB48__DAC97AC9C2C5BF9C8DDD0E368218B277527C6FD2.udd" 5046
"C:/Users/dws24/AppData/Local/UnrealEngine/Common/DerivedDataCache/8/7/0/PHYSX_A08609EF508D460CBB6710540B03AACF_PHYSXPC_BCF4A6B541A210D31F595E88A19BB48__A99458DC11092B896B7C918808B347B0EAD037D5.udd" 5047
"C:/Users/dws24/AppData/Local/UnrealEngine/Common/DerivedDataCache/6/7/9/PHYSX_A08609EF508D460CBB6710540B03AACF_PHYSXPC_BCF4A6B541A210D31F595E88A19BB48__94C579EDFF718270452543583BCBBC3C2B882F99.udd" 5048
"C:/Users/dws24/AppData/Local/UnrealEngine/Common/DerivedDataCache/6/1/4/MATSM_0BA69734E4FD45E082FA4560DBE25454_PCD3D_SM5_8__BC5N_NOCCBN_NOIRIS_DEV_SL___E497CAFE331F10140DE14DB2B075A8EB8A9AEC48.udd" 5049
"C:/Users/dws24/AppData/Local/UnrealEngine/Common/DerivedDataCache/4/6/3/PHYSX_A08609EF508D460CBB6710540B03AACF_PHYSXPC_BCF4A6B541A210D31F595E88A19BB48__C9EDC880E363734E0D315AE78D5EAB1C20194C4C.udd" 5050
"C:/Users/dws24/AppData/Local/UnrealEngine/Common/DerivedDataCache/7/3/4/PHYSX_A08609EF508D460CBB6710540B03AACF_PHYSXPC_BCF4A6B541A210D31F595E88A19BB48__8487AAC2136992297217D312C3FDFBCACA0B8D53.udd" 5051
"C:/Users/dws24/AppData/Local/UnrealEngine/Common/DerivedDataCache/6/7/0/PHYSX_A08609EF508D460CBB6710540B03AACF_PHYSXPC_BCF4A6B541A210D31F595E88A19BB48__A521FEB40B72B3D2B01221FB109C67DCEF3A732E.udd" 5052
"C:/Users/dws24/AppData/Local/UnrealEngine/Common/DerivedDataCache/4/2/8/PHYSX_A08609EF508D460CBB6710540B03AACF_PHYSXPC_BCF4A6B541A210D31F595E88A19BB48__2131239B67F6DADFD64082CF8227EB9B47CADD78.udd" 5053
"C:/Users/dws24/AppData/Local/UnrealEngine/Common/DerivedDataCache/8/9/1/PHYSX_A08609EF508D460CBB6710540B03AACF_PHYSXPC_BCF4A6B541A210D31F595E88A19BB48__EC9E9256056778BF9586723F900788BA1A2D7752.udd" 5054
"C:/Users/dws24/AppData/Local/UnrealEngine/Common/DerivedDataCache/3/2/2/PHYSX_A08609EF508D460CBB6710540B03AACF_PHYSXPC_BCF4A6B541A210D31F595E88A19BB48__04FD31B4092AEEFF2DBE8A1D1C4BE78692D4FB19.udd" 5055
"C:/Users/dws24/AppData/Local/UnrealEngine/Common/DerivedDataCache/3/7/5/PHYSX_A08609EF508D460CBB6710540B03AACF_PHYSXPC_BCF4A6B541A210D31F595E88A19BB48__876F2F27C9CA0BAC4FCA9E20D08C12216F3FA0FB.udd" 5056
"C:/Users/dws24/AppData/Local/UnrealEngine/Common/DerivedDataCache/0/4/7/PHYSX_A08609EF508D460CBB6710540B03AACF_PHYSXPC_BCF4A6B541A210D31F595E88A19BB48__9D1AA9337C38D53C627908B482D076B2194C092C.udd" 5057
"C:/Users/dws24/AppData/Local/UnrealEngine/Common/DerivedDataCache/6/2/3/PHYSX_A08609EF508D460CBB6710540B03AACF_PHYSXPC_BCF4A6B541A210D31F595E88A19BB48__DD70C68A1BEB6A9854C33D9F76E436BBF9ACD10F.udd" 5058
"C:/Users/dws24/AppData/Local/UnrealEngine/Common/DerivedDataCache/1/6/9/PHYSX_A08609EF508D460CBB6710540B03AACF_PHYSXPC_BCF4A6B541A210D31F595E88A19BB48__C88274496ABC2DEA392D0A4B5CF19901527BDD5E.udd" 5059
"C:/Users/dws24/AppData/Local/UnrealEngine/Common/DerivedDataCache/4/2/4/PHYSX_A08609EF508D460CBB6710540B03AACF_PHYSXPC_BCF4A6B541A210D31F595E88A19BB48__6A9BA18500C219F077278D206FDF1CFBEA2FC028.udd" 5060
"C:/Users/dws24/AppData/Local/UnrealEngine/Common/DerivedDataCache/7/3/2/PHYSX_A08609EF508D460CBB6710540B03AACF_PHYSXPC_BCF4A6B541A210D31F595E88A19BB48__3E4B6478B69B97721A59531269AC62139A832F66.udd" 5061
"C:/Users/dws24/AppData/Local/UnrealEngine/Common/DerivedDataCache/7/3/7/PHYSX_A08609EF508D460CBB6710540B03AACF_PHYSXPC_BCF4A6B541A210D31F595E88A19BB48__E4A0F55133DC0E346B1D4FD6881671953699AF95.udd" 5062
"C:/Users/dws24/AppData/Local/UnrealEngine/Common/DerivedDataCache/1/7/3/PHYSX_A08609EF508D460CBB6710540B03AACF_PHYSXPC_BCF4A6B541A210D31F595E88A19BB48__3656BE89E8364ABBC3F6BEC2BF4A85E2B237A7BC.udd" 5063
"C:/Users/dws24/AppData/Local/UnrealEngine/Common/DerivedDataCache/8/1/0/PHYSX_A08609EF508D460CBB6710540B03AACF_PHYSXPC_BCF4A6B541A210D31F595E88A19BB48__5220AB0B181EAF2E54D022C05E6C6E301C6E0522.udd" 5064
"C:/Users/dws24/AppData/Local/UnrealEngine/Common/DerivedDataCache/9/0/4/TEXTURE_E01F4250BECD420DA9CE63B5EECEC2C2_OODLE_AUTODXT_11_753D0C9042BF2FB4B199__B8146C3F94847FA8D82AD70C0DF90BDA3B329A00.udd" 5065
"C:/Users/dws24/AppData/Local/UnrealEngine/Common/DerivedDataCache/5/7/2/TEXTURE_E01F4250BECD420DA9CE63B5EECEC2C2_OODLE_AUTODXT_11_753D0C9042BF2FB4B199__EA52CEC4CF50C060B4B46C3C4476988D55E20E04.udd" 5066
"C:/Users/dws24/AppData/Local/UnrealEngine/Common/DerivedDataCache/6/0/1/TEXTURE_E01F4250BECD420DA9CE63B5EECEC2C2_OODLE_AUTODXT_11_753D0C9042BF2FB4B199__B704EF66720832C9C0C67004FD22F3A35A10C011.udd" 5067
"C:/Users/dws24/AppData/Local/UnrealEngine/Common/DerivedDataCache/1/6/2/TEXTURE_E01F4250BECD420DA9CE63B5EECEC2C2_OODLE_AUTODXT_11_753D0C9042BF2FB4B199__6308DEFB590E571B08BC90E23B4570B38530CA27.udd" 5068
"C:/Users/dws24/AppData/Local/UnrealEngine/Common/DerivedDataCache/8/9/7/TEXTURE_E01F4250BECD420DA9CE63B5EECEC2C2_OODLE_AUTODXT_11_E4A61C9F45AE6D4851F9__E34D6F984AFC9D7E9B6AEC100A750D1D4AEB804F.udd" 5069
"C:/Users/dws24/AppData/Local/UnrealEngine/Common/DerivedDataCache/7/8/7/TEXTURE_E01F4250BECD420DA9CE63B5EECEC2C2_OODLE_AUTODXT_11_E4A61C9F45AE6D4851F9__84C4638663F033BC6C01E6EDEACD3ED3F6AAD068.udd" 5070
"C:/Users/dws24/AppData/Local/UnrealEngine/Common/DerivedDataCache/6/3/8/TEXTURE_E01F4250BECD420DA9CE63B5EECEC2C2_OODLE_AUTODXT_11_C7ED65BC47413A27B0DA__DD4732BE96A5A91A2C30B054D273A6BA6E48572E.udd" 5071
"C:/Users/dws24/AppData/Local/UnrealEngine/Common/DerivedDataCache/9/9/2/TEXTURE_E01F4250BECD420DA9CE63B5EECEC2C2_OODLE_AUTODXT_11_C7ED65BC47413A27B0DA__C5357910668DD4F98B3CF8229845EC39708C10B3.udd" 5072
"C:/Users/dws24/AppData/Local/UnrealEngine/Common/DerivedDataCache/3/1/6/TEXTURE_E01F4250BECD420DA9CE63B5EECEC2C2_OODLE_AUTODXT_11_C7ED65BC47413A27B0DA__F3B4377882A6FCAA80E0DE190E7D60D54D3BEDEE.udd" 5073
"C:/Users/dws24/AppData/Local/UnrealEngine/Common/DerivedDataCache/1/1/5/TEXTURE_E01F4250BECD420DA9CE63B5EECEC2C2_OODLE_AUTODXT_11_C7ED65BC47413A27B0DA__50E15A81051FAA1F7ABA894B2F6BBC7D78F80A4A.udd" 5074
"C:/Users/dws24/AppData/Local/UnrealEngine/Common/DerivedDataCache/2/0/4/TEXTURE_E01F4250BECD420DA9CE63B5EECEC2C2_OODLE_AUTODXT_11_19245BB8441F7ED9000F__8CA95CA85975F0696FC681BAA38E7E37F8F2B10F.udd" 5075
"C:/Users/dws24/AppData/Local/UnrealEngine/Common/DerivedDataCache/6/3/2/TEXTURE_E01F4250BECD420DA9CE63B5EECEC2C2_OODLE_AUTODXT_11_19245BB8441F7ED9000F__5177AF539F68288CE4E94FAC81ACAACFB516DC8B.udd" 5076
"C:/Users/dws24/AppData/Local/UnrealEngine/Common/DerivedDataCache/6/1/7/TEXTURE_E01F4250BECD420DA9CE63B5EECEC2C2_OODLE_AUTODXT_11_19245BB8441F7ED9000F__E1D3BE77332F28436CCC5BF6277323C4CBC23FFC.udd" 5077
"C:/Users/dws24/AppData/Local/UnrealEngine/Common/DerivedDataCache/7/3/2/TEXTURE_E01F4250BECD420DA9CE63B5EECEC2C2_OODLE_AUTODXT_11_C2C77BB14D54A694B4C5__58232791329C62F2D07F63C236E10D9085C051DE.udd" 5078
"C:/Users/dws24/AppData/Local/UnrealEngine/Common/DerivedDataCache/6/1/5/TEXTURE_E01F4250BECD420DA9CE63B5EECEC2C2_OODLE_AUTODXT_11_C2C77BB14D54A694B4C5__1F76C952A7F9547F674002D14AF99D57B2543164.udd" 5079
"C:/Users/dws24/AppData/Local/UnrealEngine/Common/DerivedDataCache/9/3/6/TEXTURE_E01F4250BECD420DA9CE63B5EECEC2C2_OODLE_AUTODXT_11_3C8AD9B0480B65A44643__886B002F2689FA2B8B025CB4F94D9777A1D4056B.udd" 5080
"C:/Users/dws24/AppData/Local/UnrealEngine/Common/DerivedDataCache/0/6/0/TEXTURE_E01F4250BECD420DA9CE63B5EECEC2C2_OODLE_AUTODXT_11_968BE5A1450AFD67A0BF__E8F7D1EBFE64D9DFF9DDFB98358DBEF0BA4DD557.udd" 5081
"C:/Users/dws24/AppData/Local/UnrealEngine/Common/DerivedDataCache/3/7/4/TEXTURE_E01F4250BECD420DA9CE63B5EECEC2C2_OODLE_AUTODXT_11_968BE5A1450AFD67A0BF__AAF270D0F9D6AD57CB6601FEFE8293DDF52D6BC5.udd" 5082
"C:/Users/dws24/AppData/Local/UnrealEngine/Common/DerivedDataCache/4/9/8/TEXTURE_E01F4250BECD420DA9CE63B5EECEC2C2_OODLE_AUTODXT_11_167475654218003E234E__639F43F940AEEF88BDB7A7669858AA4BBDE18516.udd" 5083
"C:/Users/dws24/AppData/Local/UnrealEngine/Common/DerivedDataCache/9/9/8/TEXTURE_E01F4250BECD420DA9CE63B5EECEC2C2_OODLE_AUTODXT_11_167475654218003E234E__9D734DC1A7BDDC43936F31E404D29F4CF1336288.udd" 5084
"C:/Users/dws24/AppData/Local/UnrealEngine/Common/DerivedDataCache/4/8/6/TEXTURE_E01F4250BECD420DA9CE63B5EECEC2C2_OODLE_AUTODXT_11_1173FDF24758C7E82745__F846BAB2EAB01627B0C88EEC2220BF5B071C7277.udd" 5085
"C:/Users/dws24/AppData/Local/UnrealEngine/Common/DerivedDataCache/7/1/3/TEXTURE_E01F4250BECD420DA9CE63B5EECEC2C2_OODLE_AUTODXT_11_1173FDF24758C7E82745__78E48B116BB528DBD6F180FFA47DF476F3C033DF.udd" 5086
"C:/Users/dws24/AppData/Local/UnrealEngine/Common/DerivedDataCache/9/9/8/TEXTURE_E01F4250BECD420DA9CE63B5EECEC2C2_OODLE_AUTODXT_11_BBE79BD449BE09D174FA__D7692AA38D471FBFAD296B98F6A3C238AEC6E73C.udd" 5087
"C:/Users/dws24/AppData/Local/UnrealEngine/Common/DerivedDataCache/0/0/3/TEXTURE_E01F4250BECD420DA9CE63B5EECEC2C2_OODLE_AUTODXT_11_BBE79BD449BE09D174FA__4953EA9512438D50964D7457061886A250D56CBC.udd" 5088
"C:/Users/dws24/AppData/Local/UnrealEngine/Common/DerivedDataCache/2/7/5/TEXTURE_E01F4250BECD420DA9CE63B5EECEC2C2_OODLE_AUTODXT_11_BBE79BD449BE09D174FA__B6BF37C50058E12080EFDDA6826740BFAAB8457F.udd" 5089
"C:/Users/dws24/AppData/Local/UnrealEngine/Common/DerivedDataCache/0/6/1/TEXTURE_E01F4250BECD420DA9CE63B5EECEC2C2_OODLE_AUTODXT_11_46941EB2498ADD9255E0__6D23416878528CA260452F6AD654BC8E0B283AFF.udd" 5090
"C:/Users/dws24/AppData/Local/UnrealEngine/Common/DerivedDataCache/1/6/6/TEXTURE_E01F4250BECD420DA9CE63B5EECEC2C2_OODLE_AUTODXT_11_46941EB2498ADD9255E0__112D8A786A2DAD73D7C4B9C39FEE58656B0C4C61.udd" 5091
"C:/Users/dws24/AppData/Local/UnrealEngine/Common/DerivedDataCache/1/5/7/TEXTURE_E01F4250BECD420DA9CE63B5EECEC2C2_OODLE_AUTODXT_11_46941EB2498ADD9255E0__9811B72AD6139F15E1B26F01F59BE531944DC744.udd" 5092
"C:/Users/dws24/AppData/Local/UnrealEngine/Common/DerivedDataCache/1/9/4/TEXTURE_E01F4250BECD420DA9CE63B5EECEC2C2_OODLE_AUTODXT_11_38DF11654374D53B461E__A650198E41515801501293C87F50B242C891C554.udd" 5093
"C:/Users/dws24/AppData/Local/UnrealEngine/Common/DerivedDataCache/8/5/7/TEXTURE_E01F4250BECD420DA9CE63B5EECEC2C2_OODLE_AUTODXT_11_38DF11654374D53B461E__75AE091A538DB93347353D6190A3092E503A41F2.udd" 5094
"C:/Users/dws24/AppData/Local/UnrealEngine/Common/DerivedDataCache/4/3/0/TEXTURE_E01F4250BECD420DA9CE63B5EECEC2C2_OODLE_AUTODXT_11_38DF11654374D53B461E__C30E0AA6A1E47C4607D4E7FD7427D0726E2C3B65.udd" 5095
"C:/Users/dws24/AppData/Local/UnrealEngine/Common/DerivedDataCache/1/5/7/TEXTURE_E01F4250BECD420DA9CE63B5EECEC2C2_OODLE_AUTODXT_11_38DF11654374D53B461E__6B7F1F9CA57402FCFCD6EDEB010F54740E00BBB7.udd" 5096
"C:/Users/dws24/AppData/Local/UnrealEngine/Common/DerivedDataCache/7/4/8/TEXTURE_E01F4250BECD420DA9CE63B5EECEC2C2_OODLE_AUTODXT_11_B284321240E7F607039C__FDC93679B1F9C14AE4C612B2E7C0BD9F3A631358.udd" 5097
"C:/Users/dws24/AppData/Local/UnrealEngine/Common/DerivedDataCache/6/3/9/TEXTURE_E01F4250BECD420DA9CE63B5EECEC2C2_OODLE_AUTODXT_11_B284321240E7F607039C__685C4DE14AFB58577C7ADA1A3847718A9B95EBB0.udd" 5098
"C:/Users/dws24/AppData/Local/UnrealEngine/Common/DerivedDataCache/1/9/2/TEXTURE_E01F4250BECD420DA9CE63B5EECEC2C2_OODLE_AUTODXT_11_419E65C44B76FE8B6512__9E69C78F88D9399662EED79B5C9B10E52504BA86.udd" 5099
"C:/Users/dws24/AppData/Local/UnrealEngine/Common/DerivedDataCache/6/4/0/TEXTURE_E01F4250BECD420DA9CE63B5EECEC2C2_OODLE_AUTODXT_11_419E65C44B76FE8B6512__4D037935C81B072273695074292AA0467A2070E3.udd" 5100
"C:/Users/dws24/AppData/Local/UnrealEngine/Common/DerivedDataCache/5/0/8/TEXTURE_E01F4250BECD420DA9CE63B5EECEC2C2_OODLE_AUTODXT_11_77383DA643701F08E413__13BD2824D23D0B824975CE7D27DF6A0C9C3BED86.udd" 5101
"C:/Users/dws24/AppData/Local/UnrealEngine/Common/DerivedDataCache/1/3/4/TEXTURE_E01F4250BECD420DA9CE63B5EECEC2C2_OODLE_AUTODXT_11_77383DA643701F08E413__BBEB6F190C8487FCBD753C282CADD3655808CCBF.udd" 5102
"C:/Users/dws24/AppData/Local/UnrealEngine/Common/DerivedDataCache/5/9/3/TEXTURE_E01F4250BECD420DA9CE63B5EECEC2C2_OODLE_AUTODXT_11_77383DA643701F08E413__D055F3FE3651A6FD6587A5C5E336A7C0EB4879C0.udd" 5103
"C:/Users/dws24/AppData/Local/UnrealEngine/Common/DerivedDataCache/2/7/3/TEXTURE_E01F4250BECD420DA9CE63B5EECEC2C2_OODLE_AUTODXT_11_5C235F754AD3812007FB__48BEAD7DC21CCB8CC823C6AC12377329CB62D9D5.udd" 5104
"C:/Users/dws24/AppData/Local/UnrealEngine/Common/DerivedDataCache/5/7/1/TEXTURE_E01F4250BECD420DA9CE63B5EECEC2C2_OODLE_AUTODXT_11_5C235F754AD3812007FB__24F57D36735D9D0097161F0C988781C4F386E033.udd" 5105
"C:/Users/dws24/AppData/Local/UnrealEngine/Common/DerivedDataCache/0/3/8/TEXTURE_E01F4250BECD420DA9CE63B5EECEC2C2_OODLE_AUTODXT_11_5C235F754AD3812007FB__A8B7699EF4A190E240E06C4FC6104E06C0930F4B.udd" 5106
"C:/Users/dws24/AppData/Local/UnrealEngine/Common/DerivedDataCache/2/4/3/TEXTURE_E01F4250BECD420DA9CE63B5EECEC2C2_OODLE_AUTODXT_11_87E4C4524D375FBDCFA0__A51CA6C5F5117A5435EB92D07A224813A497145C.udd" 5107
"C:/Users/dws24/AppData/Local/UnrealEngine/Common/DerivedDataCache/2/5/6/TEXTURE_E01F4250BECD420DA9CE63B5EECEC2C2_OODLE_AUTODXT_11_87E4C4524D375FBDCFA0__545594EDB349A80AB7E9DE3F4B004A19D077EE35.udd" 5108
"C:/Users/dws24/AppData/Local/UnrealEngine/Common/DerivedDataCache/9/3/4/TEXTURE_E01F4250BECD420DA9CE63B5EECEC2C2_OODLE_AUTODXT_11_B071FD2E434AC787C5F4__75341DC8399C6ED18673944531976C362E05342C.udd" 5109
"C:/Users/dws24/AppData/Local/UnrealEngine/Common/DerivedDataCache/6/3/7/TEXTURE_E01F4250BECD420DA9CE63B5EECEC2C2_OODLE_AUTODXT_11_B071FD2E434AC787C5F4__9DF447F4F1CB1A4A87CBE4812AFD2CCD936E9791.udd" 5110
"C:/Users/dws24/AppData/Local/UnrealEngine/Common/DerivedDataCache/6/9/6/TEXTURE_E01F4250BECD420DA9CE63B5EECEC2C2_OODLE_AUTODXT_11_74CD665E42CFB5168CA2__47AB9B63D814BFD86DB7739F32F38B8033CA08FE.udd" 5111
"C:/Users/dws24/AppData/Local/UnrealEngine/Common/DerivedDataCache/8/3/5/TEXTURE_E01F4250BECD420DA9CE63B5EECEC2C2_OODLE_AUTODXT_11_74CD665E42CFB5168CA2__7ADAC29315CC2DEBDA1E62CF782C36B93FDDDAAB.udd" 5112
"C:/Users/dws24/AppData/Local/UnrealEngine/Common/DerivedDataCache/9/6/6/TEXTURE_E01F4250BECD420DA9CE63B5EECEC2C2_OODLE_AUTODXT_11_AC64A44A4E0AA21420B1__967FB183E20B239AC255751A8370132266695CDE.udd" 5113
"C:/Users/dws24/AppData/Local/UnrealEngine/Common/DerivedDataCache/1/0/5/TEXTURE_E01F4250BECD420DA9CE63B5EECEC2C2_OODLE_AUTODXT_11_AC64A44A4E0AA21420B1__AF1AA055AC7841734C47BCB5E827CEE01124C796.udd" 5114
"C:/Users/dws24/AppData/Local/UnrealEngine/Common/DerivedDataCache/8/5/5/TEXTURE_E01F4250BECD420DA9CE63B5EECEC2C2_OODLE_AUTODXT_11_B3A20F40437C0A0C1D2E__0BD589A4D278B328B53A3A68EAA850ABA4264AA4.udd" 5115
"C:/Users/dws24/AppData/Local/UnrealEngine/Common/DerivedDataCache/4/7/6/TEXTURE_E01F4250BECD420DA9CE63B5EECEC2C2_OODLE_AUTODXT_11_EA9EE5954353232CAE42__E50EDC2707E838035DFEC1BE215BBDA6FB291863.udd" 5116
"C:/Users/dws24/AppData/Local/UnrealEngine/Common/DerivedDataCache/5/6/7/TEXTURE_E01F4250BECD420DA9CE63B5EECEC2C2_OODLE_AUTODXT_11_EA9EE5954353232CAE42__1B51D372464D30165B0D74F272E780ACC43236C3.udd" 5117
"C:/Users/dws24/AppData/Local/UnrealEngine/Common/DerivedDataCache/0/9/5/TEXTURE_E01F4250BECD420DA9CE63B5EECEC2C2_OODLE_AUTODXT_11_EA9EE5954353232CAE42__2334BCA68A497AB2947C83EF00C6B2734292E57C.udd" 5118
"C:/Users/dws24/AppData/Local/UnrealEngine/Common/DerivedDataCache/3/3/8/TEXTURE_E01F4250BECD420DA9CE63B5EECEC2C2_OODLE_AUTODXT_11_EA9EE5954353232CAE42__7D5DDBF03A2923186F2EFF5869867136DAF5E625.udd" 5119
"C:/Users/dws24/AppData/Local/UnrealEngine/Common/DerivedDataCache/5/5/7/TEXTURE_E01F4250BECD420DA9CE63B5EECEC2C2_OODLE_AUTODXT_11_DF7C107C4194254251BB__BF1812E15C03CAF0F04F42CBE7FF0ADDD7BA40C3.udd" 5120
"C:/Users/dws24/AppData/Local/UnrealEngine/Common/DerivedDataCache/5/5/9/TEXTURE_E01F4250BECD420DA9CE63B5EECEC2C2_OODLE_AUTODXT_11_DF7C107C4194254251BB__50C6458021435C417A6A0D05E49F3E5582D7D68D.udd" 5121
"C:/Users/dws24/AppData/Local/UnrealEngine/Common/DerivedDataCache/0/6/5/TEXTURE_E01F4250BECD420DA9CE63B5EECEC2C2_OODLE_AUTODXT_11_DF7C107C4194254251BB__27147ECF5AF74ED4D96B49EB8001821E74D930CE.udd" 5122
"C:/Users/dws24/AppData/Local/UnrealEngine/Common/DerivedDataCache/6/3/9/TEXTURE_E01F4250BECD420DA9CE63B5EECEC2C2_OODLE_AUTODXT_11_DF7C107C4194254251BB__1E0561DEE28689E3707FD0820E82C5494AAC636D.udd" 5123
"C:/Users/dws24/AppData/Local/UnrealEngine/Common/DerivedDataCache/4/0/5/TEXTURE_E01F4250BECD420DA9CE63B5EECEC2C2_OODLE_AUTODXT_11_3C8AD9B0480B65A44643__4CDC38F1EACBB0AFC7724C336A151BE268DF427C.udd" 5124
"C:/Users/dws24/AppData/Local/UnrealEngine/Common/DerivedDataCache/8/9/9/TEXTURE_E01F4250BECD420DA9CE63B5EECEC2C2_OODLE_AUTODXT_11_02744C1843C1EC7A182B__1C480E305842C9832464C125958E885F652022B7.udd" 5125
"C:/Users/dws24/AppData/Local/UnrealEngine/Common/DerivedDataCache/0/4/2/TEXTURE_E01F4250BECD420DA9CE63B5EECEC2C2_OODLE_AUTODXT_11_02744C1843C1EC7A182B__518888E0910FA1264C1DACEB62FE18819814F88B.udd" 5126
"C:/Users/dws24/AppData/Local/UnrealEngine/Common/DerivedDataCache/9/4/0/TEXTURE_E01F4250BECD420DA9CE63B5EECEC2C2_OODLE_AUTODXT_11_02744C1843C1EC7A182B__E013705ED85BF37F535F7861EFCDA1E0A73F2F81.udd" 5127
"C:/Users/dws24/AppData/Local/UnrealEngine/Common/DerivedDataCache/5/2/4/TEXTURE_E01F4250BECD420DA9CE63B5EECEC2C2_OODLE_AUTODXT_11_02744C1843C1EC7A182B__7DE109571A4D6D15902149319AC5D7521F006E33.udd" 5128
"C:/Users/dws24/AppData/Local/UnrealEngine/Common/DerivedDataCache/5/3/6/TEXTURE_E01F4250BECD420DA9CE63B5EECEC2C2_OODLE_AUTODXT_11_2B573B4445F775B086E1__71B85AF7479D1E50BBE889B89C13526A6384BD53.udd" 5129
"C:/Users/dws24/AppData/Local/UnrealEngine/Common/DerivedDataCache/8/2/2/TEXTURE_E01F4250BECD420DA9CE63B5EECEC2C2_OODLE_AUTODXT_11_2B573B4445F775B086E1__FA6AC8A34FE2F0AD0B92292DAF2F933B56249B62.udd" 5130
"C:/Users/dws24/AppData/Local/UnrealEngine/Common/DerivedDataCache/7/2/4/TEXTURE_E01F4250BECD420DA9CE63B5EECEC2C2_OODLE_AUTODXT_11_2B573B4445F775B086E1__5A7E6E874D633AD649A2E2CE2536F03C7A27E5F9.udd" 5131
"C:/Users/dws24/AppData/Local/UnrealEngine/Common/DerivedDataCache/2/0/6/TEXTURE_E01F4250BECD420DA9CE63B5EECEC2C2_OODLE_AUTODXT_11_2B573B4445F775B086E1__353DF17F9135B8A863B719990D0981DE3BCA08C8.udd" 5132
"C:/Users/dws24/AppData/Local/UnrealEngine/Common/DerivedDataCache/2/2/7/TEXTURE_E01F4250BECD420DA9CE63B5EECEC2C2_OODLE_AUTODXT_11_64C55CA0469372611485__6132A3EB22375AB504D45A9F9A16A22CDBED1BE2.udd" 5133
"C:/Users/dws24/AppData/Local/UnrealEngine/Common/DerivedDataCache/7/9/1/TEXTURE_E01F4250BECD420DA9CE63B5EECEC2C2_OODLE_AUTODXT_11_64C55CA0469372611485__01D64081A2AE2879D58447A30C60C463B16026EC.udd" 5134
"C:/Users/dws24/AppData/Local/UnrealEngine/Common/DerivedDataCache/2/6/7/TEXTURE_E01F4250BECD420DA9CE63B5EECEC2C2_OODLE_AUTODXT_11_64C55CA0469372611485__FD435CD4B20E4E9257BC4847B62F8192C79C8552.udd" 5135
"C:/Users/dws24/AppData/Local/UnrealEngine/Common/DerivedDataCache/1/7/0/TEXTURE_E01F4250BECD420DA9CE63B5EECEC2C2_OODLE_AUTODXT_11_64C55CA0469372611485__E7538CA9D811C63A512769A57519433F3781EDCC.udd" 5136
"C:/Users/dws24/AppData/Local/UnrealEngine/Common/DerivedDataCache/4/1/8/TEXTURE_E01F4250BECD420DA9CE63B5EECEC2C2_OODLE_AUTODXT_11_7FD5F97043EA8E283115__158F8932D4370A724D7DB781BC4373B4B0F0B59C.udd" 5137
"C:/Users/dws24/AppData/Local/UnrealEngine/Common/DerivedDataCache/4/6/3/TEXTURE_E01F4250BECD420DA9CE63B5EECEC2C2_OODLE_AUTODXT_11_7FD5F97043EA8E283115__A765A12379891F52BDB670377C06116D31440061.udd" 5138
"C:/Users/dws24/AppData/Local/UnrealEngine/Common/DerivedDataCache/8/1/2/TEXTURE_E01F4250BECD420DA9CE63B5EECEC2C2_OODLE_AUTODXT_11_D3767EBC4D8C21BAD24C__A346AF0E44F0E4A7C6FB7E901846D88B29725805.udd" 5139
"C:/Users/dws24/AppData/Local/UnrealEngine/Common/DerivedDataCache/5/9/7/TEXTURE_E01F4250BECD420DA9CE63B5EECEC2C2_OODLE_AUTODXT_11_D3767EBC4D8C21BAD24C__50B8F0573DC305892A1605D96673EAB56E52063C.udd" 5140
"C:/Users/dws24/AppData/Local/UnrealEngine/Common/DerivedDataCache/8/6/5/TEXTURE_E01F4250BECD420DA9CE63B5EECEC2C2_OODLE_AUTODXT_11_D3767EBC4D8C21BAD24C__C052E9D9054A59D5FDAD644326A2B94E3CD0DAEA.udd" 5141
"C:/Users/dws24/AppData/Local/UnrealEngine/Common/DerivedDataCache/2/0/8/TEXTURE_E01F4250BECD420DA9CE63B5EECEC2C2_OODLE_AUTODXT_11_D3767EBC4D8C21BAD24C__B57A76CB3F9BEA4F5A7DB11030E3381019BBB641.udd" 5142
"C:/Users/dws24/AppData/Local/UnrealEngine/Common/DerivedDataCache/7/4/4/TEXTURE_E01F4250BECD420DA9CE63B5EECEC2C2_OODLE_AUTODXT_11_3C8AD9B0480B65A44643__5BBC5244E339BB1AE31E3BB1BBACA10D5A9E2B44.udd" 5143
"C:/Users/dws24/AppData/Local/UnrealEngine/Common/DerivedDataCache/2/2/4/TEXTURE_E01F4250BECD420DA9CE63B5EECEC2C2_OODLE_DXT1_11_DA125A8C43C1B0B19E6E07A__218F3572376E81723F5B264CB3F8F62229BE45CD.udd" 5144
"C:/Users/dws24/AppData/Local/UnrealEngine/Common/DerivedDataCache/1/6/3/TEXTURE_E01F4250BECD420DA9CE63B5EECEC2C2_OODLE_DXT1_11_99AD8F9E476EC0D9F7F9169__B773A1EBB7074E6EC26E256F4FA30693270BE8E7.udd" 5145
"C:/Users/dws24/AppData/Local/UnrealEngine/Common/DerivedDataCache/0/8/2/TEXTURE_E01F4250BECD420DA9CE63B5EECEC2C2_OODLE_AUTODXT_11_3C8AD9B0480B65A44643__0B0590896D63DFF7102DC445AF0FDC1817497A94.udd" 5146
"C:/Users/dws24/AppData/Local/UnrealEngine/Common/DerivedDataCache/6/1/3/TEXTURE_E01F4250BECD420DA9CE63B5EECEC2C2_OODLE_DXT1_11_69C0342D4E808B3384C94EA__2222151528C0A68A5CFD9E5795C2DC007B90C145.udd" 5147
"C:/Users/dws24/AppData/Local/UnrealEngine/Common/DerivedDataCache/4/3/8/TEXTURE_E01F4250BECD420DA9CE63B5EECEC2C2_OODLE_DXT1_11_FAAFFFE64CBA4F185D9DF78__BAFD87EBBF3AA66D79FF567FF937B5AC263B8FE6.udd" 5148
"C:/Users/dws24/AppData/Local/UnrealEngine/Common/DerivedDataCache/8/8/3/TEXTURE_E01F4250BECD420DA9CE63B5EECEC2C2_OODLE_DXT1_11_B18CA4464BCB767099ADB0A__439ED0B996B366DC381F8430BECB86A4BF6C2BD2.udd" 5149
"C:/Users/dws24/AppData/Local/UnrealEngine/Common/DerivedDataCache/2/4/6/TEXTURE_E01F4250BECD420DA9CE63B5EECEC2C2_OODLE_DXT1_11_4CBE30DF405500521AE0158__67668D95171269ED055A17C32930568E94673BF0.udd" 5150
"C:/Users/dws24/AppData/Local/UnrealEngine/Common/DerivedDataCache/8/1/7/TEXTURE_E01F4250BECD420DA9CE63B5EECEC2C2_OODLE_DXT1_11_FA9A350D400432EE7F8BD0B__5F606ABEEA8C74FA494FE1B63B3F8B3304D11F89.udd" 5151
"C:/Users/dws24/AppData/Local/UnrealEngine/Common/DerivedDataCache/1/9/5/TEXTURE_E01F4250BECD420DA9CE63B5EECEC2C2_OODLE_DXT1_11_BA8E20944F928AF444F2788__5EC368CB4004FABE443401EDC7319AF7C6B58CCF.udd" 5152
"C:/Users/dws24/AppData/Local/UnrealEngine/Common/DerivedDataCache/3/2/7/TEXTURE_E01F4250BECD420DA9CE63B5EECEC2C2_OODLE_DXT1_11_9C6EBBBA4887700F59D99CA__D585DD1F8EFF850CDDD6E260DF1A16B552FA3C7F.udd" 5153
"C:/Users/dws24/AppData/Local/UnrealEngine/Common/DerivedDataCache/1/7/7/TEXTURE_E01F4250BECD420DA9CE63B5EECEC2C2_OODLE_DXT1_11_C0BCD1D74856299805838FB__BFE80ED28CBC77F20694A43361F2753575AD7A50.udd" 5154
"C:/Users/dws24/AppData/Local/UnrealEngine/Common/DerivedDataCache/4/4/2/TEXTURE_E01F4250BECD420DA9CE63B5EECEC2C2_OODLE_DXT1_11_6F50853949321BE39A04688__845529FEA0234D07256C07CF618580D31060A7AF.udd" 5155
"C:/Users/dws24/AppData/Local/UnrealEngine/Common/DerivedDataCache/5/9/2/TEXTURE_E01F4250BECD420DA9CE63B5EECEC2C2_OODLE_DXT1_11_CAD710FB417C42D5D884B98__858D58BFF74A1346D3735BB3BFDF898B0B69DE50.udd" 5156
"C:/Users/dws24/AppData/Local/UnrealEngine/Common/DerivedDataCache/3/5/9/TEXTURE_E01F4250BECD420DA9CE63B5EECEC2C2_OODLE_DXT1_11_F6276A8349A7823B793E61A__794F6735F0E21079BB8DE4BB2AF9F43C586F9EAB.udd" 5157
"C:/Users/dws24/AppData/Local/UnrealEngine/Common/DerivedDataCache/9/4/7/TEXTURE_E01F4250BECD420DA9CE63B5EECEC2C2_OODLE_DXT1_11_35A01050470A4480E322629__4A5D47A5021670B01F431D7C032F219ED24D501B.udd" 5158
"C:/Users/dws24/AppData/Local/UnrealEngine/Common/DerivedDataCache/4/9/4/TEXTURE_E01F4250BECD420DA9CE63B5EECEC2C2_OODLE_DXT1_11_DA125A8C43C1B0B19E6E07A__3F157F13D6A16C63D236EE4EBD95E40BA904F795.udd" 5159
"C:/Users/dws24/AppData/Local/UnrealEngine/Common/DerivedDataCache/8/3/7/TEXTURE_E01F4250BECD420DA9CE63B5EECEC2C2_OODLE_DXT1_11_69C0342D4E808B3384C94EA__6E2F5BBA8767870DC1146D4B0C1E9FD55068EEEE.udd" 5160
"C:/Users/dws24/AppData/Local/UnrealEngine/Common/DerivedDataCache/8/5/7/TEXTURE_E01F4250BECD420DA9CE63B5EECEC2C2_OODLE_DXT1_11_DA125A8C43C1B0B19E6E07A__A63BA9E550B8329F5CF487E2AEE0BB47327114B5.udd" 5161
"C:/Users/dws24/AppData/Local/UnrealEngine/Common/DerivedDataCache/7/1/0/TEXTURE_E01F4250BECD420DA9CE63B5EECEC2C2_OODLE_DXT1_11_DA125A8C43C1B0B19E6E07A__F086B0CC5378B24D1615B5AF53E2523079AB7C1D.udd" 5162
"C:/Users/dws24/AppData/Local/UnrealEngine/Common/DerivedDataCache/7/0/1/TEXTURE_E01F4250BECD420DA9CE63B5EECEC2C2_OODLE_DXT1_11_FAAFFFE64CBA4F185D9DF78__25E6B3FE2795633D69122327542DA603413BD6DD.udd" 5163
"C:/Users/dws24/AppData/Local/UnrealEngine/Common/DerivedDataCache/3/8/8/TEXTURE_E01F4250BECD420DA9CE63B5EECEC2C2_OODLE_DXT1_11_B18CA4464BCB767099ADB0A__7341051B1B45BD2E0FCAC2F87257B3B6A1B4D891.udd" 5164
"C:/Users/dws24/AppData/Local/UnrealEngine/Common/DerivedDataCache/3/4/9/TEXTURE_E01F4250BECD420DA9CE63B5EECEC2C2_OODLE_DXT1_11_69C0342D4E808B3384C94EA__13A73FD1D88211826646CDD9598FB2E7EDC4D404.udd" 5165
"C:/Users/dws24/AppData/Local/UnrealEngine/Common/DerivedDataCache/7/4/4/TEXTURE_E01F4250BECD420DA9CE63B5EECEC2C2_OODLE_DXT1_11_69C0342D4E808B3384C94EA__08F288970A7D26FB84317FD9EFBF157A4054CC24.udd" 5166
"C:/Users/dws24/AppData/Local/UnrealEngine/Common/DerivedDataCache/0/1/6/TEXTURE_E01F4250BECD420DA9CE63B5EECEC2C2_OODLE_DXT1_11_FA9A350D400432EE7F8BD0B__97D4CD2C01447DE7345FA5D0AB413C1BBACB98B5.udd" 5167
"C:/Users/dws24/AppData/Local/UnrealEngine/Common/DerivedDataCache/6/9/6/TEXTURE_E01F4250BECD420DA9CE63B5EECEC2C2_OODLE_DXT1_11_8AB12CB048CDD1310326E19__3326E19E6A2502EDD48A132161B768569711E688.udd" 5168
"C:/Users/dws24/AppData/Local/UnrealEngine/Common/DerivedDataCache/4/2/7/TEXTURE_E01F4250BECD420DA9CE63B5EECEC2C2_OODLE_DXT1_11_4CBE30DF405500521AE0158__BDC0719F9EEE9EE684AA02D22E7E504BBC948F06.udd" 5169
"C:/Users/dws24/AppData/Local/UnrealEngine/Common/DerivedDataCache/7/0/9/TEXTURE_E01F4250BECD420DA9CE63B5EECEC2C2_OODLE_DXT1_11_FAAFFFE64CBA4F185D9DF78__1B22C8A8F422C8DCC53F32EBAD2B4C84DB13D77F.udd" 5170
"C:/Users/dws24/AppData/Local/UnrealEngine/Common/DerivedDataCache/0/1/3/TEXTURE_E01F4250BECD420DA9CE63B5EECEC2C2_OODLE_DXT1_11_99AD8F9E476EC0D9F7F9169__3B479F890E79746FA691EC2FAA8F0272A8681FDF.udd" 5171
"C:/Users/dws24/AppData/Local/UnrealEngine/Common/DerivedDataCache/7/6/7/TEXTURE_E01F4250BECD420DA9CE63B5EECEC2C2_OODLE_DXT1_11_306B188D4DE8A6AF3A055AA__F4F1598C90B972BDA41FF9D6E0DA99850F34BB4B.udd" 5172
"C:/Users/dws24/AppData/Local/UnrealEngine/Common/DerivedDataCache/3/3/6/TEXTURE_E01F4250BECD420DA9CE63B5EECEC2C2_OODLE_DXT1_11_BA8E20944F928AF444F2788__4018928AEDEA0FEDF2BE8DA473A75FE19D71653F.udd" 5173
"C:/Users/dws24/AppData/Local/UnrealEngine/Common/DerivedDataCache/7/7/9/TEXTURE_E01F4250BECD420DA9CE63B5EECEC2C2_OODLE_DXT1_11_F965A7514FBA3007AD577A8__9502A2E1A79715C46211046E62C8554C6D7A5886.udd" 5174
"C:/Users/dws24/AppData/Local/UnrealEngine/Common/DerivedDataCache/2/9/2/TEXTURE_E01F4250BECD420DA9CE63B5EECEC2C2_OODLE_DXT1_11_3165D2E343F4DDB44CD92CA__5DC3A47D38A23BEF1DC548131CE72166A6E6C64D.udd" 5175
"C:/Users/dws24/AppData/Local/UnrealEngine/Common/DerivedDataCache/4/7/3/TEXTURE_E01F4250BECD420DA9CE63B5EECEC2C2_OODLE_DXT1_11_87434FEC46A479413B5082A__F51AF49B55C6882AAEA6E4D56AC3513EF3D18F34.udd" 5176
"C:/Users/dws24/AppData/Local/UnrealEngine/Common/DerivedDataCache/6/9/4/TEXTURE_E01F4250BECD420DA9CE63B5EECEC2C2_OODLE_DXT1_11_7211787144A0A429B47C04B__F2A49EB9C18A9889C817FAE1688655200777840D.udd" 5177
"C:/Users/dws24/AppData/Local/UnrealEngine/Common/DerivedDataCache/1/0/8/TEXTURE_E01F4250BECD420DA9CE63B5EECEC2C2_OODLE_DXT1_11_2CE4F1524C85A88F2B080EA__50FBD988A22F650A7B64645A4830D9BF6F2C7319.udd" 5178
"C:/Users/dws24/AppData/Local/UnrealEngine/Common/DerivedDataCache/0/3/9/TEXTURE_E01F4250BECD420DA9CE63B5EECEC2C2_OODLE_DXT1_11_9EB0F347459318291B11859__8F4355BE88DDCEC33DC38A15A63784F2E86E6540.udd" 5179
"C:/Users/dws24/AppData/Local/UnrealEngine/Common/DerivedDataCache/2/3/7/TEXTURE_E01F4250BECD420DA9CE63B5EECEC2C2_OODLE_DXT1_11_6F50853949321BE39A04688__6AC1131A3B4B8166E33AF786F01128C8B1BBBD61.udd" 5180
"C:/Users/dws24/AppData/Local/UnrealEngine/Common/DerivedDataCache/2/1/6/TEXTURE_E01F4250BECD420DA9CE63B5EECEC2C2_OODLE_DXT1_11_C0BCD1D74856299805838FB__86E3CC93882F674F139BBDD8D34B89D848C36C8C.udd" 5181
"C:/Users/dws24/AppData/Local/UnrealEngine/Common/DerivedDataCache/2/6/8/TEXTURE_E01F4250BECD420DA9CE63B5EECEC2C2_OODLE_DXT1_11_9C6EBBBA4887700F59D99CA__882C9D785028D344416E7067A8B4BCE13222D877.udd" 5182
"C:/Users/dws24/AppData/Local/UnrealEngine/Common/DerivedDataCache/2/5/2/TEXTURE_E01F4250BECD420DA9CE63B5EECEC2C2_OODLE_DXT1_11_D221C95C4AC5BB06E6C39A9__9E470742EEDB0745D7CEB4A285090941287E48B0.udd" 5183
"C:/Users/dws24/AppData/Local/UnrealEngine/Common/DerivedDataCache/4/8/5/TEXTURE_E01F4250BECD420DA9CE63B5EECEC2C2_OODLE_DXT1_11_F6276A8349A7823B793E61A__A1BF3B433B738F0BEEE6D06AC1110FC86C65EC10.udd" 5184
"C:/Users/dws24/AppData/Local/UnrealEngine/Common/DerivedDataCache/5/1/6/TEXTURE_E01F4250BECD420DA9CE63B5EECEC2C2_OODLE_DXT1_11_D12BDA92446FE2F52BC6AE8__A4CAE423CD6092740C9F0D9303DF75B9F8A83800.udd" 5185
"C:/Users/dws24/AppData/Local/UnrealEngine/Common/DerivedDataCache/1/1/0/TEXTURE_E01F4250BECD420DA9CE63B5EECEC2C2_OODLE_DXT1_11_CAD710FB417C42D5D884B98__412524F25A5570E27A3446422499F188C2036B74.udd" 5186
"C:/Users/dws24/AppData/Local/UnrealEngine/Common/DerivedDataCache/6/4/4/TEXTURE_E01F4250BECD420DA9CE63B5EECEC2C2_OODLE_DXT1_11_6F50853949321BE39A04688__B3DB4B274A54F712B2E19D28AB2C2673A75455BE.udd" 5187
"C:/Users/dws24/AppData/Local/UnrealEngine/Common/DerivedDataCache/7/6/2/TEXTURE_E01F4250BECD420DA9CE63B5EECEC2C2_OODLE_DXT1_11_8D598F6D46F536D01EFA8E8__C903DC128CD018FF65943D2E79F7A0C418781FBB.udd" 5188
"C:/Users/dws24/AppData/Local/UnrealEngine/Common/DerivedDataCache/2/7/8/TEXTURE_E01F4250BECD420DA9CE63B5EECEC2C2_OODLE_DXT1_11_3165D2E343F4DDB44CD92CA__CA0A564575FC7F2C2301B8CB510CEE46B367AD6F.udd" 5189
"C:/Users/dws24/AppData/Local/UnrealEngine/Common/DerivedDataCache/1/1/8/TEXTURE_E01F4250BECD420DA9CE63B5EECEC2C2_OODLE_DXT1_11_DE44889041B56B72679D5FA__4937923FAD431FA2E8CA0DBAC684CAFF4052B38B.udd" 5190
"C:/Users/dws24/AppData/Local/UnrealEngine/Common/DerivedDataCache/7/9/2/TEXTURE_E01F4250BECD420DA9CE63B5EECEC2C2_OODLE_DXT1_11_87434FEC46A479413B5082A__686BE9CA5519B5B8053DA332DA70219DD27551CB.udd" 5191
"C:/Users/dws24/AppData/Local/UnrealEngine/Common/DerivedDataCache/0/5/3/TEXTURE_E01F4250BECD420DA9CE63B5EECEC2C2_OODLE_DXT1_11_C0BCD1D74856299805838FB__D73C76D45E0EB8A6B3CA9C3BFE50324C2FDD7416.udd" 5192
"C:/Users/dws24/AppData/Local/UnrealEngine/Common/DerivedDataCache/0/5/6/TEXTURE_E01F4250BECD420DA9CE63B5EECEC2C2_OODLE_DXT1_11_B9295D924E2A695BDE51738__BCEEDC0E08CF81F1E8B42C5BDDA0F0B8F17944E4.udd" 5193
"C:/Users/dws24/AppData/Local/UnrealEngine/Common/DerivedDataCache/4/6/3/TEXTURE_E01F4250BECD420DA9CE63B5EECEC2C2_OODLE_DXT1_11_7D15229D4172F73D45A1D68__AB80502EA637634CE59BB032309D4CA1F350DD68.udd" 5194
"C:/Users/dws24/AppData/Local/UnrealEngine/Common/DerivedDataCache/3/5/8/TEXTURE_E01F4250BECD420DA9CE63B5EECEC2C2_OODLE_DXT1_11_F965A7514FBA3007AD577A8__ACA505ECF278ED91CF5AD54FB4E62E42689080D5.udd" 5195
"C:/Users/dws24/AppData/Local/UnrealEngine/Common/DerivedDataCache/7/9/1/TEXTURE_E01F4250BECD420DA9CE63B5EECEC2C2_OODLE_DXT1_11_306B188D4DE8A6AF3A055AA__DD1F1BF1B0F6BF1C8C7E8342F7559484FDFA4A9C.udd" 5196
"C:/Users/dws24/AppData/Local/UnrealEngine/Common/DerivedDataCache/4/7/6/TEXTURE_E01F4250BECD420DA9CE63B5EECEC2C2_OODLE_AUTODXT_11_2ED8F01E4A5287C69ED5__4E17594C28F0A4337F1405B3BAE8A488585DAC8A.udd" 5197
"C:/Users/dws24/AppData/Local/UnrealEngine/Common/DerivedDataCache/3/4/4/TEXTURE_E01F4250BECD420DA9CE63B5EECEC2C2_OODLE_AUTODXT_11_2ED8F01E4A5287C69ED5__A6C723BACD9B38DFA0033B5E5E135845B5DC57E9.udd" 5198
"C:/Users/dws24/AppData/Local/UnrealEngine/Common/DerivedDataCache/0/9/5/TEXTURE_E01F4250BECD420DA9CE63B5EECEC2C2_OODLE_DXT1_11_9EB0F347459318291B11859__831C251CFD4D0466798283DF6928BEF985D005CD.udd" 5199
"C:/Users/dws24/AppData/Local/UnrealEngine/Common/DerivedDataCache/2/4/6/TEXTURE_E01F4250BECD420DA9CE63B5EECEC2C2_OODLE_AUTODXT_11_2ED8F01E4A5287C69ED5__DBA093B5F090D35BD8B36BC00388ECD6D1E6B21F.udd" 5200
"C:/Users/dws24/AppData/Local/UnrealEngine/Common/DerivedDataCache/3/3/9/TEXTURE_E01F4250BECD420DA9CE63B5EECEC2C2_OODLE_AUTODXT_11_2ED8F01E4A5287C69ED5__98E3C41635B71C04694CAE3B2E01A795C822F01E.udd" 5201
"C:/Users/dws24/AppData/Local/UnrealEngine/Common/DerivedDataCache/8/0/1/TEXTURE_E01F4250BECD420DA9CE63B5EECEC2C2_OODLE_AUTODXT_11_385D6CCF4BA1CB619E6E__733D6EDF8DB206A3D936B4C117B5EAED5F65DF2F.udd" 5202
"C:/Users/dws24/AppData/Local/UnrealEngine/Common/DerivedDataCache/9/4/9/TEXTURE_E01F4250BECD420DA9CE63B5EECEC2C2_OODLE_AUTODXT_11_385D6CCF4BA1CB619E6E__51B3C2B856CF8A4B3585F03CFA06AF2AD4E09AE3.udd" 5203
"C:/Users/dws24/AppData/Local/UnrealEngine/Common/DerivedDataCache/1/6/5/TEXTURE_E01F4250BECD420DA9CE63B5EECEC2C2_OODLE_AUTODXT_11_B6AAA0ED45D851E350CD__65C5860341CFAC687D8EE6DAD5E6246E1D63C6CB.udd" 5204
"C:/Users/dws24/AppData/Local/UnrealEngine/Common/DerivedDataCache/2/8/3/TEXTURE_E01F4250BECD420DA9CE63B5EECEC2C2_OODLE_AUTODXT_11_B6AAA0ED45D851E350CD__9F74650284939E3F7EEA9EECCCE8AB5BF6C8EC8D.udd" 5205
"C:/Users/dws24/AppData/Local/UnrealEngine/Common/DerivedDataCache/8/4/2/TEXTURE_E01F4250BECD420DA9CE63B5EECEC2C2_OODLE_AUTODXT_11_317871884E8977E286E8__DCAD85E7BEE065FBDB5463A367F6371FEFC3B73D.udd" 5206
"C:/Users/dws24/AppData/Local/UnrealEngine/Common/DerivedDataCache/0/4/5/TEXTURE_E01F4250BECD420DA9CE63B5EECEC2C2_OODLE_AUTODXT_11_B6AAA0ED45D851E350CD__BF4F329EFFB497921B765730ADC85F7288CB5688.udd" 5207
"C:/Users/dws24/AppData/Local/UnrealEngine/Common/DerivedDataCache/7/9/7/TEXTURE_E01F4250BECD420DA9CE63B5EECEC2C2_OODLE_AUTODXT_11_081A71ED434294A06F72__56785BB783C934B2312837429B4AD039ABC4E97F.udd" 5208
"C:/Users/dws24/AppData/Local/UnrealEngine/Common/DerivedDataCache/3/3/4/TEXTURE_E01F4250BECD420DA9CE63B5EECEC2C2_OODLE_AUTODXT_11_081A71ED434294A06F72__4B3801A61A42D450E091EF1D22A8C27BE7F4C8F7.udd" 5209
"C:/Users/dws24/AppData/Local/UnrealEngine/Common/DerivedDataCache/7/1/2/TEXTURE_E01F4250BECD420DA9CE63B5EECEC2C2_OODLE_AUTODXT_11_317871884E8977E286E8__47FCC4378039677835DE1658AC08ECC5A0505F3D.udd" 5210
"C:/Users/dws24/AppData/Local/UnrealEngine/Common/DerivedDataCache/1/5/5/TEXTURE_E01F4250BECD420DA9CE63B5EECEC2C2_OODLE_AUTODXT_11_626B5ABD46F5ACCB613E__55392116BE0A371DE68FABB853DB9143991E4287.udd" 5211
"C:/Users/dws24/AppData/Local/UnrealEngine/Common/DerivedDataCache/3/4/0/TEXTURE_E01F4250BECD420DA9CE63B5EECEC2C2_OODLE_AUTODXT_11_317871884E8977E286E8__24C1A7F397B167BF2129F136C4BB865A133DDE46.udd" 5212
"C:/Users/dws24/AppData/Local/UnrealEngine/Common/DerivedDataCache/4/5/7/TEXTURE_E01F4250BECD420DA9CE63B5EECEC2C2_OODLE_AUTODXT_11_317871884E8977E286E8__1DF9E7715EFEAB092FD83EC89F11C0B9ED9E3F29.udd" 5213
"C:/Users/dws24/AppData/Local/UnrealEngine/Common/DerivedDataCache/2/3/4/TEXTURE_E01F4250BECD420DA9CE63B5EECEC2C2_OODLE_AUTODXT_11_07537CFE4B2D38EB9A57__AE7C1633A00DF542A2D9347A23C054BF43742058.udd" 5214
"C:/Users/dws24/AppData/Local/UnrealEngine/Common/DerivedDataCache/3/5/0/TEXTURE_E01F4250BECD420DA9CE63B5EECEC2C2_OODLE_DXT1_11_9EB0F347459318291B11859__5C375837B24949B09AEC6FA2AFB769719150D9AC.udd" 5215
"C:/Users/dws24/AppData/Local/UnrealEngine/Common/DerivedDataCache/6/3/1/TEXTURE_E01F4250BECD420DA9CE63B5EECEC2C2_OODLE_AUTODXT_11_07537CFE4B2D38EB9A57__06ED56C67B9EC86A4E000E2760857EF65BCF6B85.udd" 5216
"C:/Users/dws24/AppData/Local/UnrealEngine/Common/DerivedDataCache/4/0/3/TEXTURE_E01F4250BECD420DA9CE63B5EECEC2C2_OODLE_AUTODXT_11_2D2B16F34A0E3A6D4420__42A3880952B7476585A28897FAF1179A96578E91.udd" 5217
"C:/Users/dws24/AppData/Local/UnrealEngine/Common/DerivedDataCache/3/2/6/TEXTURE_E01F4250BECD420DA9CE63B5EECEC2C2_OODLE_AUTODXT_11_2D2B16F34A0E3A6D4420__3B224F1D077CE9CBD1252758F25CA8146C5ACD3C.udd" 5218
"C:/Users/dws24/AppData/Local/UnrealEngine/Common/DerivedDataCache/6/1/2/TEXTURE_E01F4250BECD420DA9CE63B5EECEC2C2_OODLE_AUTODXT_11_5832DE734466951208E0__CA4F6DFE6B80F87609F1FEC4971F17AE1E97B75E.udd" 5219
"C:/Users/dws24/AppData/Local/UnrealEngine/Common/DerivedDataCache/2/5/0/TEXTURE_E01F4250BECD420DA9CE63B5EECEC2C2_OODLE_AUTODXT_11_5832DE734466951208E0__5F5437A78A8485343F6E4741A9BFD4A4D1032340.udd" 5220
"C:/Users/dws24/AppData/Local/UnrealEngine/Common/DerivedDataCache/7/6/6/TEXTURE_E01F4250BECD420DA9CE63B5EECEC2C2_OODLE_DXT1_11_D12BDA92446FE2F52BC6AE8__A3706F8705D665137AD92ED5C5BD91301C5903C5.udd" 5221
"C:/Users/dws24/AppData/Local/UnrealEngine/Common/DerivedDataCache/6/7/1/TEXTURE_E01F4250BECD420DA9CE63B5EECEC2C2_OODLE_AUTODXT_11_A5DDBF0F44BF5BED5A5C__5601E5372FB6B2E44C3FF83583176A1D68EB6198.udd" 5222
"C:/Users/dws24/AppData/Local/UnrealEngine/Common/DerivedDataCache/0/4/4/TEXTURE_E01F4250BECD420DA9CE63B5EECEC2C2_OODLE_AUTODXT_11_A5DDBF0F44BF5BED5A5C__8EE30CA3F5BEF4F1FEFC61D9583AB68492EFEDF3.udd" 5223
"C:/Users/dws24/AppData/Local/UnrealEngine/Common/DerivedDataCache/2/3/1/TEXTURE_E01F4250BECD420DA9CE63B5EECEC2C2_OODLE_AUTODXT_11_A5DDBF0F44BF5BED5A5C__59CE948693F4EFA3B82593069198451EECF967A4.udd" 5224
"C:/Users/dws24/AppData/Local/UnrealEngine/Common/DerivedDataCache/2/4/5/TEXTURE_E01F4250BECD420DA9CE63B5EECEC2C2_OODLE_AUTODXT_11_02DC385345D638C7BCBE__31CB10C2F400CB69A7B1D5B5B1F67EAF18E30BDC.udd" 5225
"C:/Users/dws24/AppData/Local/UnrealEngine/Common/DerivedDataCache/6/9/1/TEXTURE_E01F4250BECD420DA9CE63B5EECEC2C2_OODLE_AUTODXT_11_02DC385345D638C7BCBE__B75E77D6ACC39A98E25B390B88EC1D8A029EF015.udd" 5226
"C:/Users/dws24/AppData/Local/UnrealEngine/Common/DerivedDataCache/1/3/6/TEXTURE_E01F4250BECD420DA9CE63B5EECEC2C2_OODLE_AUTODXT_11_02DC385345D638C7BCBE__F7F70B465E6C336CC9E0E59FA3ECBADCCAF82939.udd" 5227
"C:/Users/dws24/AppData/Local/UnrealEngine/Common/DerivedDataCache/7/5/8/TEXTURE_E01F4250BECD420DA9CE63B5EECEC2C2_OODLE_AUTODXT_11_560369694046E02E7246__38F40019C446D5CB67A89E7BAFBD0DCDC61DD25E.udd" 5228
"C:/Users/dws24/AppData/Local/UnrealEngine/Common/DerivedDataCache/2/9/0/TEXTURE_E01F4250BECD420DA9CE63B5EECEC2C2_OODLE_AUTODXT_11_560369694046E02E7246__909F1AB936286635CD45AF07FD29B6CA944FFEBE.udd" 5229
"C:/Users/dws24/AppData/Local/UnrealEngine/Common/DerivedDataCache/6/7/3/TEXTURE_E01F4250BECD420DA9CE63B5EECEC2C2_OODLE_DXT1_11_8AB12CB048CDD1310326E19__43F8DAF5267544DA6D28576AB0E7A33C629BB794.udd" 5230
"C:/Users/dws24/AppData/Local/UnrealEngine/Common/DerivedDataCache/9/0/7/TEXTURE_E01F4250BECD420DA9CE63B5EECEC2C2_OODLE_AUTODXT_11_560369694046E02E7246__961E20E4EBDA72CD672F2C6EC33771BF59B2C4B3.udd" 5231
"C:/Users/dws24/AppData/Local/UnrealEngine/Common/DerivedDataCache/8/2/8/TEXTURE_E01F4250BECD420DA9CE63B5EECEC2C2_OODLE_DXT1_11_D221C95C4AC5BB06E6C39A9__C419AF2DE31A39C9F9BC15E16CEC915D62BB0044.udd" 5232
"C:/Users/dws24/AppData/Local/UnrealEngine/Common/DerivedDataCache/7/3/1/TEXTURE_E01F4250BECD420DA9CE63B5EECEC2C2_OODLE_AUTODXT_11_560369694046E02E7246__E33BE557F5702401ADB34F54709CEF1DEBFA28B0.udd" 5233
"C:/Users/dws24/AppData/Local/UnrealEngine/Common/DerivedDataCache/0/8/1/TEXTURE_E01F4250BECD420DA9CE63B5EECEC2C2_OODLE_DXT1_11_8AB12CB048CDD1310326E19__E0E0D6305AD8827F288DA35D9DCBE0132B6E0196.udd" 5234
"C:/Users/dws24/AppData/Local/UnrealEngine/Common/DerivedDataCache/2/7/7/TEXTURE_E01F4250BECD420DA9CE63B5EECEC2C2_OODLE_DXT1_11_9EB0F347459318291B11859__81E5F98111EEBAD4AE15F06AB8EC215647029235.udd" 5235
"C:/Users/dws24/AppData/Local/UnrealEngine/Common/DerivedDataCache/0/2/7/TEXTURE_E01F4250BECD420DA9CE63B5EECEC2C2_OODLE_AUTODXT_11_2247A6F349C2C2B192C0__AA5544E0CF36B5D2CEBEF4C167DFE21D8EEAE038.udd" 5236
"C:/Users/dws24/AppData/Local/UnrealEngine/Common/DerivedDataCache/3/1/0/TEXTURE_E01F4250BECD420DA9CE63B5EECEC2C2_OODLE_DXT1_11_B9295D924E2A695BDE51738__83E8C42D84A9381F8DFB21665F067E5FCA029480.udd" 5237
"C:/Users/dws24/AppData/Local/UnrealEngine/Common/DerivedDataCache/2/0/7/TEXTURE_E01F4250BECD420DA9CE63B5EECEC2C2_OODLE_AUTODXT_11_2247A6F349C2C2B192C0__05256378574985EF99375A725E2504D5199744BE.udd" 5238
"C:/Users/dws24/AppData/Local/UnrealEngine/Common/DerivedDataCache/1/5/7/TEXTURE_E01F4250BECD420DA9CE63B5EECEC2C2_OODLE_AUTODXT_11_A79C48A54E110C8365F9__B8A7C0D37C19243D9EA44D6DFF60C131048197AE.udd" 5239
"C:/Users/dws24/AppData/Local/UnrealEngine/Common/DerivedDataCache/6/2/8/TEXTURE_E01F4250BECD420DA9CE63B5EECEC2C2_OODLE_AUTODXT_11_522F2CC044B5C9A38A38__B0BD986577653CB02E205302BA3FD306C54D2891.udd" 5240
"C:/Users/dws24/AppData/Local/UnrealEngine/Common/DerivedDataCache/3/3/2/TEXTURE_E01F4250BECD420DA9CE63B5EECEC2C2_OODLE_AUTODXT_11_522F2CC044B5C9A38A38__CF15C1ACA0042F98A984E119EB009A61FE1E5F0E.udd" 5241
"C:/Users/dws24/AppData/Local/UnrealEngine/Common/DerivedDataCache/4/8/5/TEXTURE_E01F4250BECD420DA9CE63B5EECEC2C2_OODLE_AUTODXT_11_A79C48A54E110C8365F9__AB629C66CAE9ED17FCD73DB238C5ACDAEB6177C4.udd" 5242
"C:/Users/dws24/AppData/Local/UnrealEngine/Common/DerivedDataCache/6/7/6/TEXTURE_E01F4250BECD420DA9CE63B5EECEC2C2_OODLE_AUTODXT_11_9CD0C80147FB7C492E22__190AA05E0CE483BAC829403B36CF90C9F06AF672.udd" 5243
"C:/Users/dws24/AppData/Local/UnrealEngine/Common/DerivedDataCache/3/0/7/TEXTURE_E01F4250BECD420DA9CE63B5EECEC2C2_OODLE_AUTODXT_11_522F2CC044B5C9A38A38__A7690DC3B082C6ABE0F1E68337F6E3226E8E3D92.udd" 5244
"C:/Users/dws24/AppData/Local/UnrealEngine/Common/DerivedDataCache/5/8/6/TEXTURE_E01F4250BECD420DA9CE63B5EECEC2C2_OODLE_AUTODXT_11_A79C48A54E110C8365F9__B3EBD0E4D51CC90C3E060E5820D0568D5460618B.udd" 5245
"C:/Users/dws24/AppData/Local/UnrealEngine/Common/DerivedDataCache/2/1/6/TEXTURE_E01F4250BECD420DA9CE63B5EECEC2C2_OODLE_AUTODXT_11_B19B890C47C5878E154C__812E078084C76F54152579AA1024FA40F5A42160.udd" 5246
"C:/Users/dws24/AppData/Local/UnrealEngine/Common/DerivedDataCache/5/2/5/TEXTURE_E01F4250BECD420DA9CE63B5EECEC2C2_OODLE_AUTODXT_11_964C7132411F3FFDECB1__4B868061F544B9CDFD7E4DA2080A333400932500.udd" 5247
"C:/Users/dws24/AppData/Local/UnrealEngine/Common/DerivedDataCache/2/5/1/TEXTURE_E01F4250BECD420DA9CE63B5EECEC2C2_OODLE_AUTODXT_11_B19B890C47C5878E154C__CB6B78700BDAEBA411169DF25A17048846C2342C.udd" 5248
"C:/Users/dws24/AppData/Local/UnrealEngine/Common/DerivedDataCache/3/9/0/TEXTURE_E01F4250BECD420DA9CE63B5EECEC2C2_OODLE_AUTODXT_11_9CD0C80147FB7C492E22__7943CF0101198B8E5AE1D2739824949863285344.udd" 5249
"C:/Users/dws24/AppData/Local/UnrealEngine/Common/DerivedDataCache/5/2/6/TEXTURE_E01F4250BECD420DA9CE63B5EECEC2C2_OODLE_AUTODXT_11_964C7132411F3FFDECB1__C313BDB22DC614DA8CD78565D52F1249C9FD46A8.udd" 5250
"C:/Users/dws24/AppData/Local/UnrealEngine/Common/DerivedDataCache/6/3/0/TEXTURE_E01F4250BECD420DA9CE63B5EECEC2C2_OODLE_AUTODXT_11_8ED4637844574589E00C__D1811051C9BAAF100E18A2F41D1ACF75B0ABFCE7.udd" 5251
"C:/Users/dws24/AppData/Local/UnrealEngine/Common/DerivedDataCache/8/5/2/TEXTURE_E01F4250BECD420DA9CE63B5EECEC2C2_OODLE_AUTODXT_11_48797964406E097C3C7A__E2F6A521D529A62B21AC39EEC0BBFB103483E61E.udd" 5252
"C:/Users/dws24/AppData/Local/UnrealEngine/Common/DerivedDataCache/2/5/6/TEXTURE_E01F4250BECD420DA9CE63B5EECEC2C2_OODLE_AUTODXT_11_8ED4637844574589E00C__DEA91B6BDBEC9DC086A703E5FBC9AC62C0A55503.udd" 5253
"C:/Users/dws24/AppData/Local/UnrealEngine/Common/DerivedDataCache/6/6/1/TEXTURE_E01F4250BECD420DA9CE63B5EECEC2C2_OODLE_AUTODXT_11_48797964406E097C3C7A__7C53935B205DDD3FEB563C24D0036F79BBD1D0A4.udd" 5254
"C:/Users/dws24/AppData/Local/UnrealEngine/Common/DerivedDataCache/4/4/2/TEXTURE_E01F4250BECD420DA9CE63B5EECEC2C2_OODLE_DXT1_11_D12BDA92446FE2F52BC6AE8__485E16BB4536A223C99FC6F5C05FE380231BD194.udd" 5255
"C:/Users/dws24/AppData/Local/UnrealEngine/Common/DerivedDataCache/4/9/1/TEXTURE_E01F4250BECD420DA9CE63B5EECEC2C2_OODLE_DXT1_11_7D15229D4172F73D45A1D68__CECE5DB42DC435E02E5BBB24B84B098508CEFC7C.udd" 5256
"C:/Users/dws24/AppData/Local/UnrealEngine/Common/DerivedDataCache/1/9/5/TEXTURE_E01F4250BECD420DA9CE63B5EECEC2C2_OODLE_AUTODXT_11_DE13F6D14167E5EB69E7__A5454E33A74CE5CD10A4E0597269332406D93D3B.udd" 5257
"C:/Users/dws24/AppData/Local/UnrealEngine/Common/DerivedDataCache/0/7/7/TEXTURE_E01F4250BECD420DA9CE63B5EECEC2C2_OODLE_AUTODXT_11_ED8A5ECF4511C05D820D__A21756738647B6427E049350C3ED52CF2C2169A5.udd" 5258
"C:/Users/dws24/AppData/Local/UnrealEngine/Common/DerivedDataCache/9/6/2/TEXTURE_E01F4250BECD420DA9CE63B5EECEC2C2_OODLE_AUTODXT_11_73D1FFF64D1399B615D4__74D4C8B4294309ACC1CE6E3769A67D662F428836.udd" 5259
"C:/Users/dws24/AppData/Local/UnrealEngine/Common/DerivedDataCache/1/2/7/TEXTURE_E01F4250BECD420DA9CE63B5EECEC2C2_OODLE_AUTODXT_11_ED8A5ECF4511C05D820D__4C6FB131320C16DF35E961493040A360094B2B19.udd" 5260
"C:/Users/dws24/AppData/Local/UnrealEngine/Common/DerivedDataCache/8/9/1/TEXTURE_E01F4250BECD420DA9CE63B5EECEC2C2_OODLE_AUTODXT_11_73D1FFF64D1399B615D4__AB18734863CCF574874F388EACE1F7D7E0D7DDD5.udd" 5261
"C:/Users/dws24/AppData/Local/UnrealEngine/Common/DerivedDataCache/2/6/4/TEXTURE_E01F4250BECD420DA9CE63B5EECEC2C2_OODLE_DXT1_11_D221C95C4AC5BB06E6C39A9__173648B63D2DCEE234A5DCAE0985182AD70B4307.udd" 5262
"C:/Users/dws24/AppData/Local/UnrealEngine/Common/DerivedDataCache/2/5/9/TEXTURE_E01F4250BECD420DA9CE63B5EECEC2C2_OODLE_AUTODXT_11_32B52ECA477004742F78__0ED09017AF9DCC83569145570A6D55FEBDA498B5.udd" 5263
"C:/Users/dws24/AppData/Local/UnrealEngine/Common/DerivedDataCache/1/7/8/TEXTURE_E01F4250BECD420DA9CE63B5EECEC2C2_OODLE_AUTODXT_11_32B52ECA477004742F78__B6315751380C22380E281BF66FD795C581F82B85.udd" 5264
"C:/Users/dws24/AppData/Local/UnrealEngine/Common/DerivedDataCache/9/6/7/TEXTURE_E01F4250BECD420DA9CE63B5EECEC2C2_OODLE_AUTODXT_11_ED8A5ECF4511C05D820D__9109584CC94215680062327EBC5153D8D2F9EB67.udd" 5265
"C:/Users/dws24/AppData/Local/UnrealEngine/Common/DerivedDataCache/6/1/3/TEXTURE_E01F4250BECD420DA9CE63B5EECEC2C2_OODLE_AUTODXT_11_73D1FFF64D1399B615D4__95A886532CBBCA0F914E632731CC004E250EBF06.udd" 5266
"C:/Users/dws24/AppData/Local/UnrealEngine/Common/DerivedDataCache/8/7/3/TEXTURE_E01F4250BECD420DA9CE63B5EECEC2C2_OODLE_AUTODXT_11_ED8A5ECF4511C05D820D__6F600C365C7417C37D4193B427F89B66661792E9.udd" 5267
"C:/Users/dws24/AppData/Local/UnrealEngine/Common/DerivedDataCache/3/6/4/TEXTURE_E01F4250BECD420DA9CE63B5EECEC2C2_OODLE_AUTODXT_11_73D1FFF64D1399B615D4__0328A561C3566378E880F2227AD4690DBD864F6D.udd" 5268
"C:/Users/dws24/AppData/Local/UnrealEngine/Common/DerivedDataCache/7/8/8/TEXTURE_E01F4250BECD420DA9CE63B5EECEC2C2_OODLE_AUTODXT_11_32B52ECA477004742F78__6AF514D37F3DBA1AC2973082A82750E6738B0EA3.udd" 5269
"C:/Users/dws24/AppData/Local/UnrealEngine/Common/DerivedDataCache/7/9/2/TEXTURE_E01F4250BECD420DA9CE63B5EECEC2C2_OODLE_AUTODXT_11_34E0D52A4D7723E99101__2F1E8AA24B1E44E64F5DFF10CCF86FD15517F864.udd" 5270
"C:/Users/dws24/AppData/Local/UnrealEngine/Common/DerivedDataCache/5/5/9/TEXTURE_E01F4250BECD420DA9CE63B5EECEC2C2_OODLE_AUTODXT_11_32B52ECA477004742F78__F1C1F75CAE86031385B7CE27812D5239F73AC313.udd" 5271
"C:/Users/dws24/AppData/Local/UnrealEngine/Common/DerivedDataCache/9/1/7/TEXTURE_E01F4250BECD420DA9CE63B5EECEC2C2_OODLE_AUTODXT_11_5C2157784E2311D4179E__E86956B4FDBB8C967D510C62B95758D56FB6D2A5.udd" 5272
"C:/Users/dws24/AppData/Local/UnrealEngine/Common/DerivedDataCache/2/1/1/TEXTURE_E01F4250BECD420DA9CE63B5EECEC2C2_OODLE_AUTODXT_11_34E0D52A4D7723E99101__51127092EA2BB34DE0DF6261433A5DACDB1F3365.udd" 5273
"C:/Users/dws24/AppData/Local/UnrealEngine/Common/DerivedDataCache/9/1/0/TEXTURE_E01F4250BECD420DA9CE63B5EECEC2C2_OODLE_AUTODXT_11_A1F309D8418CFEC42F49__DA4DD94FE7CB02DB58D0C9352072FF404105127F.udd" 5274
"C:/Users/dws24/AppData/Local/UnrealEngine/Common/DerivedDataCache/8/0/7/TEXTURE_E01F4250BECD420DA9CE63B5EECEC2C2_OODLE_DXT1_11_8D598F6D46F536D01EFA8E8__D2FBDE3B6721517D2D60C41162ADFE8C869AB109.udd" 5275
"C:/Users/dws24/AppData/Local/UnrealEngine/Common/DerivedDataCache/6/7/5/TEXTURE_E01F4250BECD420DA9CE63B5EECEC2C2_OODLE_AUTODXT_11_A1F309D8418CFEC42F49__7158B387D8B6D86C9F007E0FC0D052C6FEDE00BE.udd" 5276
"C:/Users/dws24/AppData/Local/UnrealEngine/Common/DerivedDataCache/0/0/2/TEXTURE_E01F4250BECD420DA9CE63B5EECEC2C2_OODLE_AUTODXT_11_34E0D52A4D7723E99101__9F3B81E3DE983D0D2AEE977C49EA01BC7F65DA42.udd" 5277
"C:/Users/dws24/AppData/Local/UnrealEngine/Common/DerivedDataCache/8/5/9/TEXTURE_E01F4250BECD420DA9CE63B5EECEC2C2_OODLE_AUTODXT_11_98E82D2344F1E23F9000__9C42029962C09C2FF44374079FFDC93058121F9D.udd" 5278
"C:/Users/dws24/AppData/Local/UnrealEngine/Common/DerivedDataCache/1/7/4/TEXTURE_E01F4250BECD420DA9CE63B5EECEC2C2_OODLE_AUTODXT_11_34E0D52A4D7723E99101__8B48629BC4FB7848B4F59D90C5C9D8C97F958B78.udd" 5279
"C:/Users/dws24/AppData/Local/UnrealEngine/Common/DerivedDataCache/1/3/1/TEXTURE_E01F4250BECD420DA9CE63B5EECEC2C2_OODLE_AUTODXT_11_98E82D2344F1E23F9000__7A967D9CFB186FA9B0FAF97B948DC5C9F9F27ED8.udd" 5280
"C:/Users/dws24/AppData/Local/UnrealEngine/Common/DerivedDataCache/7/8/6/TEXTURE_E01F4250BECD420DA9CE63B5EECEC2C2_OODLE_AUTODXT_11_5C2157784E2311D4179E__B577EB05F2CAF7B9D4D7B770374164813097C477.udd" 5281
"C:/Users/dws24/AppData/Local/UnrealEngine/Common/DerivedDataCache/2/8/0/TEXTURE_E01F4250BECD420DA9CE63B5EECEC2C2_OODLE_AUTODXT_11_98E82D2344F1E23F9000__95A4E1139916BCEA89750A39D8C3F20B8856F0B8.udd" 5282
"C:/Users/dws24/AppData/Local/UnrealEngine/Common/DerivedDataCache/8/7/7/TEXTURE_E01F4250BECD420DA9CE63B5EECEC2C2_OODLE_AUTODXT_11_5C2157784E2311D4179E__234D0214EBE7DBF5A7CD7DCAA531AF00B8A0102F.udd" 5283
"C:/Users/dws24/AppData/Local/UnrealEngine/Common/DerivedDataCache/2/8/1/TEXTURE_E01F4250BECD420DA9CE63B5EECEC2C2_OODLE_AUTODXT_11_98E82D2344F1E23F9000__2FF1105E5CF04A74BE8313E15DFC94D89B440929.udd" 5284
"C:/Users/dws24/AppData/Local/UnrealEngine/Common/DerivedDataCache/5/3/8/TEXTURE_E01F4250BECD420DA9CE63B5EECEC2C2_OODLE_AUTODXT_11_5C2157784E2311D4179E__5697C694E8199DE4AA5415213E075507B4DE309C.udd" 5285
"C:/Users/dws24/AppData/Local/UnrealEngine/Common/DerivedDataCache/2/0/8/TEXTURE_E01F4250BECD420DA9CE63B5EECEC2C2_OODLE_DXT1_11_8D598F6D46F536D01EFA8E8__A77877BC6F1B843F9288AF72C9F2DDC598128979.udd" 5286
"C:/Users/dws24/AppData/Local/UnrealEngine/Common/DerivedDataCache/5/3/2/TEXTURE_E01F4250BECD420DA9CE63B5EECEC2C2_OODLE_DXT1_11_8D598F6D46F536D01EFA8E8__3B426C166F23FC15B70C3C7361F7584CCD4E2EF1.udd" 5287
"C:/Users/dws24/AppData/Local/UnrealEngine/Common/DerivedDataCache/7/7/4/TEXTURE_E01F4250BECD420DA9CE63B5EECEC2C2_OODLE_DXT1_11_DE44889041B56B72679D5FA__CAB4494D876D7E450F3A369536928BA86D8F90AD.udd" 5288
"C:/Users/dws24/AppData/Local/UnrealEngine/Common/DerivedDataCache/8/0/1/TEXTURE_E01F4250BECD420DA9CE63B5EECEC2C2_OODLE_DXT1_11_7211787144A0A429B47C04B__7A13B1F0C65373380AAB6EF3C41B6F34266AB493.udd" 5289
"C:/Users/dws24/AppData/Local/UnrealEngine/Common/DerivedDataCache/9/0/6/TEXTURE_E01F4250BECD420DA9CE63B5EECEC2C2_OODLE_DXT1_11_306B188D4DE8A6AF3A055AA__E26224C72DB8311E8217D8128FD693A0DED59619.udd" 5290
"C:/Users/dws24/AppData/Local/UnrealEngine/Common/DerivedDataCache/6/6/7/TEXTURE_E01F4250BECD420DA9CE63B5EECEC2C2_OODLE_DXT1_11_DE44889041B56B72679D5FA__A670FCB3BC3795307D5E891F996EF21ADE76ECAB.udd" 5291
"C:/Users/dws24/AppData/Local/UnrealEngine/Common/DerivedDataCache/5/3/0/TEXTURE_E01F4250BECD420DA9CE63B5EECEC2C2_OODLE_DXT1_11_D221C95C4AC5BB06E6C39A9__BBBF395E1961DAD12CAC2C862986620AA66BB4F2.udd" 5292
"C:/Users/dws24/AppData/Local/UnrealEngine/Common/DerivedDataCache/6/5/7/TEXTURE_E01F4250BECD420DA9CE63B5EECEC2C2_OODLE_AUTODXT_11_626B5ABD46F5ACCB613E__C25A4C9F50E5A8DC2FD9EFFAE226AE25762D436C.udd" 5293
"C:/Users/dws24/AppData/Local/UnrealEngine/Common/DerivedDataCache/8/2/5/TEXTURE_E01F4250BECD420DA9CE63B5EECEC2C2_OODLE_DXT1_11_4CBE30DF405500521AE0158__C100CDC5872993AF8D6525CACAAF966FA9F1843A.udd" 5294
"C:/Users/dws24/AppData/Local/UnrealEngine/Common/DerivedDataCache/9/6/9/TEXTURE_E01F4250BECD420DA9CE63B5EECEC2C2_OODLE_DXT1_11_7D15229D4172F73D45A1D68__1962A01C17663BDA14085AA207EAE41E4EAFD30E.udd" 5295
"C:/Users/dws24/AppData/Local/UnrealEngine/Common/DerivedDataCache/9/2/9/TEXTURE_E01F4250BECD420DA9CE63B5EECEC2C2_OODLE_AUTODXT_11_626B5ABD46F5ACCB613E__607023D0F7B7F517D5B1258500AE1ECB49768489.udd" 5296
"C:/Users/dws24/AppData/Local/UnrealEngine/Common/DerivedDataCache/7/6/9/TEXTURE_E01F4250BECD420DA9CE63B5EECEC2C2_OODLE_DXT1_11_D12BDA92446FE2F52BC6AE8__EA4F2B95682F95BC4D82B6ED37B3D5F2A2C95862.udd" 5297
"C:/Users/dws24/AppData/Local/UnrealEngine/Common/DerivedDataCache/2/3/1/TEXTURE_E01F4250BECD420DA9CE63B5EECEC2C2_OODLE_AUTODXT_11_626B5ABD46F5ACCB613E__B060A6DFEA85E21F08B7DF68622F810537B6A1AE.udd" 5298
"C:/Users/dws24/AppData/Local/UnrealEngine/Common/DerivedDataCache/4/5/5/TEXTURE_E01F4250BECD420DA9CE63B5EECEC2C2_OODLE_DXT1_11_DE44889041B56B72679D5FA__4A090C5E7B423A810E882EB5926B2EBF431349A6.udd" 5299
"C:/Users/dws24/AppData/Local/UnrealEngine/Common/DerivedDataCache/5/7/1/TEXTURE_E01F4250BECD420DA9CE63B5EECEC2C2_OODLE_DXT1_11_7D15229D4172F73D45A1D68__2A07CEDBCEE7095BFA2E7D2E42216EF01ED80480.udd" 5300
"C:/Users/dws24/AppData/Local/UnrealEngine/Common/DerivedDataCache/6/4/8/TEXTURE_E01F4250BECD420DA9CE63B5EECEC2C2_OODLE_DXT1_11_35A01050470A4480E322629__D7002876DE194F8F03EB92DAA95BD3AB5D61A437.udd" 5301
"C:/Users/dws24/AppData/Local/UnrealEngine/Common/DerivedDataCache/3/0/8/TEXTURE_E01F4250BECD420DA9CE63B5EECEC2C2_OODLE_DXT1_11_35A01050470A4480E322629__55BB724C21EA7A7C78D5B5CB506B9FF8D23A3C98.udd" 5302
"C:/Users/dws24/AppData/Local/UnrealEngine/Common/DerivedDataCache/5/9/5/TEXTURE_E01F4250BECD420DA9CE63B5EECEC2C2_OODLE_DXT1_11_4CBE30DF405500521AE0158__54CBE853FAE63D3E03EC473D5146945E8F94A9C8.udd" 5303
"C:/Users/dws24/AppData/Local/UnrealEngine/Common/DerivedDataCache/7/1/3/TEXTURE_E01F4250BECD420DA9CE63B5EECEC2C2_OODLE_DXT1_11_35A01050470A4480E322629__40F6DF9A86FE369A67D99A8F9AF2A3FDC59A931D.udd" 5304
"C:/Users/dws24/AppData/Local/UnrealEngine/Common/DerivedDataCache/0/4/9/TEXTURE_E01F4250BECD420DA9CE63B5EECEC2C2_OODLE_AUTODXT_11_C83D07F44BE21CEAAAB1__537C15AEBCF9AEF0D3092665B70F1C8B121E4498.udd" 5305
"C:/Users/dws24/AppData/Local/UnrealEngine/Common/DerivedDataCache/0/6/6/TEXTURE_E01F4250BECD420DA9CE63B5EECEC2C2_OODLE_AUTODXT_11_C83D07F44BE21CEAAAB1__36F99C1507AD18A2BF42737202DB57B509C67AB5.udd" 5306
"C:/Users/dws24/AppData/Local/UnrealEngine/Common/DerivedDataCache/5/3/8/TEXTURE_E01F4250BECD420DA9CE63B5EECEC2C2_OODLE_AUTODXT_11_C83D07F44BE21CEAAAB1__11099AF18DE3B9FBCDA19791F7C04A481CC1EE80.udd" 5307
"C:/Users/dws24/AppData/Local/UnrealEngine/Common/DerivedDataCache/6/1/9/TEXTURE_E01F4250BECD420DA9CE63B5EECEC2C2_OODLE_AUTODXT_11_C83D07F44BE21CEAAAB1__79C9BED8FD49B9E21A539BA5187590C92B5EF92E.udd" 5308
"C:/Users/dws24/AppData/Local/UnrealEngine/Common/DerivedDataCache/8/2/7/TEXTURE_E01F4250BECD420DA9CE63B5EECEC2C2_OODLE_AUTODXT_11_C83D07F44BE21CEAAAB1__9B061A96D0DF0A89D496D271390F1A7AAE2FE02F.udd" 5309
"C:/Users/dws24/AppData/Local/UnrealEngine/Common/DerivedDataCache/0/7/4/MATSM_0BA69734E4FD45E082FA4560DBE25454_PCD3D_SM5_8__BC5N_NOCCBN_NOIRIS_DEV_SL___E45B039112D9D0969F4E8B902FDCFA0B21A1065F.udd" 5310
"C:/Users/dws24/AppData/Local/UnrealEngine/Common/DerivedDataCache/6/2/4/TEXTURE_E01F4250BECD420DA9CE63B5EECEC2C2_OODLE_AUTODXT_11_AFD78AD7462C75FB05FC__C45A2FACB4F270F8E5D03DEF0049731144573B40.udd" 5311
"C:/Users/dws24/AppData/Local/UnrealEngine/Common/DerivedDataCache/2/4/8/TEXTURE_E01F4250BECD420DA9CE63B5EECEC2C2_OODLE_AUTODXT_11_AFD78AD7462C75FB05FC__364FACF96672A9C2E78C34948A965F70E455FD7F.udd" 5312
"C:/Users/dws24/AppData/Local/UnrealEngine/Common/DerivedDataCache/7/2/0/TEXTURE_E01F4250BECD420DA9CE63B5EECEC2C2_OODLE_AUTODXT_11_AFD78AD7462C75FB05FC__B1EA5ED702255DA273FD0BE682F39E3DB9E64199.udd" 5313
"C:/Users/dws24/AppData/Local/UnrealEngine/Common/DerivedDataCache/4/8/0/TEXTURE_E01F4250BECD420DA9CE63B5EECEC2C2_OODLE_AUTODXT_11_AFD78AD7462C75FB05FC__88FE719F7BF1DFF8C802D691F84566DE74B0F008.udd" 5314
"C:/Users/dws24/AppData/Local/UnrealEngine/Common/DerivedDataCache/7/6/3/TEXTURE_E01F4250BECD420DA9CE63B5EECEC2C2_OODLE_AUTODXT_11_AFD78AD7462C75FB05FC__F616D1A63D3C4450BCE46E36A5A28B77A0684E90.udd" 5315
"C:/Users/dws24/AppData/Local/UnrealEngine/Common/DerivedDataCache/7/8/4/MATSM_0BA69734E4FD45E082FA4560DBE25454_PCD3D_SM5_8__BC5N_NOCCBN_NOIRIS_DEV_SL___FBA5A365D959DC50FFB2F9DCAE926C4B6D85FF4A.udd" 5316
"C:/Users/dws24/AppData/Local/UnrealEngine/Common/DerivedDataCache/9/1/6/PHYSX_A08609EF508D460CBB6710540B03AACF_PHYSXPC_BCF4A6B541A210D31F595E88A19BB48__FFB18FAD133864A5335C0A4D359B85A31FF16391.udd" 5317
"C:/Users/dws24/AppData/Local/UnrealEngine/Common/DerivedDataCache/4/1/7/PHYSX_A08609EF508D460CBB6710540B03AACF_PHYSXPC_BCF4A6B541A210D31F595E88A19BB48__B8322F8898962E3D146BDBDD4680C6C95C9C1BBA.udd" 5318
"C:/Users/dws24/AppData/Local/UnrealEngine/Common/DerivedDataCache/3/6/4/PHYSX_A08609EF508D460CBB6710540B03AACF_PHYSXPC_BCF4A6B541A210D31F595E88A19BB48__0A9550B6C06B145DC826D21028503C701493E1B9.udd" 5319
"C:/Users/dws24/AppData/Local/UnrealEngine/Common/DerivedDataCache/4/8/7/PHYSX_A08609EF508D460CBB6710540B03AACF_PHYSXPC_BCF4A6B541A210D31F595E88A19BB48__5C69F9A7830466241BBB49DC8515D59B37557606.udd" 5320
"C:/Users/dws24/AppData/Local/UnrealEngine/Common/DerivedDataCache/8/0/5/TEXTURE_E01F4250BECD420DA9CE63B5EECEC2C2_BGRA8_2D2FC76148F94B4777A38998EDBB089__8878F517CFFD8C78926E3A9E3ABDC6F6BE7B4271.udd" 5321
"C:/Users/dws24/AppData/Local/UnrealEngine/Common/DerivedDataCache/7/6/0/TEXTURE_E01F4250BECD420DA9CE63B5EECEC2C2_BGRA8_A9B0E41345004499E2E595A22640EC2__C96748C2E9FA1E77EC74E1AF6B40825019EE70A5.udd" 5322
"C:/Users/dws24/AppData/Local/UnrealEngine/Common/DerivedDataCache/9/1/5/MATSM_0BA69734E4FD45E082FA4560DBE25454_PCD3D_SM5_8__BC5N_NOCCBN_NOIRIS_DEV_SL___368C9CDC3F71AFE96B9CEAE5D8D3DE516ABB5022.udd" 5323
"C:/Users/dws24/AppData/Local/UnrealEngine/Common/DerivedDataCache/9/1/8/STATICMESH_9CE2B6FB46754B699726C4AA1515F12E_228332BAE0224DD294E232B87D83948FQU__57D229D28E27F0581C5623550CEF2F2FFF126B27.udd" 5324
"C:/Users/dws24/AppData/Local/UnrealEngine/Common/DerivedDataCache/8/1/5/PHYSX_A08609EF508D460CBB6710540B03AACF_PHYSXPC_6A6568784AB6AFCA73951FACF0A6D54__EFF4D83826F57C725FF6E6C2A3AA72D9A72E17C5.udd" 5325
"C:/Users/dws24/AppData/Local/UnrealEngine/Common/DerivedDataCache/8/8/8/NAVCOLLISION_2983273BE5D6425391E8C0B3D1C0A55D_NAVCOLLISION_X_6A6568784AB6AFCA7__F50665310EFFC8D1A3B956C09499E790B2B45E10.udd" 5326
"C:/Users/dws24/AppData/Local/UnrealEngine/Common/DerivedDataCache/8/0/7/PHYSX_A08609EF508D460CBB6710540B03AACF_PHYSXPC_0F924BDA4771E8B102596ABD61DCFA0__D53FB5924806C244509D1D195BFD1872B1161743.udd" 5327
"C:/Users/dws24/AppData/Local/UnrealEngine/Common/DerivedDataCache/7/4/1/PHYSX_A08609EF508D460CBB6710540B03AACF_PHYSXPC_0F924BDA4771E8B102596ABD61DCFA0__2C73D8BBBF32FECB03A8871616F2A63C17439E60.udd" 5328
"C:/Users/dws24/AppData/Local/UnrealEngine/Common/DerivedDataCache/5/6/4/MATSM_0BA69734E4FD45E082FA4560DBE25454_PCD3D_SM5_8__BC5N_NOCCBN_NOIRIS_DEV_SL___BA05B766E976C2DF36F2C35943544BC929D16A2D.udd" 5329
"C:/Users/dws24/AppData/Local/UnrealEngine/Common/DerivedDataCache/3/9/8/MATSM_0BA69734E4FD45E082FA4560DBE25454_PCD3D_SM5_8__BC5N_NOCCBN_NOIRIS_DEV_SL___42DA6CBA42F75C3C84E3EA79CAC819C518083B18.udd" 5330
